# 3D point list with one line of data per point:
#   POINT3D_ID, X, Y, Z, R, G, B, ERROR, TRACK[] as (IMAGE_ID, POINT2D_IDX)
# Number of points: 5234, mean track length: 6.8781047000382118
5859 0.40272378924195451 -0.75587305562030704 8.8659756101439964 13 46 65 0.16234303510762815 33 615 34 494 35 817 36 842
5852 0.28652625050539193 -2.7168545188480517 8.1281464795849949 66 69 62 1.2561974101822553 33 554 35 782 36 791
5847 1.135725636993028 -2.7417530065219013 7.0881010618568547 57 62 55 0.37680115719459351 33 540 34 441 35 768 36 510
5845 3.9419602128339393 0.78439749550618376 6.5323754833146639 71 74 67 0.32443792011548916 34 429 35 755 36 996
5842 2.3200480426673145 1.1684118523056206 6.3954090041921052 63 44 40 0.046824516500685559 33 513 35 730 36 746
5835 1.386690140094855 1.1617984601719877 6.4307626499974582 92 71 70 0.29429856310222763 32 396 35 682 36 678 34 372
5785 -0.052024815771430477 0.78252530606423798 7.0701129349793934 37 30 41 0.27941272849106169 31 291 33 134 35 159
5782 0.81992303993446558 -0.8823847577907421 9.0458225439272972 87 86 91 0.3083761589081267 33 366 34 268 35 77 36 102
5780 -1.548183570349289 -0.70251176708847929 8.7763655159263738 67 80 99 0.1828614844927752 34 25 35 44 33 337 36 68
5773 -1.8390206012256267 -1.8637008886117101 11.11038143105935 151 152 156 0.9054407364121575 31 1394 32 1125 33 1204 34 1089
5759 -1.6276578668926698 -3.634133066844047 8.690708206283805 19 20 25 1.0290417504177816 31 1280 33 896 34 888
5746 -0.2909731087506861 0.81586061260546983 7.0142601226437238 25 34 40 0.28670905678341729 31 831 32 585 34 541 36 897
5745 -0.2909731087506861 0.81586061260546983 7.0142601226437238 25 34 40 0.28670905678341729 31 830 32 584 34 540 36 896
5744 -0.43159379363263023 0.75987820058558786 7.1111043916553038 25 34 39 0.14487110961768601 32 578 34 536 36 889
5734 5.7374927290028523 -0.92091643876174023 2.5649090797774456 50 53 60 0.31204361328934171 33 106 34 339
5733 -0.14674904874822575 0.80385839613106691 7.034642345812574 63 67 76 0.28032613588749916 32 117 34 330 35 616
5717 0.30519584335567962 0.85659582761874264 6.8604974020403633 26 31 37 0.17790136067881268 32 128 34 84 36 197
5706 0.79895877519715952 0.86182901521688393 7.8672560446921649 162 166 169 1.2225102894107236 32 1118 34 1101 35 1503 36 1488
5705 -1.0999307478331477 -1.3480686204026529 9.5522673079474707 156 157 159 1.8287600966386566 32 1069 33 1194 34 1058 34 1076 31 1338 35 1486 36 1475
5704 -1.4707873193945724 -2.432696867369406 10.527067252483992 121 124 129 0.88783883192142421 31 1372 32 1114 33 1193 34 1075 35 1479 36 1468
5700 -2.0161276845545495 -0.84404893781381829 9.0139447097288041 42 52 63 0.51457062631757733 31 1356 33 1177 34 1059 35 1464 36 1456
5695 -1.2998594557017946 -2.454986945664809 10.37000015768967 121 126 130 0.081725889910778851 32 1064 33 1151 34 1028
5694 1.0465551979576748 -3.1728665318490821 7.6680662243987596 172 168 160 0.63743500794368457 31 1333 32 1083 33 1146 34 1022 35 1434 36 1421
5689 0.68099990739674132 -0.63682357504845877 9.1193970027343774 152 131 122 0.15071087618432319 32 1034 33 1111 34 998 35 1397 36 1396
5675 2.1402748223279469 0.93822910812175697 6.9193722508740825 53 55 67 0.12466242450949752 32 924 33 1002 34 863 35 1259
5673 1.9487296230363502 0.91302728714065939 6.8527843835005129 139 129 140 0.073764966640061908 32 916 33 996 34 855 36 1272
5669 2.2882240156115361 -0.041826517659833362 8.5384266717422221 120 127 126 0.21344785110183637 31 1034 33 975 34 840
5666 2.2153952958857337 -0.36294057094248205 8.303027536659755 27 33 31 0.52493103464011859 31 1020 32 739 33 965 34 828 35 1080 36 1106
5659 -0.99444345363212694 -0.9107525023996671 9.4055912855097734 23 38 38 0.19334599755571641 31 986 33 936 34 804 35 1198 36 1216
5658 -0.93368512257803293 -1.2127019364491836 9.1699383941761567 60 64 63 0.43471735638146231 31 972 32 855 33 926 34 795 35 1191 36 1206
5656 -1.3340680840648251 -1.9602475137999051 10.694730077422294 138 142 145 0.26025475324751224 31 1222 33 922 35 1189 36 1205
5645 0.056215629141954659 0.76827683086574228 7.0520174913947971 27 34 42 0.3170767353880915 31 1030 33 832 34 702 35 1079 36 1102
5626 2.4789900187793665 0.9369654573498436 6.9293791792799269 80 50 52 0.476664540356382 31 894 33 721 35 948 36 961
5618 1.8526428492969886 0.86383855967031586 6.834064890314381 160 148 160 0.21567619583010544 32 603 33 692 34 563 35 904 36 934
5617 1.3685090050995075 1.0339395757708192 6.7492169564389677 155 116 119 0.44786580677863835 32 764 33 688 34 558 35 901
5613 -0.85067975724791345 0.73604883817498223 7.2245315919991064 62 69 74 0.59348448067716464 31 569 33 638 34 524 35 841
5600 -1.9408287819025598 -0.94851342221400803 8.8917769661523014 71 74 79 0.54102587312237482 31 738 33 572 34 794 32 854 35 788 36 806
5594 1.8878557694301894 0.98534768595929145 6.6617119949506458 126 113 123 0.36713353983515462 32 409 33 469 34 382 35 262 36 285
5584 1.2085193645309595 0.14355632289400713 8.6297126908115569 61 56 52 0.20771681851912221 31 582 33 427 34 342 35 640 36 652
5580 -0.37155109636034178 0.79035453348406648 7.0636265954587945 53 60 68 0.10197643579338898 32 364 33 415 36 628 35 606
5555 1.9022771475418478 1.0789768452753092 6.5110562658205708 117 107 116 0.96317142236168996 31 367 33 199 34 133
5553 1.7345532343364174 1.1786064852741562 6.3822234744837321 98 89 90 0.20144258615493071 32 191 33 197 34 131 35 277 36 295
5547 0.80938367200970329 0.78330912745449954 7.0453228104359518 51 54 61 0.066082928795940521 33 159 34 93 35 205 36 222
5532 1.9703145290000212 0.99276859903296311 6.7942103737787907 72 63 71 1.2950641245167789 27 727 28 942 30 993 31 1266 32 997 23 1077 25 692 24 1363 29 468 33 1078 34 961 35 1350 36 1346
5520 2.6949359683271483 0.65324088621007759 7.2032667552350675 50 55 49 0.41421466027549658 31 1268 32 1000
5516 2.1725899262319137 1.2130768693072089 6.3196587184341162 111 82 78 0.19624450393210024 31 1193 32 931 33 1011 34 873 35 1268 36 1284
5505 -0.83023169385723006 -0.29992553005376754 7.7864097418355476 23 27 36 1.0158217441030388 29 501 32 869 33 786 34 916 36 1222
5499 2.0927368350125426 1.192789322540512 6.3621528493598554 35 21 20 0.10740576788870686 31 1074 32 803 33 1010 34 871 35 1266 36 1156
5484 1.5698058388076528 -2.7061940144382546 7.3854824822303549 98 89 77 0.52491393746620685 31 1107 32 678 33 548 34 447 35 481 36 28
5479 2.0760565840031946 0.92357319254140946 6.9162833876630696 111 114 123 0.063118636083273838 31 870 32 619 33 704
5459 0.32748848246576845 0.86607155516735379 6.8939382799262834 53 56 61 0.2045685118997298 31 593 32 375 33 435 34 345 35 648 36 654
5453 1.7589092747300628 -2.273481817427506 7.4613360226737155 75 86 78 0.35743769748353155 26 41 31 474 32 294
5442 2.2025160589724035 0.93132170075902554 6.9420613324232194 85 93 98 0.21159853701954007 30 285 32 189 33 210 34 144 35 290
5436 1.9939359351667991 0.90189612583359691 6.9878604507178741 62 60 73 0.29597123032731876 31 627 32 168 34 126 35 261
5435 1.3446039739735078 1.1828556780826172 6.3834639090525815 39 27 27 0.316632407759808 28 236 32 165 33 184
5433 1.8778413232133859 0.85256454984093866 6.9096775762478542 89 79 87 0.25167127964288083 31 340 32 161 33 183
5429 0.078452820018392377 -1.0401260708928342 9.527393479187781 122 123 117 0.30395666084367967 21 741 30 126 32 54
5420 1.8140452337717368 0.82906387869985765 6.8656045523032452 121 111 122 1.4287013636035029 29 465 31 1323 32 1048 33 1163 34 1043 36 1436
5419 0.86666283737363881 -0.42828282330413481 9.0744455255527665 23 41 42 0.64949400582931627 29 505 31 1308 32 1037 33 1060 34 930 35 1322 36 1330
5409 2.5279826704276438 0.90941619649346961 6.9951431326716813 70 48 56 0.32394486618281793 30 738 31 1068 32 641 33 722 34 594 35 950 36 963
5408 2.056446601120641 1.1333135470247431 6.4856193925551286 62 39 31 0.21530140552830007 29 289 31 1067 32 797 33 881 34 748 35 1132 36 1150
5394 1.4890382848019068 1.1003582324584387 6.5591086126570524 52 32 31 0.30396807413881904 30 711 31 863 32 612 33 693 34 564 35 906 36 935
5388 -0.42875231333854824 -2.745893018505686 9.420121111661425 31 45 48 0.09854468283607086 27 647 31 734 33 570
5367 0.66271516769629513 -0.69201904357923394 9.0517900358129992 133 93 72 0.3804367245863432 30 163 31 533 32 80 33 83 35 560 36 582
5366 0.38763533537715067 -0.80437854886501092 8.800632354195427 16 30 31 0.50786118115139001 30 640 31 522 32 536 33 612 35 67
5363 -2.0735279869266336 -0.99921158387190967 9.1009924702495582 98 105 98 1.4113857398385072 30 612 31 480 32 35 34 645 35 787 36 805
5361 2.4694940659870239 1.0463130778808121 6.6791497232952528 56 40 40 0.21034738371510131 30 321 31 402 32 236 33 254 34 183 35 343 36 364
5347 0.48874211671157697 -0.82503354060211098 8.8799375010334103 123 135 137 0.28178759223828936 30 146 31 187 32 65 33 65 34 262 35 69 36 93
5342 -1.3345087762018077 -1.397915126504067 9.8345553349892754 172 176 182 1.2060044477382692 21 719 24 567 23 134 25 829 24 1126 26 451 29 490 27 1083 28 1009
5341 -1.7540412685942193 -4.0626446282257369 8.7380405295745369 43 77 107 1.1386302977046181 27 1246 30 1164 17 2090 14 2375 13 2194 16 2057 15 2065 17 2056 18 1962 14 2349 20 1822 8 2323 11 2219 10 2340 9 2274 7 2075 7 2103 19 1649 21 1898 22 1661 24 1655 23 1749 25 1295 26 1420 28 1239 29 566
5339 -0.72332497767311132 -3.4393494310130253 8.7746633598908641 114 114 112 0.34495011779829016 12 1193 19 766 29 81 16 752 8 788 15 738 17 763 18 644 14 848 20 616 13 729 11 732 10 814 9 705 7 660 6 645 21 674 22 525 5 496 3 16 4 480 2 14 1 12 24 514 23 624 25 351 26 670 27 616 28 657 30 567 31 691
5332 1.0170807213691408 -0.42239725972539433 8.4512697788197197 40 35 43 1.2887253357855544 27 1228 29 594
5328 2.17931967767265 1.1001239651152384 6.632094437650796 73 43 45 0.22830816337399901 28 1203 29 527
5327 2.1664787624054198 0.97535006690960091 6.833781154383364 33 40 47 0.53429716750686329 30 1122 29 522 31 1328 32 1051 33 1133 34 1013 35 1424 36 1414
5321 0.38468858156213637 -0.80211472732196054 8.8864634406471179 29 60 71 0.35551622865354893 30 1105 29 445 31 1300 32 1030 33 1108 34 994 35 1392 36 1390
5319 1.2215717527837255 -1.2539794118405512 8.4834293137138861 165 174 173 0.59777182803023576 30 1045 29 437 31 1232 32 1027
5318 -1.5077079281659733 -2.7263356771817726 9.1672329503349523 72 66 63 0.49401592406899275 30 946 29 425 31 1110 32 844 33 916 34 788
5300 1.4614317808496944 -0.45678718560967868 8.8123122961937437 75 76 78 0.55834822015529217 30 665 29 130 32 734 31 1015
5286 2.2902372675511433 1.1085050979214413 6.5694992240154466 33 22 26 0.38809220794690347 28 1064 30 1004 29 395 31 1192 32 930 33 1087 35 1361 36 1358
5268 2.0583198192775369 1.0400932260049944 6.7115418352004728 138 113 121 0.41415155108815266 28 948 30 730 31 881 32 788 33 873 35 1127 36 949 36 1143
5248 0.74486602590505979 -0.7200308314385192 9.13427881179196 114 151 152 0.23346864583758928 28 499 30 467 31 534
5238 1.1918307039130345 0.85209424473080719 7.1443271575639189 157 161 162 1.0597735729771596 26 215 27 168 30 230
5232 0.73534903093456527 -0.79972234384579455 9.1345784366469243 70 80 92 0.52212741133930696 28 498 30 159 31 202 32 78 33 78 35 90 36 106
5217 1.0891635806477495 -0.018640213704519834 8.7258676348929978 139 137 138 1.2458241416545481 27 1236 28 1248 29 596
5209 1.5144359220338774 0.93483325430095676 6.8908380510986262 94 46 49 0.79440336234971953 27 1242 28 1190 30 1119 29 514
5197 -1.0672339924578429 -3.8165783931232249 8.214235649962367 44 67 82 0.4606341770546386 27 945 28 979 30 772 29 308
5193 2.1235858206217229 1.1201554444425481 6.4949664978715553 123 98 92 0.071373320137662732 27 906 28 956 30 906
5189 1.2190637541791491 1.1208331555566202 6.5459374101497652 131 103 92 0.57655475094885456 27 891 28 932 30 870 29 268 31 1172 32 766 33 991 34 723 35 1106 36 1262
5174 -1.3844511660003438 -3.661792486130182 8.7545663328131145 24 26 26 0.28032201444017629 27 326 28 652 31 12
5161 -0.46575875539453099 -1.0988350649797631 9.5402118151376865 94 101 105 0.17582735455861789 27 80 28 464 30 427
5149 -1.6731005157946131 2.5917682759137453 6.3538002883447477 48 27 10 0.29573168565979824 27 267 28 286
5132 -1.4317587471523439 -2.8040025432052453 9.1610105487948594 157 143 140 0.44848864300418695 19 779 25 372 16 100 8 831 15 769 17 95 18 684 14 882 20 88 13 763 11 769 12 1220 10 857 9 751 7 700 22 69 5 49 6 81 3 546 4 507 2 551 1 51 1 625 24 541 23 653 26 435
5127 -0.67764092043579105 -3.4652919345404189 8.7733847209436799 175 171 169 0.87161886372468178 5 6 1 10 26 7 24 31 27 334 18 641 25 349
5119 -0.66599876803717162 -3.2057640871818167 8.9107096757108586 146 149 144 0.33123408816434163 23 1716 27 1216 28 1212 30 1139
5113 -2.4564741492178888 1.4540155792757479 6.8461134746864056 112 118 118 0.23722776568015716 22 938 27 1028
5096 2.2451044896059891 0.98214902104096091 6.8058835949977698 43 48 57 0.34249629391474856 26 809 27 736 29 151 28 776
5094 -1.725820989860217 0.25556677124382737 8.4190110451127627 95 98 105 0.82638314112007016 25 660 27 695 28 507
5088 2.3466860814781847 1.0253291331228485 6.7611830068302865 110 82 87 0.45526611140834616 23 812 26 819 27 518 24 698
5087 2.056561939295765 1.0831018272673711 6.606513867003537 116 98 108 0.48924958626215431 25 208 27 517 28 579 30 521 29 18 32 425 34 157
5086 1.3076291011025649 0.95414608587168392 6.8608017244399964 0 0 0 0.097114436968935569 24 251 25 478
5085 2.3053385277142002 0.9440660229376493 6.918745070918451 126 128 135 0.11970100849663591 23 327 27 504
5084 1.3595083549739431 0.90945375937509543 6.9411610797147221 132 139 148 0.089621457486134176 25 472 27 482
5083 -1.8326105324660436 -0.25702279016249507 8.2559700113809775 129 96 91 0.94277722595309887 4 878 27 435
5082 0.30283901559875737 -0.77752810069327849 8.8670999093139322 129 134 140 0.87257710603929428 26 103 27 428 28 893
5081 -1.467149969732461 -0.51602459665165579 8.2227290899472489 45 58 74 0.56333706948177276 26 487 27 420 28 479 30 631
5080 -0.35266348889383226 -1.1481164307219736 9.713864474032663 49 59 61 0.47200365177977738 23 156 26 74 27 403
5079 -1.5982377936818124 -2.6973901299414726 9.2025273943636705 69 67 70 0.39968226943023255 26 699 27 371 28 68 30 388 31 83 33 24 35 23
5078 1.5468154370722753 -2.5035244045491911 7.570270130950032 59 46 38 0.68054955284591456 23 82 26 692 27 364 24 540
5077 -1.0575698830128395 -3.0304865482587253 8.9426898743300338 98 104 101 0.81141519394164663 26 428 27 359 28 396 30 51
5076 -0.82934344781303337 -3.4459755058421369 8.6665560965902735 128 129 116 0.71992945973203792 11 20 25 11 27 332 30 355
5073 0.061216095444500129 1.7272888546984539 4.0645458984834466 105 89 74 2.6316203038997799 26 630 27 266
5072 1.7489412492910175 1.2497803416717033 6.2275494845029042 92 99 109 0.2105252137077655 25 230 27 234 28 283 30 305 31 379 32 204 33 219 34 393 35 706 36 308
5070 1.7590079535247969 1.1909917658679126 6.3568863237767825 158 157 163 0.4398297732757534 26 284 27 218 30 297 31 642 32 419 31 884
5069 2.4045107353491364 1.034647563085938 6.7207587654333691 98 72 75 0.48939080587714739 26 271 27 216 28 588 31 663
5068 2.3803591658828203 1.0385559935462108 6.6957733150637022 71 50 53 0.6654649822751062 26 269 27 215 28 793 30 747 32 644 34 601 35 955 33 728 36 968
5067 2.3971855881452369 1.0171370047754831 6.7595946300984373 79 41 44 0.39460281085679172 26 266 27 213 28 586 30 533 31 661 32 642 33 725 34 599 35 953 36 964
5066 1.6946606099050543 1.147672382738953 6.4670622500340462 114 107 114 0.30284181008507499 25 209 27 211 28 252 30 509 31 632 32 623
5065 2.0328059738615472 0.97359343619614214 6.8424391923921046 78 72 80 0.28451488749773174 26 246 27 195 28 239 30 278
5064 2.2346496707265957 0.90870169252077371 6.9922106063847531 77 87 99 0.26751548636576628 26 238 27 192 28 240 30 281 29 69 31 365 33 212 32 188 36 307
5063 2.1067328691605813 0.93061511368463357 6.9392447845109402 56 64 75 0.19308992481254661 25 183 27 191 28 235 30 274 32 178 33 481 34 388 35 698 36 299
5062 2.1183323068343238 0.88533530026637119 7.0402631790398509 119 128 136 0.31010678111772305 25 178 27 183 28 224 31 628 32 410
5061 -0.55392358456603774 0.82308189412530108 6.9152484813630073 97 106 115 0.19417706018756145 24 237 27 153 28 181
5060 -0.23043138965033488 -0.95595049143665756 9.3443975085703013 89 93 94 0.20776418168270464 26 92 27 92 30 439
5059 -0.023684524517185612 -1.2687285662610357 10.07479567985709 119 134 141 0.24118828158146674 26 73 27 78 28 100 30 108
5058 -0.55802073705578803 -1.239795870299063 9.6820813476528436 36 44 57 0.27920718339527878 25 66 27 77 28 93 30 96 31 498 32 41 33 336 34 24 35 43 36 537
5057 -0.59974849287626231 -1.652916615278917 10.259341919507259 59 67 70 0.21447167027747249 23 678 27 66 28 433
5056 -0.56633295216217139 -2.9832215157455289 9.1384459111540011 70 81 86 0.04690141638426383 22 62 27 39
5055 -0.56561968433167875 -3.2182006665461111 9.0043134860236425 77 86 93 0.22149919058610382 6 47 27 30 30 46
5054 -0.63333817311854812 -3.4737741274372418 8.8021964525611871 88 88 90 0.15720455193041297 4 6 27 18 30 14
5052 -0.88507231536476361 0.77129501496443598 7.2180287617693768 59 71 85 0.15750229186126219 25 458 26 538
5051 -0.63630315833284401 -2.7770046917660962 9.2574337478988262 133 149 150 0.6621651882480597 14 1308 13 1141 11 1127 10 1259 9 755 7 1056 5 530 2 552 26 441 16 111 8 81 14 106 20 96 4 54 24 69 23 93 25 378 28 72 30 391 35 498 36 524
5050 1.4655126384642569 1.1131297768036221 6.5117736671533271 63 48 49 0.3722655815158758 16 1207 15 1228 17 1232 18 1117 20 1032 19 845 21 1117 22 940 26 816 23 1083 24 976 25 698
5049 -0.41451202844903307 -3.9984813954495015 8.7188645642913336 106 89 70 0.72009502028164352 12 1672 9 1644 7 1493 26 1120 18 1430 19 1125 22 1207 24 1285
5048 1.0740876572893949 -1.1652673366776471 8.4995186509174889 189 192 197 1.0977799092072726 25 1349 26 1451 27 1295 28 1274 29 625
5047 1.0588222254934467 1.0293746899533911 6.5724755784336848 194 197 202 1.6634362495375155 25 1341 26 1442 27 1286 28 1278
5046 -1.2583137711319834 -1.7276822135160317 10.379726180063992 179 183 187 1.2316728997638673 23 1776 24 1661 25 1325 26 1426 27 1282 28 1271 30 1195
5045 2.3908974743092051 1.2661990704177479 6.0959616574357796 44 59 69 1.5344327500623103 25 1317 26 1412 30 1206 28 1266 29 618
5044 1.154936864499096 -0.71097645737646131 9.1149426058693326 73 93 94 0.47408289352422966 25 1306 26 1402 27 1256 29 551
5043 -1.2404172030767939 -0.50237002585852275 8.025798612651899 60 74 89 0.8938574298104548 24 1636 25 1305 26 1401 27 1254 28 1220 29 547
5042 -2.1389217083964049 2.7908730438553144 7.5648468243150662 25 27 35 0.59378550817078113 23 1744 24 1650 26 1383
5041 2.2613603761889056 1.173110279614725 6.3847840883544036 147 127 121 0.78397119877233334 25 1285 26 1381 27 1261 28 1252 30 1191 29 579 31 1379 32 1107 33 1203 34 1086 35 1484
5040 1.2545708690480346 0.12680036170874734 8.6791690330160094 70 50 51 1.3770654007749861 24 1568 25 1280 26 1375 27 1185 28 1185 30 1154 29 557 31 1317 32 1077 33 1159 34 1038
5039 2.3716638088956064 1.1035269341218257 6.520010475529455 61 51 56 0.39177163769079132 25 1235 26 1341 27 1197 28 1235
5038 2.2453047291131676 1.041135091533635 6.7008063286292856 188 151 159 0.75056603286383405 25 1231 26 1337 27 1193 28 1201 30 1162 29 563 31 1350 32 1095 33 1190 34 1073 35 1473 36 1462
5037 -2.1450189030116409 -1.11208201259748 9.1893100603209614 90 95 98 0.34092263646981208 25 1127 26 1310 28 1107
5036 -0.12608284100504025 -3.2717163134161105 9.6036693382221685 50 56 62 1.5823859712548645 25 1008 26 1306 27 1217
5035 -0.74452254157605147 2.778987967766291 5.932823525078855 186 154 103 0.093207158651166661 25 1183 26 1289
5727 0.96024239809646195 -3.1223125030187293 7.6647448629558568 75 73 68 0.35394059256964494 31 19 34 224 35 472 36 508
640 1.4502427691504263 -0.37695698147660039 8.8089664967385151 58 59 54 0.40445318049754214 16 1370 15 1379 17 1395 18 1282 20 1192 19 996 21 1275 22 1103 24 1152 23 1277 25 865 26 992
5726 1.1724539053564085 -3.413130641174174 7.5338457688126361 115 83 42 1.0842942560223374 31 677 33 280 34 214 35 461 36 3
639 2.1095439558751363 -0.35537881452277525 8.3399601719197403 52 52 52 0.54164363058329479 16 1369 15 1378 17 1571 14 1637 19 1171 22 1255 24 1343 23 1459 25 1142 26 1253 31 1313 32 988 34 947 33 1069 35 1331 36 1335
5724 3.1367111327093351 0.44570780843834168 7.1901453184869508 62 63 55 0.42208871423306782 32 417 33 224 34 152 35 303 31 362 36 332
637 2.0111105579486392 -0.48616392540081332 8.3028904126469012 25 30 34 0.44347263960278649 16 1367 15 1375 17 1392 18 1279 14 1634 19 993 21 1273
5723 1.8748072312417809 1.1695743850329574 6.3874970805847333 85 78 86 0.22319496293563287 30 523 34 150 35 292
636 2.0996009425986779 -0.48286877783342397 8.2219707820742371 55 57 59 0.32230785734509809 16 1366 15 1374 14 1635 19 994
5722 1.5489418611588741 1.1346855603295354 6.4981850020427228 124 105 102 0.24452307377177132 31 352 34 123 35 250 36 273
635 1.9126276596129195 -0.5130063633196289 8.3382605897829318 33 44 48 0.5429453792741995 16 1363 15 1373 17 1390 18 1463 14 1633 20 1186 21 1475 22 1252
5721 1.7684771340122118 0.86622276612887927 5.919672802069913 117 106 100 0.22385993749404434 28 219 34 119
634 -1.7017944120694493 -0.67427592804330949 8.6639578073666232 37 55 74 0.38335115638281703 8 1569 16 1359 15 1370 17 1384 14 1827 13 1439 11 1424 12 1707 10 1589 9 1507 7 1376 6 1505 19 991 5 1341 3 1237 4 1070 2 1288 1 976
5720 1.3430592643297214 0.97942535014040044 6.8554005920284187 137 91 103 0.3008261141328134 31 327 33 178 34 117
633 1.8410749797992336 -0.6559342261881691 8.4243500234120834 169 170 175 0.33307151392413792 16 1361 15 1368 17 1387 18 1276 14 1627 20 1182 10 1586 21 1268 22 1095
5719 1.3039622527796544 0.98444183670094498 6.8077276227566541 147 101 112 0.24599375338561152 30 240 31 325 33 449 34 114 35 230
632 1.827938726398314 -0.65219414814483068 8.3898326982818823 169 170 175 0.24026637999839814 16 1360 15 1367 17 1386 18 1275 14 1626 10 1585
5718 1.3402866360088295 0.85367735855384019 7.1064339574204176 110 114 125 0.071142940717149522 32 148 34 107
631 -0.057429991923571344 -1.0109153756653133 9.4957742347966061 49 54 63 0.66600017452393256 8 1284 16 1357 15 1365 17 1380 18 1269 14 1614 20 1177 13 1435 11 1417 12 1510 10 1574 9 1496 7 1082 10 1289 19 790 21 1263 22 1080 5 905 3 861 4 845 2 892 1 643 24 1136 23 1262 25 841 26 967 27 852 28 1019 30 961 31 1126 32 865
5715 -0.11499190385082331 0.77855190317305945 7.0782190942926295 60 53 61 0.18840162192799048 32 115 34 69 35 155 36 172
628 1.9969992072086273 -0.88258521065118622 8.1383930704188749 100 55 64 0.91008000930491129 16 1353 15 1362 14 1610 18 1037
5714 0.11195129318618835 -0.95262945867985349 9.1539314603220046 126 124 126 0.13738607696664096 32 55 34 36
627 1.8710766808499089 -0.94840409337845266 8.3967506957614102 121 155 163 0.54839333685186376 16 1352 15 1361 17 1377 14 1820 20 956
5713 -2.1577625433025172 -0.67708530359932084 8.5448368449556913 74 95 133 0.97086837835209794 26 84 30 88 34 22
626 1.9508013444274583 -1.0381598269301402 8.4034810496945163 71 111 123 0.50488839440537692 16 1347 15 1360 17 1374 18 1262 20 1364
5712 0.63836594638931066 -2.798258408739335 8.1200544473663996 103 105 100 0.29730215876821514 32 280 34 13 31 453
625 1.8766188669855262 -1.0044454604784581 8.171765824893594 71 111 123 0.27348004222699185 16 1346 15 1359 17 1373 18 1261
5710 0.013221708074005911 -2.8086180399203187 9.4412855750372984 57 68 60 2.5515703220352917 28 866 33 327
623 -1.4903457395092787 -1.3975624825208981 10.305853589040716 103 104 108 1.5224490771031272 16 1341 15 1355 17 1366 18 1255 14 1810 8 2198 13 1595 11 1831 12 1957 10 1965 9 2176 7 1985 6 1882 19 980 21 721 22 865 5 1660 3 1499 4 1591 2 1624 1 1248 24 99
5709 1.7473908065686485 1.2073912159100235 6.3390393834104586 58 58 65 1.3245453771589493 21 320 22 268 24 300 23 371 25 221 27 221 30 519 33 707 25 223 27 223 28 272 30 302 31 376 32 420 34 582 35 925 36 710
622 -0.47123942532899687 -1.363503842663893 9.8269302643693131 46 45 59 0.41285646605301451 8 1555 15 1354 14 1606 13 1431 12 1504 9 1487
5708 1.7920403115507257 1.1133963956094819 6.4954777974783697 144 138 150 0.5848126597140787 23 1089 25 906 26 1037 27 898 28 946 27 744 33 478 30 888 31 876 32 627
621 -0.90664826006607091 -2.5230619189339878 10.150208830427204 87 86 92 0.28254511142417543 8 1549 16 1339 15 1351 17 1364 18 1250 14 1601 20 1161 13 1429 11 1403 12 1691 10 1560 9 1662 7 1512 6 1488 19 973 21 1254 22 1071 5 1318 3 1218 4 1207 2 1268 1 956 24 1118 25 824 26 953 28 699 30 605 31 117
5707 2.3395028281534946 1.2322315502914742 6.1183321403077287 24 28 39 1.7158015871482035 31 1401 32 1132 33 1219 34 1104 35 1505 36 1491
620 -0.90666154755369099 -2.5231467545305972 10.150158730095496 87 86 92 0.28663764521077678 8 1550 16 1338 15 1350 17 1363 18 1249 14 1600 20 1160 13 1428 11 1402 12 1690 10 1559 9 1661 7 1511 6 1487 21 1253 22 1070 5 1317 3 1217 4 1206 2 1267 1 955 24 1117 25 823 26 952 28 698 30 604 31 116
5703 1.3456820191883661 -0.36972370987712061 8.6781016084605263 52 52 44 0.45292510117625495 31 1344 32 1075 33 1186 34 1069 35 1468 36 1459
616 -1.465497833041328 -2.7040705594255923 9.1435808492515172 120 109 105 0.26950789191166863 16 1332 15 1344 11 1395 12 1494 7 1349 19 963 4 1046
5702 1.9756370928790825 -0.61504628173275644 8.0372950572354291 113 107 100 0.70898104170238141 31 1362 32 1074 33 1185 34 1068
615 1.3949780349308845 -2.1779982715467048 7.2169870754935292 91 112 110 0.9485127667808515 16 1520 15 1340 17 1545 18 1439 19 1367
5701 1.4714329797008165 -1.0332343713047858 8.7768359445447874 42 58 58 0.30058651829713656 31 1360 32 1091 33 1183 34 1066
614 -0.95074515308540142 -2.7392131253768213 8.8956050925797854 99 92 85 1.5217573921188052 16 1327 15 1339 17 1351 18 1234 14 1590 8 1253 20 1351 13 1420 9 1166 7 1053 12 1222 6 1044 19 960 21 1443 22 1223 5 876 3 835 3 838 4 823 2 868 2 870 24 1305 23 1244 25 814 26 1144 27 831 28 858 30 800 29 338 31 956 32 948
5699 -2.2835837725797128 -0.60527840164958302 8.5257802744556557 70 93 135 0.72781592684736207 31 1374 32 1099 33 1176 34 1060 35 1463 36 1455
612 -0.49887170241466905 -3.0982087319199092 9.1362975905127097 43 43 57 0.213896674646917 8 1536 15 1335 17 1347 18 1232 14 1583 20 1146 13 1417 11 1389 10 1248 9 1155 17 1110 7 1037 7 1345 21 1241 5 867 5 1130 2 855 1 783 24 1099 23 1237 25 810 27 824
5698 -2.094857952960651 -0.95247735115230825 8.8464524998379819 175 176 180 0.68414872091781209 32 1067 33 1175 31 1336 34 1057 36 1428 35 1440
611 -0.42246268769032302 -3.1317390313334768 9.193096766101899 76 81 87 0.57307625127331607 16 1092 15 1333 17 1345 18 1230 14 1581 8 810 20 1144 13 1416 11 1110 12 1483 10 1247 9 1154 7 1034 7 1343 13 1129 6 1033 19 952 21 1242 22 1216 5 866 3 821 4 807 2 852 1 41 23 1239 27 976
5697 1.4615534306754414 1.1343336777301056 6.4140923073778344 126 101 96 0.84126411621753361 31 1365 32 1080 33 1164 35 1453 34 1044 36 1437
610 -0.97362169634973839 -3.1122806620388888 8.7452173148752461 85 112 129 1.1796204107111155 8 1725 15 1329 14 1797 11 1568 10 1731 9 1652 7 1502 6 1477 19 1365 16 1984 3 1206 4 1314 2 1253 1 945
5696 -1.0848215027234984 -2.3109058384232855 10.442002722370857 50 54 57 0.66997991832024706 31 1355 32 1087 33 1152 34 1031 35 1383 36 1427
609 -1.3777333722284004 -3.1863698549494068 8.9734103089858657 50 60 59 0.42958067468367922 16 1321 15 1328 18 1226 8 1534 14 1579 20 914 20 1142 13 1412 11 1567 12 1478 9 1651 19 1132 21 1009 22 830 23 950
5693 1.9980052689442549 1.1743212104162728 6.4615354942107466 124 98 85 0.473054869688735 32 1053 33 1135 34 1015 35 1428 36 1417
606 1.3529434564628451 -2.7259616324387599 6.8250259607539672 49 54 59 1.4366059305928818 16 1514 15 1322 17 1815 18 1683 14 1571 20 902 18 642 21 1228 22 1397 23 1550 24 1433 25 1253 23 1714 24 1542
5692 1.9980052689442549 1.1743212104162728 6.4615354942107466 124 98 85 0.473054869688735 32 1052 33 1134 34 1014 35 1427 36 1416
605 -0.99503491680463885 -3.5074387610614921 8.6551552812723056 76 113 132 0.28765223070111651 8 1526 15 1321 14 1567 20 901 13 1404 11 1379 12 1465 10 1532 9 1462 7 1331 6 1291 5 1300 3 1196 4 1193 2 1247 1 942
5691 1.9190316064632897 -0.044984335983224488 8.1444491307658335 55 25 25 0.46111037910979574 32 1045 33 1121 31 1320 34 1004 35 1406 36 1403
604 -1.816701629687655 -4.1626734614150269 8.6690676830701339 86 89 99 0.86937162518058386 16 1508 15 1302 17 1522 18 1424 20 1332 11 1362 15 1082 12 1941 21 1425 22 801 22 1205 23 1398
5690 1.9655961800449937 -0.11680166891387331 8.2501981978111605 166 168 165 0.71383407164292167 31 1319 32 1044 33 1120 34 1002 35 1405 36 1402
603 -1.8237312943738373 -4.307438501124218 8.6164139589702557 99 77 79 0.89941805011631926 16 1296 15 1301 18 1421 20 876 13 1387 21 976 22 1029 24 1066 23 1188 25 985
5688 0.61892321737643463 -0.77592192671095839 8.985987405003538 133 111 97 0.27040418198393573 31 1303 32 1033 33 1110 34 997 35 1396 36 1394
601 -1.8627806249367658 3.1863331933109698 5.0038318077575248 29 10 4 0.2694457340133653 16 1282 15 1291 17 1055 18 1192
5687 -0.38104952236855699 -0.67262156332067158 8.5034338459485532 148 152 163 0.89794322686754047 31 1128 32 969 33 1106 34 992 35 1446 36 1432
600 -0.73237478140646506 3.2105253694755804 4.9201520044521994 42 20 0 0.4193065507162469 16 1047 15 1290 17 1316 11 1350 18 1195 10 1503 19 924
5685 2.1965907545454879 -0.44536910907927652 8.4315614573670086 90 105 101 1.4471734755957399 31 1019 33 1068 34 945
598 -0.86962387116781414 3.1748755487293323 5.0413420483509777 36 16 9 0.35952371362652596 16 1277 15 1284 19 921
5684 -0.83208591140373733 0.71679221715895736 7.1143160334230569 40 46 50 0.35860619319729747 31 1250 33 1061 34 936 35 1325
597 -0.61671750190613706 3.1271447807670061 5.1879933252353378 54 32 17 0.48474623010073337 16 1265 15 1277 17 1309 18 1184 20 1092 19 917 21 1190 22 1015 24 1054 23 1170
5683 2.0150954603192721 -0.77672795843518616 8.0282801303435907 8 13 16 0.50894019287832271 32 876 33 1057 31 1140 34 927 36 1325 35 1318
596 -2.2244050156970339 3.0317654454585909 5.4277394556534766 33 14 7 0.2176396374595484 16 1253 15 1272 14 1520
5682 0.2689768576849374 -0.66948858886851015 9.02911419239061 104 110 122 0.41063411164540647 31 1237 32 974 33 1049 34 918 35 1310 36 1317
595 -1.0334349976767705 3.0416548622875226 5.3451879659465424 68 48 41 0.45427734746333293 16 1014 15 1269 18 923 14 1176 20 1082
5681 -0.92701233033129316 -0.36757484261794754 7.780629772708803 152 158 172 0.35531996270935323 31 1233 33 1047 32 968 34 914
594 -1.866556364488662 3.0006198837549438 5.4981321359648589 48 14 0 0.20587902267012803 16 1251 15 1268 17 1299 18 1174 14 1511 13 1554 11 1526 19 903
5680 -1.6119971125722379 -0.49816782001268656 8.2003054314180641 132 145 163 0.21494673070915904 32 962 33 1044 31 1229 34 910
593 -1.8672835195113286 3.0063502467234486 5.5120850808681334 48 14 0 0.28310579424903237 16 1250 15 1267 17 1298 18 1173 14 1510 20 1077 13 1553 11 1525 19 902 21 915
5679 -1.611997112572237 -0.49816782001268678 8.2003054314180641 132 145 163 0.21494673070916481 31 1228 32 961 33 1043 34 909
592 -0.7503114822850363 2.9629789332934169 5.5062043290208367 45 19 3 0.18106656926162804 16 1243 15 1263 18 1172 14 1505 11 1298 19 716 17 1031
5678 -1.3949663107047834 -1.3381875866956223 9.9905989744759918 154 155 159 0.35904529964071175 30 952 33 1038 34 906 35 1298 36 1309
591 -1.960845350664322 2.5818566224657769 6.2726684813345637 68 36 11 0.39510903071061393 8 1385 15 1252 17 1279 18 1158 16 964 14 1476 20 360 13 1295 11 1255 12 1359 10 1398 9 1310 6 1399 19 882 21 882 22 982 3 1131 5 1230 4 1130 2 1177 1 885
5677 1.094140507785001 -3.0808738654032535 7.6625707215678798 46 41 36 0.51633963735560517 32 939 33 1025 34 890 36 1184
590 -2.3780183397619274 2.4851865940584097 6.3011941268690279 76 56 49 0.21841261832131506 16 956 15 1249 18 1154 10 1666
5674 2.1427908590487239 0.93860504963591218 6.9170457443736959 53 55 67 0.33310809627208576 32 923 33 1001 34 862 35 1258 36 1277
587 -1.3819017576433232 1.881337687249967 6.6542697275784022 64 65 70 0.79902378810607877 16 1224 15 1236 18 1130 19 1032 21 1140 22 1136
5672 2.2566314935728617 0.011592869101395356 8.519917632077064 18 27 24 0.37026214949310282 31 1158 33 978 34 844
585 1.5558182946798103 1.1760881787014412 6.3952676909572581 170 156 155 0.71108833365024426 16 1211 15 1231 17 1236 20 1036 19 852 21 1124 22 949 24 988 23 1096 25 704 26 822 28 944 29 384 33 699 32 617
5671 2.0151040414003853 0.12552338185989892 8.4878887823903462 147 152 148 0.37278769270508066 32 896 33 977 31 1159 34 843 35 1231 36 1254
584 1.4895673258016155 1.1691016103264875 6.398713590351945 152 136 136 0.44562518765871501 16 1210 15 1230 17 1235 19 851
5670 2.2882240156115361 -0.041826517659833362 8.5384266717422221 120 127 126 0.21344785110183637 31 1035 33 976 34 841
583 1.548664609010233 1.1117018587896172 6.5173378296166931 159 146 151 0.49802036285269119 16 1208 15 1229 17 1233 20 1033 21 1119 22 941 24 978 23 1085 25 699 26 817 27 731 28 941 30 714 29 276
5668 2.2613810849640239 -0.049326462480410144 8.4744544541442846 12 18 18 0.31875617151625668 31 1155 33 973 32 894 34 839
581 1.160078591671633 1.0876692881260599 6.6171147051977872 68 58 62 0.74901596122434089 16 1206 15 1227 17 1231 18 1114 14 1693 20 1031 21 1114 22 935 24 967 23 1076 25 687 26 805 27 719 28 756 30 697 29 262 31 1042 32 760 33 847 34 719 35 1102 36 1123
5667 1.9537268717174316 -0.068149962248043511 8.3795194596300728 78 84 82 1.6035158110094014 32 893 33 969 31 838 34 834 35 1228 36 1247
580 0.76702379315425306 1.0217059928010486 6.5393166085332028 81 97 105 0.37366631891048191 16 1205 15 1226 17 1228 18 1111 14 1433 20 1028 21 1105 22 930 24 958 23 1062 25 677 26 796 27 711 28 752 30 694 29 259 31 849 32 757 33 840 34 714 35 1093 36 1117
5665 1.9126747035190621 -0.28871120711275061 8.4079085587074172 146 147 141 0.90131454533940503 32 889 33 964 31 1150 34 700 35 1078 36 1103
578 -0.89792838985860435 0.98038768419867961 6.6276229306887116 68 96 136 0.31823221780530409 16 1195 15 1222 17 1222 20 1018 19 834 21 1097 22 915
5664 2.049459251840374 -0.71241715514637249 8.2355904950759804 22 32 34 0.54084158092020651 31 1144 32 881 33 955 34 824 35 1216
577 1.2661368143446117 1.0283684130072919 6.7056278247941368 189 152 158 0.24895122154804886 16 1202 15 1220 17 1230 18 1113 14 1429 20 1029 19 840 21 1111 23 1068
5663 0.87266818083352315 -0.71633253486585968 9.237730067487318 8 4 5 0.19545011057592573 31 1241 32 979 33 946 34 924 35 1315 36 1322
576 1.2683430091942962 1.028710182238219 6.7131390066193894 189 152 158 0.27665801132040019 16 1201 15 1219 17 1229 18 1112 14 1428 20 1030 19 839 21 1112 22 934
5662 -0.22394997097882602 -0.78631973227058682 8.9542795017494274 165 165 167 0.29325769570300703 32 868 33 944 31 1234 34 915 35 1308 36 1315
575 1.4710894574939966 1.0176484753954889 6.7398630892481757 129 107 112 0.46468318225952587 16 1198 15 1218 17 1226 18 1109 14 1424 19 837 20 1228 21 1306 22 1120 24 964 23 1302 24 1192 25 896 26 1023 27 721
5661 -1.7353177629831098 -0.13307128647341437 8.0623630094126781 174 175 179 0.49834135852412559 32 970 33 942 34 811 35 1200 36 1219
574 1.4729860600028215 1.0174284124495778 6.7448670512598383 129 107 112 0.62091818054311632 16 1197 15 1217 17 1225 14 1423 20 1227 21 1305 22 1119
5660 -0.65779759006867544 -0.96447351852333985 9.538051932215037 130 130 130 0.44938862641573235 32 862 33 937 31 1121 34 805 35 1030
573 1.513964070947952 0.97842556365989874 6.8110098857256371 69 46 52 0.50057518072185869 16 918 15 1216 18 823 20 274 17 351 21 841 22 677 24 257
5657 -0.2044375469016419 -1.7314915348064392 9.9063191279483771 52 63 65 1.0511150535289098 32 852 33 925 31 968
570 1.6693673336880965 0.86697666709144128 7.0043170910389714 135 130 136 1.0540304857240195 16 1186 15 1211 17 1216 18 1102 20 1219 19 1014
5655 1.788782225181504 -2.3651818315063444 7.5719455236309958 173 174 166 0.32614215376664973 31 963 33 921 35 1295 36 1201
568 -0.10230381947639045 0.77519370688382183 7.0792097302339023 102 77 92 0.67012955287013642 8 1334 16 1180 15 1207 17 1206 18 809 16 356 14 1413 20 762 13 1239 11 1215 12 1303 10 1348 9 1255 7 1131 6 1129 19 827 21 259 22 657 24 674 23 783 25 463 26 541 27 472 29 49
5654 0.39002467834852039 -2.8907069056754464 8.2439623357665575 126 126 120 0.68239466347319055 32 837 33 906 35 1175
567 -0.15128097881856573 0.68872124038683347 7.252150111356225 22 29 37 0.39470858037926132 16 1176 15 1202 14 1399 13 1227 12 1292 10 1340 19 822
5653 0.71975672643430022 -3.05844504160441 8.0605189844195522 138 143 138 0.26804693765712345 32 832 33 902 34 772 35 1170
566 -0.3761843163129045 0.67906164016290937 7.3030977406227908 19 28 37 0.42903413917642041 16 1172 15 1200 18 1086 14 1394 13 1225 11 1205 12 1288 19 820
5652 2.3472909833470346 1.1430158913722468 6.4441567167000748 61 43 42 0.25537773393755125 32 809 33 891 34 755 35 1143
565 0.37046981939540069 0.66298222656717909 7.2708017849592466 19 28 35 0.82492915253850618 16 895 15 1198 14 984 20 1003 12 908 9 1239 19 609
5650 1.6549248660296252 1.2217175348277278 6.3134484757680198 84 87 94 0.2528770814911051 32 784 33 868 34 738 35 1255
563 -1.0467957668253471 0.35767556138600842 8.0080928952498436 94 92 102 0.81486274411214155 16 1166 15 1192 17 1186 18 1080 14 1383 20 1208 13 1212 11 1188 12 1280 9 1521 12 1536 7 785 19 1007 21 1083 22 906 5 1180 1 836 23 1047 24 944 25 666 26 775
5649 1.7883031233645967 1.0188959110101594 6.4750949243820566 176 164 174 0.52103798081194452 31 1056 32 918 33 863
562 -1.1539428027663192 0.34571467521874955 8.0991336331491279 118 121 134 0.66475682979938366 16 1165 15 1191 17 1185 18 1079 14 1382 20 995 13 1210 11 1187 12 1278 10 1328 9 1231 6 1109 21 1082 22 905 5 1178 3 899 4 1082 2 1126 1 678 24 658 23 1046 25 452 26 164
5646 2.2816563729029302 -0.16746492615949626 8.4617998168872344 126 132 132 0.25880985924439198 31 1031 33 835 34 705
559 -2.5883338290658533 -0.046998491784766089 8.893278957456431 154 160 170 0.31523825720044202 16 881 15 1185 17 1178 18 1071 14 1378 20 745 11 1184 12 1272 10 1323 9 1227 7 1115 6 1104 19 813 21 781 22 623 5 947 3 894 2 1118 5 1173 1 831 24 636 23 750 25 431 26 512 27 120
5644 2.0022014341601362 -0.34432028686212052 8.3116904048256668 15 16 10 0.64504393956812223 31 1148 32 888 33 829 34 698 35 1077 36 1101
557 1.4784018934754521 -0.30890178634209264 8.6731292487713976 185 136 95 0.78959170750508156 16 1371 15 1175 17 1396 18 1284 20 988 19 998 21 1074 24 1156 23 1278 25 868 26 997 27 875 29 372
5643 -0.16379744408759211 0.75774989303520834 7.0641761525318936 29 36 44 0.25930625843673333 31 1027 32 742 33 828 34 697 35 1074 36 1096
556 2.1545889625342438 -0.30187932805961465 8.4046492047052137 181 189 192 0.75575863151800726 16 1372 15 1174 17 1397 14 1640 22 1257 24 1162 23 1282 25 873 26 1000 31 1151 32 989 33 966 34 830 35 1082 36 1107
5642 2.1937951003718199 -0.49896208487205129 8.1849582014417628 138 145 138 0.36377963933925073 32 737 33 822 34 691 35 1069 36 1093
555 1.8154051615108853 -0.32417043706663129 8.5071086096238844 44 50 56 0.35801987507706123 16 1155 15 1173 17 899 18 771 14 1366 20 735 10 1311 21 783 22 621
5641 1.5312439275774885 -0.30664719519707051 8.5060780688841273 143 97 55 0.47585454417531658 32 886 33 820 31 1251 34 688 35 1066 36 1244
554 1.8088285907817525 -0.37959590416830002 8.5439330025680267 119 126 133 0.31722658315572894 16 1151 15 1172 17 1172 14 1363 11 1166 10 1310 22 616
5640 1.0540360685995167 -0.55072805683525083 7.781944082935083 95 97 102 0.4106682372998488 31 784 32 725 33 798 34 669
553 1.8223600209948945 -0.3794642407459643 8.5811829970392903 119 126 133 0.60949503833337926 16 1150 15 1171 17 1171 18 1057 14 1362 20 984 11 1165 10 1309 19 808 21 775 22 615 23 754 24 933 25 440
5639 0.69973083619631271 -0.80770256214671077 9.1060498507618188 108 159 152 0.11306417663556932 32 545 33 793 34 504 34 663
552 1.8380902388569536 -0.50345511634191686 8.4426270112730855 127 126 131 0.42853843994110591 16 1149 15 1167 17 1167 18 1053 14 1359 20 979 11 1161 10 1303
5638 0.64404410197493245 -0.87692133008467699 9.0990494321185054 107 160 152 0.73631404865496053 31 996 32 716 33 792 35 819 36 1065
551 -1.0579819487912148 -0.59381331553965777 8.4184443134859919 27 38 57 1.2016233684703281 16 1148 15 1166 17 1164 18 1051 14 1356 20 973 13 1440 8 1759 11 1425 12 1519 10 1591 9 1683 7 1378 6 1506 19 799 5 1165 3 1238 4 1224 2 1370 3 1333 1 977
5637 -0.87661902745105458 -0.13186853801696405 7.7829782169954838 25 25 33 2.1671932394659166 31 770 32 871 33 789 36 837
550 -2.7251181639653876 -0.65912384904420951 8.8135849688903125 130 139 148 0.7485066972232427 8 1571 16 846 15 1163 14 1828 13 1611 11 1595 10 1755 9 1508 7 1381 6 1337 5 1343 3 1241 1 981
5636 -1.43902086100187 -0.15699103711157505 7.9434008543687122 67 68 73 0.60767687864146425 31 1129 33 784 32 971 34 813 35 1033 36 1057
549 1.9208150536583348 -0.6541303631063432 8.3812543246963269 85 107 116 0.51633219241892869 16 849 15 1158 18 1052 17 1165 14 1353 20 976 19 580 21 759 22 886 24 616 23 729 25 426 26 503
5635 -0.60882662881128202 -0.7278272337055619 8.6744389687068271 38 44 58 0.39814355117138461 32 530 33 781 31 763 34 658 35 1032 36 1055
548 0.93920028865804051 -0.54023263424155576 7.3056548134368295 50 57 65 1.1733194018959523 16 1548 15 1157 17 1835 18 1703 19 1602
5634 -1.4262116496915542 -0.72989336794399795 8.7404325051391503 27 39 52 0.35879131677047837 31 753 32 514 33 779 34 472 35 1025 36 1048
547 2.0421319739484347 -0.70061532986434838 7.9838038821547235 76 86 95 0.39724049517453036 16 1143 15 1153 19 794
5633 -1.9123938479791147 -0.57623947593780256 8.4084521541843333 76 92 124 0.48048654571175881 32 703 33 776 31 979 34 655 35 1021 36 1044
546 0.37140420378479144 -0.8994080384235893 9.5501328884290793 125 139 143 0.375527711729506 16 835 15 1152 17 864 18 742
5632 -1.2589424312243347 -1.2306606927143728 9.9582426603139993 127 128 133 0.3933879362650774 32 697 33 775 31 976 34 652 35 1019 36 1043
545 -2.0353961671283516 -0.83204811530477152 8.8781986841651168 86 91 97 0.42632174160043651 8 1298 16 830 15 1148 17 1150 18 1038 14 1347 20 961 13 1180 11 1151 12 1512 9 1205 6 1085 19 792 21 739 22 875 5 922 24 584 23 692
5631 -2.1108314700937973 -1.0556974716549319 9.0766880591050576 92 94 89 0.45654361247566244 30 807 33 769 34 644 35 1015 36 1036
544 -2.311135990075063 -0.86986254909240623 9.1134098335596168 34 47 66 0.39581411864403288 8 1297 16 1137 15 1147 17 1148 18 1270 14 1344 20 698 11 817 10 916 9 1204 7 753 21 738 5 572 3 589 4 563 2 613 1 446 24 581 26 463
5630 -0.89552736556894563 -2.5098637973319819 10.148234031825291 57 58 60 0.39812926005128901 32 850 33 765 34 467 35 503 36 801
543 -2.0789682638321705 -0.85269215618628702 8.8382430106069627 49 56 67 0.72891574016767036 16 828 15 1145 14 936 20 957 13 809 21 736 22 580
5629 0.92694868678509257 -2.6742917091372873 8.0821204854606883 53 31 23 0.34792849366666811 32 687 33 755 31 953 34 636
542 0.41479537993811466 -0.83922025443509707 8.7873351370911674 29 70 87 0.44898128563381368 16 829 15 1144 17 858 18 736 14 1341 20 967 13 1172 11 1420 8 1564 12 1249 10 1580 9 1499 7 1364 6 1325 19 793 5 1159 3 1071 4 1059 2 1279 1 964
5344 1.1931129710550241 1.2405563261730621 6.3891885277591376 27 34 45 1.9184142739754684 26 1433 27 1276 29 613 30 1202 28 1263 30 1190 31 1389 32 1120
257 -1.0005218567262226 -2.5843482957725321 9.0032856835868387 195 201 202 0.26906044840025084 16 120 15 124 18 109 20 103 12 823 9 73 21 107 22 80 5 54 4 58 1 58 24 83
629 2.0157299253537366 -0.893566096582605 8.1790130243604118 100 55 64 0.3649399399847601 16 1354 15 1363 17 1381 20 1369
5343 0.94838932581519375 0.72273849964069103 7.2383413442642466 43 51 58 1.9462445521591984 27 1187 28 1188 30 1117 14 2064 13 2102 11 2132 12 2237 10 1980 10 2269 19 1176 16 1393 15 861 17 920 18 804 18 1301 14 321 14 1669 20 1380 13 853 11 861 12 1547 21 1485 22 655 22 1438 20 1616 24 1351 23 1467 25 1152 26 1260 27 1109 29 512 31 1348 34 1040 35 1410
256 -0.70420807817723574 -2.7272214005579865 9.2133108625295517 103 113 115 0.33959326644848659 16 115 15 120 17 106 20 97 13 92 11 74 10 70 21 103 22 77 24 76 23 97 25 48 26 444 27 374 28 422 30 394 35 499 36 526
5340 1.9957795001702254 1.1396367955492304 6.4743191713630024 150 132 123 1.086848194646991 23 1314 24 1202 25 911 27 903 29 286 28 786 30 901 32 636 32 927 33 1006
253 -0.73993831491995954 -2.7331607098583728 9.1944418813477462 147 157 159 0.72707772125449333 16 794 15 115 17 819 18 104 14 890 20 655 13 90 11 775 10 862 9 67 7 705 21 1026 5 532 3 65 2 556 23 973 26 442 28 692 31 91 36 40 35 27
624 -0.3671269357008391 -1.3590945121267244 9.9503254059897763 166 174 187 0.47013850905139543 8 1275 16 1342 15 1356 17 1369 18 1258 14 1331 20 1167 13 1154 14 1607 11 1140 12 1506 10 881 9 1188 7 1073 6 706 19 981 21 1455 22 1234 5 82 4 79 24 1317 23 1436 25 1025 26 1154 27 999 28 1112 30 1038 31 1224 32 958
5338 2.0991286568994543 1.1597482134537422 6.4147948116145379 151 125 117 0.6965140734238604 23 1318 24 1368 25 1067 29 393 28 958 30 1002 31 1190 32 928 33 1008 34 968 35 1358 36 1356
251 -1.634041061837038 -2.763970547112069 9.2232366082788602 91 85 89 0.31961194171613677 8 833 16 791 15 108 17 808 18 688 14 102 20 93 13 769 11 68 12 820 10 861 9 756 7 1054 6 1050 21 96 22 551 5 531 3 840 4 1043 2 555 1 627 25 375 27 49 28 63 31 73
5337 1.0723827441444156 -1.1816205312962547 8.5006131110080911 149 154 157 0.58590004647484506 30 1211 29 624 31 1396 32 1127 33 1214 34 1097 35 1497 36 1484
250 1.7940365650613965 -2.4982665081907509 8.1560414053852028 94 112 111 1.187953526912171 16 790 15 105 18 694 21 102
5336 -2.7878836086977246 -0.52370285645121317 9.0761275151307572 133 140 152 1.5684668738099992 30 1210 29 623
249 1.7940753896884192 -2.497812306482365 8.1557727111383169 94 112 111 0.98355192430053084 16 789 15 104 17 818 18 693 21 101
5335 -1.1152284246295316 0.44186453043864754 7.6731848654153305 166 169 172 0.91120707532470346 28 1276 29 607 32 1104 34 1080
248 1.3254017188639264 -2.1540821180545264 7.0328338931367176 96 110 110 0.75160283433855546 16 788 15 103 17 817 18 691 20 91 22 552 14 884 24 1110 21 1025 23 663 25 819 26 695 26 942 27 835 29 428
5334 -0.97222633772808975 -1.0247151562626433 9.2168764053657348 40 49 48 1.4210862286319463 30 1197 31 1395 32 1126 33 1213 34 1096 35 1496 36 1483
247 -1.094281146774325 -2.7868969054106238 9.04985308150113 96 96 88 0.43968563139444033 16 101 15 102 17 96 13 762 6 79 5 47
5333 1.0170807213691408 -0.42239725972539433 8.4512697788197197 40 35 43 1.2887253357855544 27 1229 29 595
246 -0.96137972853944431 -2.9106837702737067 8.9045298562711643 152 165 173 0.5363851377935055 16 98 15 96 11 52 10 57 3 47 4 45 2 60
5331 -0.14393789020875358 -0.82399402683902923 8.8885077705853988 139 139 141 1.1003559782854495 28 1258 30 1198 29 591 31 1397 32 1128
244 1.3982848036605104 -2.4060530301985108 7.1778824337225515 73 64 65 0.83878350712927485 16 1095 15 93 17 1350 18 1004 19 956
5329 0.9010052331873738 -0.73691730416612311 9.0859913982842038 74 89 92 1.0637288344774758 28 1223 30 1149 29 550
242 -0.61874108032270991 -3.1843896335896296 9.010139151024303 108 121 137 0.33595269312562259 8 55 15 81 17 77 18 79 14 80 13 63 11 46 10 43 9 43 7 51 19 21 21 68 22 52 1 24 24 47 25 27 27 36 30 370
5326 1.400809058203726 0.98965336858320418 6.7549436048925369 143 104 111 0.12535514011186977 28 1191 29 516
239 -0.6997160641324206 -3.2829944284255137 8.8881315986607294 113 113 115 0.32111840937281672 16 71 15 72 17 69 18 70 11 41 10 34 9 33 22 43 5 14 24 529 25 358 19 550 27 27 28 32 30 367 31 35
5325 -1.0325668774304213 -0.043497376380079666 7.8410797728833534 155 159 168 0.50109678155134973 27 1227 30 1057 29 504 31 1001 32 720
238 -0.60007815239601336 -3.3290442551926058 8.9152249226007196 95 94 99 0.20667428023493198 16 69 15 69 17 68 18 69 14 71 20 55 12 804 10 32 21 59 22 41 24 526 23 53 25 582 19 945 26 423 27 350 28 387 30 36 29 203
5324 2.2602413984748102 1.0628293353821823 6.6145888205802494 145 113 118 0.41585192505802587 30 1072 29 474 31 1273 32 1008 33 1009 34 870 35 1264 36 1281
237 -0.44746987244704439 -3.3766981492497337 8.9395598589968905 141 135 139 0.30671612988488822 8 43 15 68 17 66 18 68 14 65 13 52 10 31 9 28 7 41 6 35 21 56 22 40 3 22 4 20 2 25 24 522 23 51 25 18 26 13 27 25 28 23
5323 1.3202515631742857 0.81300517502818481 7.1953345493214744 10 20 24 0.33403659145850545 30 1064 29 463 31 1321 32 992 33 1123 34 1005 35 1414 36 1408
236 -0.9381438854511116 -3.2932279625789507 8.6789026166489922 104 118 129 1.6034272002285657 16 67 15 66 7 668 3 19 11 30
5322 -0.98004082060445552 0.95269195887372671 6.7390509377670691 41 52 58 1.0740023154177161 28 1038 29 458 33 1113 35 1401 36 1398
235 -0.76195971760845727 -3.3328410607396943 8.8069065894116125 187 185 186 0.43455476312217828 16 759 15 65 17 65 18 65 20 52 20 625 11 33 10 30 22 38 27 346 32 275
5320 -0.28758081868637153 -0.7369075499472133 8.2763683421994632 73 84 94 0.47443952270628964 28 886 29 441
233 -1.409598050769338 -3.4294618099498511 8.9270297868081858 100 113 114 0.2772404799300166 16 64 15 59 17 765 8 793 18 648 14 852 13 734 11 737 12 800 10 822 9 1144 7 1025 6 1024 21 52 5 860 5 1119 4 796 4 1027 2 845 1 611
5317 0.12288119224363248 -2.7896691981822084 8.2045398509824352 160 168 161 0.8017935775387296 28 998 30 793 29 421
230 -0.32502908426608063 -3.6382496877868098 8.8789761825437399 57 67 69 0.73007330781989632 16 50 15 39 17 48 18 637 20 612 13 33 12 12 10 810 7 1017 19 541 21 43 5 849 3 1025 4 477 1 360
5316 -0.66310787094874957 2.6099350284479752 6.0349476041500232 22 7 0 0.011256709787064334 28 1082 29 404
229 -0.85098674933368446 -3.5088720613768558 8.2591657048928635 56 65 74 1.0618039702797062 16 744 15 35 17 756 14 1273 11 1094
5315 2.5216077259021139 1.0316193792452335 6.7262806121079413 49 31 31 0.37061768854928329 25 1065 30 1005 29 396 31 1276 32 932 33 1012 34 970 35 1271 36 1287
228 -0.78831766848923102 -3.6243222076391302 8.1489846393919159 151 127 113 0.39050056849169457 16 39 15 29 13 26 10 805 9 11
227 -0.99000825723682317 -3.7903793991034904 8.2239766087224044 114 126 158 0.47012621907643587 8 780 15 24 17 34 18 37 20 29 13 20 11 714 9 6 24 14 23 26
599 -0.77163988704783892 3.1839431114498109 4.9975502299707886 71 51 42 0.55726824756747106 16 1280 15 1286 17 1315 13 1380 11 1342 12 1440 10 1499 9 1422 7 1308
5313 0.96915968874660574 -0.77014739683587996 9.2243719496122694 121 136 133 0.7660385318132249 30 653 29 360 31 789 32 728 33 629 34 512
226 -1.6321691418249955 -3.9509190945192429 8.617778744083159 97 108 130 0.28600827583868405 8 781 16 29 15 23 21 27
5312 -1.020388133511569 -1.0092109151381838 9.5997228228360445 57 61 62 0.55188146326132925 28 880 30 958 29 347
225 1.7014117736581182 -3.3836115285350465 6.9801529929550465 69 79 78 0.23906457992251889 16 21 15 17 14 15 24 493 19 536 23 21 25 333
5311 0.0967260729106314 -2.929416595886789 8.361513853437831 78 93 100 0.085929613486896206 28 848 29 322
224 -0.94587813769807805 -3.8652708077508815 8.1045323951981647 142 146 139 0.49632777850790244 16 19 15 15 18 24 14 12 20 20 11 708 24 494 28 355
5310 2.2900355214292683 1.1355100492170678 6.5116395167509227 129 117 114 0.33493953098938123 30 918 29 299 31 1077 32 806 33 888 34 752 35 1141 36 1158
223 -1.1215712952528691 -3.9914647216945109 8.1595489301693274 108 91 99 0.4193198161965041 16 12 15 12 18 17 17 737 14 7 20 17 13 8 11 3 12 779 19 6 21 16 22 490 24 7 25 330
5309 1.8319269467152424 1.0860537764732967 6.7165170242230028 126 118 129 1.9093100351179941 30 887 29 280 32 620
222 -2.1313814550384333 -0.96830497623165879 9.3381396727997128 95 100 103 1.3661943195943469 16 2123 8 2345 15 2130 17 2108 18 2016 14 2406 20 1862 13 2223 11 2245 12 2351 10 2388 9 2332 7 2126 6 2040 19 1682 21 1937 22 1711 5 1835 3 1668 4 1663 2 1696 1 1327 24 1674 23 1793 25 1336 26 1452
5308 2.1827627223792705 0.89533832691710458 7.0255602767555194 103 111 117 0.57719596900743986 30 886 29 277 31 1058 32 782 34 737
221 -0.72705937230014694 -3.360438110946256 8.7952059245705012 157 159 156 0.88996955226693797 16 2120 8 2342 15 2127 17 2115 18 2021 11 2243 12 2349 10 2386 9 2330 7 2124 6 2037 19 1678 5 1833
5307 1.2335228253617547 1.1458019696643937 6.4685601504669972 41 26 23 0.2173428307702337 30 873 29 273 31 1049 32 767 33 852 34 724 35 1108 36 1126
220 -0.72701004218742671 -3.3627932114075638 8.7946677856627904 157 159 156 0.98687608559778339 16 2119 8 2341 15 2126 17 2114 18 2020 11 2242 12 2348 10 2385 9 2329 7 2123 6 2036 19 1677 5 1832 3 1666 2 1694
5306 1.6212591160510406 1.7683747102307765 5.1026576444535463 135 139 141 0.37813738252216988 30 765 29 183 31 912 32 653
219 -0.77317320889898866 -2.7310642066444206 9.1954315021994866 140 158 162 0.37707523353666678 16 2111 8 2334 15 2116 17 2104 18 2014 14 2396 20 1859 13 2213 11 2235 12 2338 10 2379 9 2323 7 2118 6 2031 19 1671 22 1706 5 1820 3 1654 4 1651 2 1688 1 1314
5305 2.3185085758550668 1.1695295600258615 6.406053443948835 70 55 52 0.19935288884242752 28 803 29 169
218 -1.7364216824280678 -3.7096140990399928 8.8804111198577491 32 35 42 1.1748277897819095 16 2108 8 2324 15 2113 18 1995 14 2378 20 1856 13 2196 11 2221 12 2337 10 2378 9 2322 7 2117 6 2029 19 1651 5 1819 3 1652 4 1650 2 1686 1 1312
5304 2.0368237624757466 1.11016603051733 6.5351305787489533 106 90 90 0.15704272760724663 30 736 29 157 31 888 32 637 33 877 34 745 35 1130 36 1147
217 -0.57699894657767814 -3.0919782342123558 9.0341963345434895 54 60 82 0.57973152572418596 16 2092 8 2326 15 2098 17 2059 18 1964 18 1996 14 2379 20 1824 13 2197 12 2323 10 2366 9 2309 7 2105 6 2018 19 1652 22 1664 22 1692 5 1807 3 1639 4 1639 2 1675 1 1297 24 1626 25 1298 26 1394 26 1422
589 -2.3818906159624254 2.4910442711680263 6.3235648196405627 76 56 49 0.34713703355625797 16 955 15 1248 17 1274 11 1502
5303 1.1603915776242117 1.1138966390831135 6.5268185551824622 101 89 88 0.29557520148845934 30 700 29 141 31 856 32 599 33 684 34 555 35 898 36 923
216 -2.653451765579621 -0.11259576866576199 8.9845498634167047 69 78 85 0.58359670143307074 16 2070 8 2330 15 2103 17 2075 18 2004 14 2389 20 1835 13 2201 11 2226 12 2326 10 2369 9 2317 7 2112 6 2023 19 1634 21 1909 22 1679 5 1814 23 1735 25 1273 26 1370
5302 1.4067634937844815 0.94761022124207339 6.9571132912588673 114 108 115 0.71729692168902404 30 490 29 140 31 326 28 537 32 157 33 180
215 -2.6691116227207652 -0.45088806296400141 8.8073733578495172 58 68 78 0.93507609790080082 16 2065 8 2304 15 2078 17 2068 18 1974 14 2361 20 1830 13 2175 11 2201 12 2304 10 2352 9 2290 7 2087 6 2002 19 1630 21 1882 22 1676 5 1793 3 1644 4 1642 2 1680 24 1637 23 1728 25 1267 26 1365 27 1223 28 1219 29 495
5301 1.298899322978992 0.95671772016050027 6.876853550651723 124 98 104 0.15807350557848976 28 754 30 696 29 139 31 855 32 597 33 683 34 554 35 897 36 922
214 -1.4187525592987922 -3.7174132409543281 8.7541835991875896 39 51 59 0.47979083901251302 16 2058 8 2293 15 2066 17 2058 18 1963 14 2351 20 1789 13 2167 11 2192 12 2295 10 2343 9 2279 7 2080 6 1988 19 1614 5 1778 5 1804 3 1637 2 1673 1 1295
5299 0.65616640868135223 -0.88019799947157029 9.0773723036207414 109 143 138 0.29599166512929426 30 834 29 117 31 997 32 717
212 -2.4413405714603953 -0.96264550843631247 9.2672491012986171 197 197 205 1.3083867790795229 16 2034 8 2275 15 2072 17 2036 18 1943 14 2358 20 1754 13 2146 11 2200 12 2301 10 2351 9 2288 7 2058 6 1974 19 1624 21 1874 22 1636 5 1792 3 1597 4 1622 2 1630 1 1252 24 1551 28 1217 30 1145 29 545
5298 -0.27401260596320065 -0.68268573723244541 7.2584431571104862 80 92 114 1.7555601334155102 28 98 30 619
211 -0.80114910756895985 -2.9210065797454043 9.0323085753751524 38 49 67 0.74168665823907254 16 2024 8 2261 15 2036 17 2029 18 1936 14 2323 20 1792 13 2138 11 2163 12 2269 10 2303 9 2240 7 1980 6 1878 19 1593 21 1867 22 1631 5 1656 3 1493 4 1498 2 1519 1 1159 24 1602 23 1717 25 1299 26 1396 27 1250 28 1241 30 1167 29 570
5297 1.3898680708555293 0.9310382695507452 6.9367826079149228 38 40 47 0.44409550502369599 25 171 26 224 30 237 27 485 28 532 31 322 32 155 34 115 33 173 36 239 35 231
210 -1.1689885985155075 -3.0988366292673204 8.9234207125511507 39 55 67 0.61297999032311035 16 2022 8 2295 15 2034 17 2028 18 1935 14 2321 20 1748 13 2137 11 2162 10 2302 6 1991 19 1592 5 1781 3 1620 4 1612 2 1649 1 1274 24 1545 23 1659 25 1202 28 1099 29 419 32 835
5296 -0.80105581924345115 -2.7024550081997663 9.0928518817408097 119 133 134 0.17508244362604167 28 1256 30 1194 29 600
209 -0.87044071555211699 -3.7618031023020246 8.1398381213750159 43 79 109 0.27068950255986673 16 2019 8 2290 15 2031 17 2027 18 1933 14 2318 20 1787 13 2166 11 2191 12 2294 10 2342 9 2276 7 2077 19 1589 21 1865 22 1630
208 -2.8677273300146382 -0.16067769809598653 9.0165735398144236 201 204 209 1.3649351625768209 16 2000 8 2305 15 2054 11 2181 12 2306 10 2353 9 2291 7 2088 6 2022 7 2111 21 1841 22 1595 5 1795 4 1601 23 1675 26 1324 27 1097
5294 0.68071978412380185 -0.72480759380587512 9.1143574618696501 149 124 120 1.5609868413804644 28 1260 30 1187 29 593
207 -1.4095918048881986 -0.3092990193360543 7.8783502917387631 156 156 170 0.67412223264800808 16 1998 8 2279 15 2008 17 2003 18 1911 14 2342 13 2156 11 2180 10 2324 9 2258 7 2062 6 1979 19 1564 21 1840 22 1594 24 1467 23 1674 25 1136
5293 -1.7152153699346271 -0.60303780751155756 8.3892768805872855 133 149 162 0.88959353134385788 28 1245 30 1172 29 573 31 1357 32 1088 33 1155 34 1034 35 1443 36 1429
206 -1.4027240451128979 -0.31193930086818533 7.9396031310425057 156 156 170 0.27163845786082386 16 1997 8 2278 15 2007 14 2341 13 2155 11 2179 10 2323 9 2257 7 2061 6 1978
5292 1.2331518027864616 0.13744660129931507 8.7171832344934188 47 29 29 1.6597749621645732 28 1186 30 1155 31 1318 32 1078 33 1160 34 1039
205 -2.8476791024481809 -0.47187677872445721 8.8228479165649567 205 209 218 0.84709369525699008 16 1996 8 2277 15 2006 17 2002 18 1910 20 1759 13 2153 11 2123 12 2283 10 2322 9 2256 7 2060 6 1977 21 1837 22 1644 5 1761 4 1599 2 1536 24 1464 23 1576 21 1701 25 1217 26 1168 27 1092 28 1014
5291 -1.7379302808912391 -2.7104042664452916 9.2502339869264922 14 17 24 0.74256967591870016 27 1218 30 1142 31 1286 32 1019 34 897
204 0.25485823805977059 -1.1840985771373669 9.7901263442733555 93 120 122 1.1218258074063856 16 1990 8 2269 15 2000 17 1996 14 2287 13 2090 11 2117 12 2274 9 2246 7 2051 6 1971 21 1833 22 1583 5 1752 3 1591 1 1247 24 1457 23 1667
203 -1.562441243778987 -3.1212299210555012 9.1048907985818257 126 92 74 0.72453283731654328 16 1985 8 2192 15 1993 17 1822 18 1902 14 2280 20 1582 13 2085 11 2106 12 2223 10 2247 9 2172 7 1977 6 1877 19 1554 21 1686 22 1405 24 1443
5289 0.70367306770960736 -0.18878964673641058 9.3152334462839566 99 92 93 0.50546156070756021 28 1124 30 1063 29 508
202 -0.40872989680484506 -3.3019877647359652 9.0520787738165378 120 119 124 0.54958119126610172 16 1983 8 2191 15 1992 17 1819 18 1685 14 2038 20 1580 20 1746 13 1814 11 2105 12 2220 10 1959 9 1881 7 1712 7 1976 6 1632 19 1551 21 1683 22 1401 22 1576 5 1654 3 1318 4 1313 2 1355 1 1044 23 1553 25 1201 26 1305
5288 -1.0026324678703302 -0.74608246522285748 8.5708513285653627 111 124 140 1.4094098947717011 28 719 30 1046 29 350 31 1298 32 1071 33 1156 34 1035 35 1466 36 1457
201 -1.4048075763447678 -3.5184286617108542 8.8772245467961941 25 49 49 0.6709590102357379 16 1982 8 2259 15 1990 17 1814 16 1800 14 2277 20 1575 13 2082 11 2103 12 2218 10 2244 9 2170 7 2045 6 1962 21 1679 5 1744 3 1581 4 1585 2 1614 1 1241 24 1432 25 1109
5287 -0.33597087665269076 -1.2271759129298716 9.8381898925472733 29 39 40 0.28695721601880575 27 847 30 1043 31 1227 32 963
200 -1.5645798741860422 -3.5433303673523326 8.9449537637680798 126 103 87 0.85774290809141884 16 1981 8 2260 15 2033 17 1985 18 1899 14 2320 20 1744 13 2136 11 2161 12 2267 10 2301 9 2239 7 2044 6 1961 19 1550 21 1678 22 1574 5 1743 4 1609 2 1646 24 1431 23 1549 25 1108 26 1225 27 961
198 -1.7356291675359787 3.1134938814046946 5.2041127984278388 180 146 100 0.30246171829438873 16 1946 8 2167 15 1950 17 1949 18 1862 14 2252 20 1710 13 2048 11 2060 12 2178 10 2205 9 2134 7 1949 6 1861 19 1511 21 1774
197 -1.9227462736749974 2.9874012205777718 5.4847529731742233 169 138 92 0.36565091155977469 16 1909 8 2127 15 1913 17 1911 18 1824 14 2198 20 1670 13 1988 11 2009 12 1886 10 2146 9 2078 19 1475
5283 0.98298077901365699 0.67287394572897008 7.4009291488090776 17 21 24 0.17004605555468352 27 475 30 984 34 950 35 1334 36 1405
196 -1.1414568479387208 -0.020878314917800372 8.0079669483722267 181 185 199 0.83766401597557905 16 1830 8 1764 15 1560 17 1576 18 1713 14 1836 20 1608 13 1617 11 1601 12 1717 10 1757 9 1689 7 1530 6 1513 19 1394 21 1705 22 1430 24 1471 23 1585
5282 -1.7921605061442665 -0.072588260432546459 8.2244613843705672 157 155 158 0.77142358649169707 28 1178 30 966 29 447
195 -1.296577389531762 -0.11961824713826058 7.8217713837250882 42 50 63 0.34042250765304893 16 1828 8 1938 15 1809 17 1837 18 1709 14 2057 20 1606 13 1827 13 2095 11 1844 12 1965 10 1974 10 2262 9 1896 9 2181 7 1727 6 1649 19 1391 21 1702 22 1427 5 1453 3 1507 2 1538 24 1470 19 1567 23 1583
5281 1.6248607257747101 1.8443896976768221 4.9516810878106856 140 144 147 0.43318538971793297 28 972 30 926 29 407 31 1086
194 -0.4633204540620357 -2.9543866563038637 9.2674632879818226 96 115 122 0.35738503121823639 16 1811 8 1729 15 1790 17 1987 18 1689 14 2041 20 1586 10 1735 21 1690 3 1042 2 1076 24 1547 23 1660 25 1204 26 1307 27 1164
193 0.074979859124000181 -2.7553442470372387 8.3916234166576373 161 161 163 1.076816662756827 16 1809 8 2194 17 1823 18 1688 18 1903 14 2281 20 1584 20 1749 11 2107 12 2268 10 2248 9 2174 7 1979 6 1964 21 1688 22 1406 5 1746 3 1584 4 1588 2 1618 1 1245 24 1445 23 1556
191 -1.2929476135244591 -3.5362329676130857 8.7849833971883093 165 167 166 0.37543264854002878 16 1799 8 2189 15 1784 17 1813 18 1681 14 2035 20 1574 13 1813 11 1821 11 2101 12 2215 10 2242 7 1972 6 1874 19 1548 21 1677 22 1395 5 1652 3 1492 4 1496 2 1517 24 1430 23 1547 25 1107
5277 1.6311926847138176 1.2470473619831144 6.256693646343396 77 80 87 0.80514049936454357 27 753 30 894 32 787 34 740 31 883 35 1123 36 1135
190 -1.2932012344163488 -3.5398366249598836 8.7796826311473559 165 167 166 0.80300976921106471 16 1798 8 2188 15 1783 17 1812 18 1680 14 2034 20 1573 13 1812 11 1820 11 2100 12 2214 10 2241 7 1971 6 1873 19 1547 21 1676 22 1394 5 1651 3 1491 4 1495 2 1516 24 1429 23 1546 25 1106 26 1224 27 959 28 987 30 938 29 317 31 931 32 830 33 897 34 766
5276 1.6297130654519765 1.2449369915645305 6.2552005619332771 77 80 87 0.74064125247243739 27 752 30 893 32 786 34 739 35 1122
189 -1.8270053296617377 -3.7980670198931308 8.776230217444704 51 53 63 1.0540521148697302 16 1797 8 1520 15 1781 17 1811 18 1677 14 2274 20 1337 13 1811 11 1819 10 1727 7 1970 6 1626 21 1429 5 1431 5 1649 3 1489 1 1158 24 1291 23 1205 25 994 27 956 28 829 30 935 31 926 32 661 33 534 34 434 35 463 36 7
561 1.115483890000891 0.24042261679685514 7.8377915445780415 183 181 184 1.0306555938105848 16 1559 15 1188 18 1471 20 1770 19 1400
5275 0.99127161010316367 0.6400519823613402 7.5173263556220187 8 12 15 0.63325812305370144 27 474 30 862 31 1160 33 1070 34 838 35 1087 36 1111 31 840
188 -1.7045981904084604 -3.9071781599455115 8.8153911961036329 132 94 114 0.96799248025416718 16 1795 8 1921 14 2030 20 1571 13 1810 11 2099 12 1942 10 1955 7 1708 6 1871 22 1391 5 1648 3 1311 26 1222 28 985
560 1.1039119868973168 0.2428078832803425 7.7873449651551514 183 181 184 0.985426683249779 16 1558 15 1187 17 1844 18 1470 20 1769 19 1399 21 1887 22 1601
5274 1.3791190689999602 0.051930904089908823 8.5710748927269336 154 154 149 0.22115243554361486 28 912 30 858 31 1153 32 892 33 968 34 833 35 1226 36 1108
187 -1.9066600158808735 -3.8868660950079739 8.7433466892730234 190 189 194 1.2318263016658011 16 1794 8 1922 15 1987 16 1977 17 1978 18 1676 18 1934 14 2272 20 1788 13 2134 14 2350 12 2266 9 2237 7 1969 7 1496 21 1866 22 1662 23 1651 26 1351 27 1159 31 1278
5273 1.2953012797987626 -0.65275587552316705 8.9930178609286617 117 125 123 0.83564903476386654 27 1013 30 846 31 794
186 -1.9782082029520436 3.0726464981727046 5.3695815470339081 33 4 0 0.22824082114207442 16 1756 8 2155 15 1750 17 1778 18 1642 14 2014 20 1312 13 1783 11 1787 12 1909 10 1934 9 1859 7 1689 6 1852 19 1106 5 1644
5272 -0.90821148402693908 -0.99558577601897691 9.2685468788272356 73 80 75 0.36774804081332063 28 879 30 819 29 230 31 1118 32 857 33 933 34 802 35 1196
185 -1.6646115058168487 3.0536808711447572 5.3718840561582386 38 5 0 0.26622404822767076 16 1747 8 2143 15 1740 17 1770 18 1636 14 2006 20 1543 13 2013 11 2033 12 2150 10 2167 9 2101 7 1921 19 1325 21 1635 22 1373
5271 -1.136147704185416 -1.0582871462876273 9.1021232287216982 43 49 47 0.41909055465375866 28 871 30 812 31 974 34 649 35 1016 36 1042
184 -1.9939326679260203 3.0035236539281676 5.5042959712096344 33 9 0 0.30153497307077687 16 1736 8 2131 15 1733 17 1754 18 1623 14 1998 20 1526 13 1770 11 1768 12 1887 10 1921 9 2082 7 1900 6 1833 19 1313 5 1629 3 1474 4 1478 2 1506
2541 -2.2620533857238847 2.7820309145472368 5.9895071699480313 33 14 7 0.092862451876531596 13 1698 16 1451 11 1707 12 1815 10 1853
5270 1.7734911658191339 1.2222006722734617 6.2815251689486518 90 93 100 0.30895286306476111 28 791 30 739 31 1064 32 793 33 872 34 743 35 1126 36 1140
183 -1.8377420796074979 2.931537393298985 5.6575177829435246 37 10 1 0.2886716624244377 16 1710 8 1873 15 1705 17 1733 18 1604 14 1967 20 1503 13 1741 11 1746 12 1858 10 1895 9 1819 7 1658 6 1803 19 1293 21 1595 5 1607 3 1457 4 1458 2 1484 1 1144
5269 2.2768105335754236 0.99358575904981583 6.8483501650480072 119 125 129 0.46211616748628109 28 780 30 735 29 154
182 -1.8371769186790647 2.8805821740623063 5.8096813329310031 29 7 1 0.52258843591087512 16 1691 8 2075 15 1689 17 1706 18 1584 14 2163 20 1493 13 1944 11 1962 12 2087 10 2098 9 2026 7 1851 6 1778 19 1275 21 1575 22 1486 5 1591 3 1442 4 1549 2 1584 1 1218
2539 -2.6715765523011901 2.7071781737112768 6.0926926468164275 77 58 52 0.26034566515391816 8 1837 13 1681 11 1690 10 1842 9 1774 7 1611 6 1567 5 1400 4 1282 2 1335
180 -1.1903251498943912 0.18750959601638129 7.9571867845027748 43 50 60 0.38905412498828384 16 1557 8 1768 15 1393 17 1580 18 1291 14 1656 13 1452 11 1606 12 1530 10 1759 9 1692 7 1533 6 1517 19 1175 5 1349 3 1252 4 1234 2 1300 1 989
2537 -2.5096359328516247 2.7004959219341282 6.0925337714724819 118 89 83 0.22958707388902841 8 1830 14 1911 11 1686 12 1795 9 1764 7 1606
5266 2.0121104871043949 0.90798024810987232 7.0229771780299703 31 33 45 0.86412295186921539 28 762 30 712 32 616 34 731
179 -1.2227973374549896 0.032000884624586466 8.0531893161511139 77 89 109 0.79731437612903056 16 1555 8 1767 15 1565 17 1579 18 1469 14 1838 20 1202 13 1619 19 1174 21 1479 22 1106 3 1250 24 1163 25 867 26 996 27 692 28 738
2536 -2.8209509802683814 2.6684988002370975 6.1649726201648782 35 8 0 0.2898582418145248 8 1829 13 1669 11 1678 12 1787 10 1831 9 1763 7 1601 6 1563 5 1398 3 1427 4 1426 2 1465 1 1135
5265 1.1263841643041497 0.12347478453618521 8.726243640719499 136 133 133 0.70553518637135249 28 745 30 688 29 252 27 1024 31 579 32 368 33 424 34 340 35 876 36 648
178 -0.95053734932942213 0.012759823866235726 7.8376552803424557 114 121 131 1.4232934150697416 16 1554 8 1941 15 1562 17 1578 18 1715 14 2060 20 1376 13 1830 11 1847 12 1970 10 1977 9 1900 7 1731 7 1996 9 2182 6 1891 19 1395 21 1480 22 1259 3 1508 4 1330 3 1337 2 1374 1 1064 24 1164 23 1281 25 870 26 763 27 451 28 152
2535 -0.7312828123363192 2.7615258666480074 6.0474530126139552 37 9 0 0.25671048371705785 13 1667 14 1901 11 1668 12 1794 10 1814
5264 0.66797952286495332 -0.64608016150187886 9.060025446554004 157 133 121 0.42743563133076734 28 143 30 655 31 788 32 729
177 -2.1099693494550817 -1.0019593046728135 9.0641915112502573 121 125 128 0.22454648780295794 16 1542 8 1752 15 1548 17 1560 18 1450 14 1824 20 1363 13 1606 11 1416 12 1701 10 1752 9 1678 7 1528 6 1503 19 1153 5 1337 3 1232 4 1216 2 1285 1 970
2534 1.7280340166188233 3.2906799375798732 10.316509670471742 83 95 85 1.0235668843128061 8 2213 11 1626 10 1990 12 1978 7 2004 6 1899
5263 0.94540522825890572 -0.77592046250555402 9.2716407572757245 146 154 150 0.83474837157493165 27 683 30 654 29 359
176 -1.8089045267422228 -2.5957644720927417 9.341047994616142 49 57 68 1.1261011122777909 16 1524 8 2195 15 1792 17 1825 18 1904 15 1994 20 1590 13 1817 11 1829 10 1962 10 2249 9 1883 7 1717 7 1982 21 1449 22 1412 22 1579 3 1497 2 1523 1 1162 24 1310 30 1027 31 961 32 693 34 466 33 33 36 48 35 31
2533 0.73025714436291678 2.3872539252513381 7.9838285192275054 67 72 65 3.682078783739887 15 1434 11 1624
5262 0.90903728002539197 -0.79634062852595677 9.2400835999260877 74 93 91 0.95129050652539437 26 492 27 681 30 651
175 -0.99925901560523356 -2.5524999527564183 8.9979975253721989 154 160 154 0.36848302379983588 16 1523 8 1927 15 1532 17 1546 18 1440 14 1805 20 1354 13 1586 11 1576 12 1950 10 1739 9 1882 7 1716 6 1635 19 1371 21 1448 22 1226 5 1436 3 1323 4 1317 2 1522
2532 -1.5969163079620996 -0.10148242513791469 8.1356661062534972 122 125 135 0.26572342273076138 20 1195 11 1600 9 1687 21 1276 4 1230 2 1294
5261 0.4312208833726271 -0.85257232139882189 8.8148038390370029 37 52 55 0.17904135015211894 28 726 30 638 31 767 32 534 33 610 36 835
174 -0.85794350917133766 -2.7535055316391337 8.9683781792313848 170 180 183 1.2614692354030277 16 1519 8 1926 15 1530 17 1543 18 1438 14 1591 20 1352 13 1421 11 1572 11 1828 12 1949 10 1961 9 1655 7 1715 6 1634 19 1366 21 1445 22 1224 5 1310 3 1321 2 1262 1 949 24 1306 23 1424 25 1119 26 1146 27 985 28 1001 30 1025 29 424 31 1109 32 949
2531 -1.1063930671160276 -2.5702854904392556 9.1346618347520394 109 110 104 0.32983809185987117 8 1548 11 1577 12 1686 10 1558 9 1659 7 1508 6 1485 5 1314 3 1216 4 1204 2 1266 1 954
5260 -0.83054155953404063 -0.98317473850158865 9.604985157023874 84 83 81 0.2613527093020066 28 474 30 628 31 759 32 523 33 599 34 482 35 804 36 824
173 -0.42585477510545999 -3.0548736942014476 9.1936521275146621 26 39 48 0.4072196064039314 16 1516 8 1727 15 1529 17 1540 18 1437 14 1799 20 1347 13 1581 11 1570 12 1681 10 1733 9 1654 7 1504 6 1480 19 1136 21 1244 22 1219 5 1307 3 1209 4 1199 2 1259 1 947 24 1102 23 1240 25 1012 26 937
2530 -0.27727026380543623 -3.5155962061588464 8.852088227984785 58 76 76 1.3992460726919547 14 1794 11 1564 12 1678 10 1534 9 1463 7 1500 21 998 6 642 5 1302 4 1310 2 1060
5259 -1.1036328819400274 -3.437296674809768 8.7339425073198242 36 91 94 1.012693335135181 28 656 30 565 29 80 31 437
172 -0.89026589940195555 -3.3084784622172085 8.706405970432753 187 183 179 0.40065630071648217 16 1515 8 1528 15 1528 17 1537 18 1435 14 1796 20 1342 13 1579 11 1566 12 1680 10 1538 9 1466 7 1337 6 1295 19 1362 21 1438 22 1213 5 1120 3 1031 4 1029 2 1064 1 776 24 1299 23 1415 25 1114 26 1131 27 964 28 991 30 939 29 415 31 1101 32 831
2529 -2.2052215166976135 3.0615160709571421 5.4006283705424654 28 10 3 0.25321996266168589 8 1696 11 1531 9 1619 6 1453
5258 2.4991828308026087 1.1542699830490073 6.4573248634018974 47 46 44 0.67343348088403976 27 248 30 548 29 173
171 -1.8046884431191699 -3.9723896339348634 8.7605134475272646 68 75 95 0.78166636208376594 16 1511 8 1920 15 1519 17 1526 18 1429 14 1786 20 1569 13 1809 11 1818 12 2213 8 2186 10 1954 7 1707 21 1427 22 1390 24 1286 23 1544 23 1650 25 1103 26 1122 27 950 28 1090 30 932 31 1092 33 895 32 936 34 884 35 1164 36 1003
2528 -2.2222965980969867 3.0268262436096958 5.4202148400429957 30 12 7 0.28201378600121785 8 1695 14 1763 11 1529 10 1698 13 1354 11 1317 9 1617 7 1471 6 1449 5 1284
5257 2.2549309408864286 1.2052265614901878 6.3187566528601185 86 66 58 0.36115939138052394 28 605 30 545 31 669 32 444 33 512 34 606 35 729 36 975
170 -0.96653807675950887 -3.84479609128649 8.1515944124981736 151 141 95 0.51740120461802019 16 1509 8 1710 15 1516 17 1523 18 1426 14 1783 20 1119 13 1575 11 1550 12 1667 10 1717 9 1641 7 1490 19 1123 21 1426 22 1033 24 1072 23 1195 25 988 26 1119 27 604 28 359 29 190
5256 -0.84152345991858424 2.6859019003452258 6.1055257357653527 31 20 13 0.0090917765820769277 28 624 30 544
169 -1.5753841725587083 2.9423454593822962 5.6022728261284103 60 37 23 0.51064731049771761 16 1470 8 2102 15 1710 17 1486 18 1388 14 1968 13 1742 11 1747 12 1861 10 2121 9 2051 7 1871 6 1799 19 1087 5 1606 3 1452 4 1453 2 1481
2526 -2.7542862612917531 2.6637693150088753 6.1389859037256524 88 64 52 0.18513014339452891 8 1662 11 1516 12 1615 10 1675 9 1600 7 1449 3 1148 4 1149
168 -1.7482249388464712 2.881259274268106 5.7258332907154932 47 27 16 0.55946908986270738 16 1461 8 1858 15 1473 17 1479 18 1380 14 1747 13 1544 11 1519 12 1631 10 1685 9 1803 7 1635 6 1579 19 1081 5 1405 3 1303 4 1290 2 1339 1 1026
5255 2.3560811649563185 1.0136549585837518 6.7520399547402725 93 68 71 0.3405562792490987 28 273 30 531 31 656 32 219 33 506 34 405 35 723 36 346
2525 -2.2735661413415897 2.5965491527988602 6.2533355168491749 46 20 4 0.22977759941221823 8 1654 11 1507 10 1670 9 1590 7 1443 6 1404 5 1233 2 1328 3 1287 4 1272 1 1016
167 -0.41702952544635524 0.61999776235756954 7.383497547175554 19 28 37 0.27212302428571067 16 1389 15 1401 17 1408 14 1666 20 1209 10 1612
5254 2.0833540798461785 1.0996023263229353 6.551770099728377 61 39 37 0.12140499608062018 28 581 30 527 31 650 32 430 33 500 34 399 35 715 36 728
2524 -2.1979244180260236 2.4219908246817194 10.231748802312239 16 26 35 0.2748473243476896 14 1849 11 1481 12 1585
5253 1.8503368656104775 1.0970730710569145 6.4854906483783754 115 103 117 0.10392755775110658 27 513 30 512 34 389
166 -1.1490909620871963 0.29416204059555939 8.1049505454720414 33 44 57 0.87081445711989103 16 1384 8 1578 15 1395 17 1405 18 1296 14 1658 13 1453 11 1438 12 1534 10 1603 9 1519 7 1392 19 1006 21 1080 22 644 5 1176 3 1087 2 1124 24 941 23 770 25 451 26 531
2523 -0.62503553745110174 0.8138263193073263 6.93326126735563 22 30 41 1.1066269035348544 8 1622 11 1465 9 1556 10 1002 5 1203 2 946
165 -1.3053981207527756 0.28280097623449141 8.1143450532485453 167 170 183 0.46433824612094354 16 1383 8 1579 15 1394 18 1295 14 1657 20 1207 11 1437 12 1533 10 1602 9 1520 7 1391 6 1346 19 1005 21 1286 22 1109 5 1352 3 1088 4 1236 2 1123 1 832 24 1170 23 1285 25 877 26 1002 27 697 28 743
5252 1.9354069810421284 0.87300175638943744 6.8650061226184604 75 68 76 0.21987188059178911 28 544 30 495 32 611 33 696 34 568 35 911 36 685
2522 -0.56775931647817834 0.70881472504952314 7.1723078253627737 17 28 34 0.28547395702233819 13 1464 15 1402 11 1450 12 1548 10 1624 7 1410
164 -1.0657576149818748 0.21913979101080522 7.9750429041337219 21 41 65 0.60458149051584409 16 1382 8 1769 15 1567 17 1404 18 1294 14 1840 20 1204 13 1620 11 1607 12 1531 9 1693 7 1534 6 1518 19 1004 21 1285 22 1107 5 1351 3 1253 4 1235 2 1301 1 990 24 1169 23 1284 25 662 26 771 27 136
5251 1.9381979044522097 0.87275306150064846 6.8598456292191203 75 68 76 0.16898778107504164 28 543 30 494 31 620 32 610
2521 -2.1106113482968256 -1.002817669288294 9.064834880600273 115 124 121 0.26420009137170342 8 1751 11 1415 6 1502 5 1336 3 1231 2 1284 1 969
163 -1.2836290237569861 -0.031943083782619466 7.9191459860175817 101 141 163 0.83052093326219922 16 1376 8 1573 15 1385 17 1400 18 1072 20 747 17 1179 13 1449 10 1599 9 1514 7 1385 6 1342 19 593 21 785 5 1347 3 1249 4 1232 2 1297
5250 0.83127066030997032 -0.39144401009354074 9.0913016825558071 18 26 29 0.54628771194742942 28 511 30 476 31 241 32 85
2520 -1.1487238099481361 -1.6295041669863557 10.727225091548616 47 63 76 1.2957230038631726 14 1330 20 944 11 1407 22 562
162 -2.4611485479417023 -0.17338800573121649 8.6579702912229273 169 175 182 0.47435170984935093 16 1373 8 1572 15 1381 17 1398 14 1642 20 1193 13 1447 11 1432 12 1521 10 1597 9 1513 7 1384 6 1341 19 1001 21 1070 22 1101 5 1170 3 1248 4 1231 2 1296 1 987 24 1146 23 1019 25 857 27 863 26 745 28 892
5249 0.72300509804677071 -0.6553892371099963 9.1271622324557047 173 152 149 0.39109103114451393 28 503 30 468 31 540 32 319 36 861
2519 -0.62221793400567893 -2.4510652197278899 9.9922670821248065 41 42 47 0.47834467434049976 8 1733 16 1340 11 1404 12 1499 19 975 5 1319 1 957 23 1252 24 1120 26 954 27 652 28 700
160 -2.2216996673563081 -1.1995812735324525 9.2740054430456453 194 197 202 1.1126142225343594 16 1344 8 1750 15 1357 17 1553 20 675 12 1696 6 1639 21 1040 3 1330 4 1324 2 1095 24 894 25 608 30 611 36 531
5247 -0.34000016680939138 -0.92223631161886466 9.2639137831696221 64 62 63 0.19152879196355643 28 110 30 438 31 517 32 300 33 353 34 486 35 525 36 553
2517 -1.2886996811732772 -3.884369485927031 8.4743117453951395 107 122 145 0.74160543393297773 14 1561 15 1310 11 1372 12 1669 10 1722 21 1218 23 1401
159 -1.3156102132142933 -2.6438526788009775 9.2016618526347589 161 156 156 0.29967195284686643 16 1334 8 1732 15 1348 17 1360 18 1242 14 1597 20 1158 13 1424 11 1397 12 1495 10 1555 9 1481 7 1350 6 1484 21 1030 20 934 22 848 5 1313 3 1215 4 1203 2 1265 1 1050 24 880 23 975 25 601 26 703 27 645 28 424 30 395
5246 -1.6278728906454267 -0.58485368061556586 8.4437596881936496 130 142 154 0.19038606491380614 28 476 30 425 31 140
5245 -1.7171993926454827 -0.63288593363378787 8.5508617224994889 56 69 81 0.094314230788061559 28 469 30 420
158 -1.4664556203307213 -2.7063104272964744 9.1407813105993903 115 103 102 0.29016760542496378 16 1331 8 1544 15 1343 17 1354 18 1237 14 1594 20 1154 13 1423 11 1394 12 1493 10 1554 9 1480 7 1348 6 1304 21 1248 22 1065 5 1135 3 1050 4 1045 2 1082 1 792 24 1109 23 1248 25 818 26 943 27 837 28 863
2515 -2.6373392539673834 2.9963758918991998 5.5738602357988674 21 10 6 0.27182375594764269 8 1468 11 1310 12 1407
5244 -2.2859687484991116 -0.95691580188026693 9.2291810798705125 76 83 85 0.5256786956401357 28 439 30 402 29 104
157 -1.3918729274374904 -2.7578208628295511 9.1633117668932158 42 41 37 0.3846592601419746 16 1329 8 1730 15 1341 18 1235 14 1802 20 1353 11 1573 12 1489 10 1736 9 1656 7 1505 19 962 21 1247 22 1063 5 1311 2 1263 1 950 24 1106 23 1246 25 816 26 941 27 834 28 859 30 801 29 214 31 958 32 690 34 637
2514 -2.6373392539673834 2.9963758918991998 5.5738602357988674 21 10 6 0.27182375594764269 8 1467 11 1309 12 1406
156 -0.58995323437500891 -3.0180548848592088 9.1306213236243767 41 48 63 0.22061080668870256 16 1325 8 1539 15 1336 17 1349 20 1148 13 1418 12 1486 10 1548 9 1158 19 774 21 1245 22 1060 5 871 4 810 2 861 1 785 24 1103 23 1241 25 812 26 938 27 983 28 1000 29 328
5243 -0.84456102103452135 -2.7512820093824093 9.0723362347655883 96 111 112 0.26638941376844755 28 67 30 387 31 79
155 -0.99652366956099936 -3.0565550359648368 8.8640511251175802 152 170 182 0.27783048862906451 16 1323 8 1726 15 1331 17 1344 18 1228 14 1580 20 918 13 1415 11 1387 12 1482 10 1547 9 1473 7 1503 6 1479 21 1014 22 1057 5 1306 3 1208 4 1198 2 1257 1 946 24 861 23 953 19 951 25 588 27 356 26 684 28 394 30 50
5242 2.4285746395201948 1.0777316901210634 6.603706232067788 54 39 42 0.25399700362601851 28 291 30 322 32 238 31 403 33 256 36 366 35 344
2512 -1.6191992221186644 2.6440024301313274 6.1783415185251949 33 12 9 0.40842556243567013 14 1478 11 1261 10 1407 13 1299 9 1316
154 -0.47069608558698284 -3.1965676167051904 9.0802756122352886 87 89 101 1.2416108647262238 16 1322 8 1243 15 1109 17 1103 18 998 18 1436 14 863 20 916 13 1128 13 1414 11 754 12 1205 10 1244 9 721 9 1153 7 1032 7 1342 6 660 21 1012 22 832 5 512 5 1129 3 530 4 492 4 804 2 533 1 376 24 860 23 1231 25 587 26 683 26 932 27 628
5241 1.9486745939093963 1.2307246792535342 6.2992882145941564 87 87 99 0.28210661476566457 28 289 30 316 29 73 31 392 32 222 33 240 34 171 36 336
2511 -2.8059573803693456 2.5263103549631039 6.4025621291182535 29 43 46 0.66378076848951795 8 1651 11 1251 12 1354
153 -0.53391063702242225 -3.2704985183539357 8.9986051614893636 153 154 156 0.28340078929821333 16 1318 8 1532 15 1326 17 1342 18 1225 14 1578 20 1141 13 1411 11 1385 12 1476 10 1544 9 1470 7 1341 6 1300 19 946 21 1234 22 1050 3 1038 4 1035 1 618 10 1240 24 1088 23 1226 25 800 26 926 27 816 28 844
2510 -1.4042507935529192 2.5710524568522124 6.2890253241141387 144 114 100 0.29297061528996227 8 1380 11 1249 12 984 14 1071 10 1393 9 1304 7 881 6 1171 5 1225 3 947 4 939 2 971 1 709
152 -0.68587840053174143 -3.3306506288406506 8.8665953109987239 178 178 178 0.30203814910170801 16 1316 8 1529 13 1408 12 1472 10 1539 6 1297 3 1034 4 1032 2 1068 1 616 27 812
2509 -1.5763265270624411 1.2446023235676109 6.3133113835566617 122 123 128 0.78744974396146372 16 1212 11 1228 13 334 7 1148 8 975 19 640 20 778 22 680
2508 -1.465409862677439 1.3213962876400336 7.0496895759991265 109 112 117 2.1974330660916768 8 1357 17 1237 11 1227
150 -1.3078480182004175 -3.6583377700159243 8.7135252607026459 110 114 117 0.25680017391425769 16 1313 8 1720 15 1319 17 1336 18 1218 14 1793 20 1131 13 1402 11 1562 12 1463 10 1729 9 1647 7 1498 6 1474 19 940 21 1227 22 1043 5 1296 4 1190 2 1242 1 939 24 845 24 1077 23 1212 25 788 26 914 28 651 29 193 31 686 32 461
5237 0.90679461289481977 0.66998020520855983 7.310279245414498 133 136 141 0.48400881771391191 23 304 30 221 32 377 34 551 29 255
2507 0.14909235290478018 0.80469437266952881 6.2168755503224151 19 32 40 1.4600100993526068 15 1212 11 1218 10 1354
149 -1.3076764245257948 -3.6589845951754119 8.7159530681222641 110 114 117 0.28071675259110901 16 1312 8 1719 15 1318 17 1335 18 1217 14 1792 20 1130 13 1401 11 1561 12 1462 10 1728 9 1646 7 1497 6 1473 21 1226 22 1042 5 1295 3 1193 4 1189 2 1241 1 938 24 1076 23 1211 25 787 26 913 28 650 30 349 29 192 31 685 32 460 33 539 34 438
5236 -0.099202986731875886 0.77474504503693398 7.0626071448675845 63 51 61 0.15717997686659635 28 185 30 212 31 289
2506 0.29830300983596714 0.85597004151762612 6.9296958824593622 19 32 40 0.28292572091217111 14 1417 9 1258 7 1134
148 -0.83590261596602122 -3.6534142905072953 8.1144391244568475 73 74 90 0.65773028089617214 16 1311 8 1519 15 1523 17 1529 14 1789 20 1335 13 1398 11 1559 12 1673 10 1726 9 1645 7 1327 6 1472 19 1356 21 1428 24 1428 23 1405 25 1104 26 1221 27 952 28 984 29 314
2505 0.16719987523674984 0.70058504922204257 7.1688756040390045 15 28 33 0.38961336942742231 15 1205 11 1209 12 1297 10 1335
147 -1.1319490490851245 -3.7909927479591601 8.2819826448901388 95 110 133 0.3570877457679289 16 1308 8 1516 15 1311 17 1329 18 1206 13 1394 11 1373 12 1461 10 1524 9 1458 7 1325
5234 -0.50499395530110436 0.83773105347046284 6.9076070220733357 23 27 38 0.53308189617921864 27 155 28 521 30 206 31 281 32 106 33 123 34 321
2504 -0.27122997644297647 0.67897844344455127 7.2372784999307811 20 31 37 0.21114655363892576 16 1174 11 1204 12 1291
146 -1.2311803731743707 -3.8212988979093625 8.3362401610867902 107 119 142 1.1221064148026727 16 1307 8 1716 15 1518 18 1428 11 1554 21 1220
5233 0.91816110652576943 -0.37900423413105938 9.0883535823520738 44 55 57 0.78743428784239411 28 512 30 184 31 248
2502 -1.7778183693670142 -0.83794180411931363 8.7817653080535205 66 79 99 0.99485725517230039 8 1295 11 1149 4 861
144 -1.3831486143705529 -3.879808488686058 8.4653404203910103 141 142 170 0.32585826253403477 16 1305 8 1515 15 1308 17 1079 14 1270 14 1559 20 893 20 1125 13 1393 11 1370 12 1459 10 1523 9 1456 7 1324 19 937 21 988 22 809 22 1035 24 1074 23 1199 25 781 26 906 27 799 28 825
5231 0.53965863376628398 -0.76156856271223217 8.931021607665393 88 95 101 0.26214555360384845 28 132 30 155 31 197 32 309 33 73 34 269 35 547 36 569
143 -1.3831486143705529 -3.879808488686058 8.4653404203910103 141 142 170 0.32585826253403477 16 1304 8 1514 15 1307 17 1078 14 1269 14 1558 20 892 20 1124 13 1392 11 1369 12 1458 10 1522 9 1455 7 1323 19 936 21 987 22 808 22 1034 24 1073 23 1198 25 780 26 905 27 798 28 824
5230 -0.098398877376954297 -1.074260793372805 9.6056644579183565 75 80 83 0.35472592485270832 28 478 30 119 31 156
2500 -2.9153768796750192 2.7905556132341305 5.9597042152897801 41 23 7 0.308705194757462 8 1091 13 505 11 988 12 450 10 1116 9 1032 7 933 6 960 5 1077 3 1001 4 992
142 -0.83500254393160311 -3.7603709536877856 8.0992444894113564 37 70 107 0.33119420090020013 16 1303 8 1714 17 1328 18 1205 14 1785 13 1391 11 1368 9 1643 7 1492 21 1216
2499 -1.1320677392698233 2.812490371233876 5.9265619059245704 25 6 0 0.2891135043228813 13 980 14 1108 11 974 12 1027 10 1096 9 1002
141 -1.3366332882637115 -3.9193791338449673 8.4206297889411719 41 73 101 0.19784244155220079 16 1302 8 1712 14 1556 20 1122 11 1552 10 1720
5228 -1.7842842530688947 -0.95295073251219098 8.9847117865181971 101 111 113 0.14749142529059367 28 87 30 83 31 131
5227 -2.1657338305215585 -1.1569542577018916 9.2003614452385722 86 89 94 0.25678664324138012 28 432 30 79
140 -1.3366332882637115 -3.9193791338449673 8.4206297889411719 41 73 101 0.19784244155220079 16 1301 8 1711 14 1555 20 1121 11 1551 10 1719
2497 -1.7703052243099937 2.6677463991343333 6.0945780609096145 45 25 16 0.25981880444315952 14 1091 11 957 12 1002
139 -1.220617583090855 -3.9051416681067721 8.2831196920849752 107 121 143 1.3895757756167468 16 1300 8 1211 15 727 17 745 20 1118 13 1100 11 1367 12 1457 10 1217 9 1449 7 1318 19 761 21 1213 24 1071
5226 -0.81373843758975117 -2.696100351671499 9.1069398308517293 123 137 138 0.10112828711008331 28 75 30 69 31 92
2496 -2.665751109823693 2.5480259840031128 6.3380233623590065 40 13 3 0.41241332068587927 13 421 14 1077 11 941 12 986 6 897 4 704
138 -0.89582629784191137 -3.8845188205913423 8.1230234459768873 68 103 121 0.6538293344567655 16 1298 8 1510 17 1326 18 1425 14 1553 20 889 13 1388 11 1366 12 1454 10 1716 9 1446 19 934 22 1032 23 1194 25 778 26 664 28 820 29 24
5225 -0.79354778554958383 -2.7243309705987802 9.0970004513431473 91 105 106 0.19588897438293565 28 69 30 66 31 89
2495 -1.6481608429676746 2.4967551066794753 6.4046562069023052 53 27 11 0.24504781404840176 13 942 16 954 11 936 7 874 8 1010 6 872 19 664
137 -1.8969913157287905 3.0865366938963628 5.305466297236725 75 45 11 0.90980285117638582 16 1259 8 1913 15 1275 17 1305 18 1179 14 1767 15 1496 20 1085 13 1790 11 1533 12 1652 10 1939 9 1868 7 1694 6 1856 19 910 5 1645
5224 -0.93091855023834846 -2.7852568822127872 8.8981712047817147 72 73 65 0.13053855093050193 28 55 30 57 31 66
2494 -1.1865430973582929 2.4705121478107528 6.4582794437409463 42 23 9 0.2892167163989664 8 1002 13 385 11 934 12 971 10 1044 9 943 7 870 6 865
136 -1.8970708877121867 3.0852198207907851 5.3042617332882953 75 45 11 0.81224573682139956 16 1258 8 1912 17 1304 15 1495 18 1178 14 1766 20 1084 13 1789 11 1532 12 1651 10 1938 9 1867 6 1855 19 909
5223 -0.78676829575346452 -3.2463606763210686 8.8457267230198209 150 151 138 0.2213161804280209 14 74 27 351 30 43
2493 -1.4696740319245538 2.0797974075901533 6.8317704741769036 80 80 81 0.5364034814377886 8 1370 11 921 12 955 10 1380 7 860 6 1159 5 993 3 937
135 -1.4525105615246154 2.9808249582079336 5.4850468230590606 38 17 6 0.46438360084220087 16 1249 8 1455 14 1509 20 1078 11 1305 12 1404 10 1462 9 1381 7 1266 6 1250 19 901 5 1085
5222 -0.76981287071611593 -3.4147041107686316 8.7470706817220218 139 139 131 0.47331518130904915 22 35 30 18 31 22 32 9
2492 -1.3915617678043537 1.9180586784072804 6.5222427013593638 86 89 94 0.32135119120409938 15 1237 11 917 10 1030 8 992 9 305 7 327 6 314 5 659 3 302 4 641 2 325
5221 -1.6241655956849583 -0.24950578356068909 8.0197597000801526 82 71 69 0.25736717515086849 24 167 28 126
134 -0.83717431898176287 2.8152482707810673 5.8364241177810081 81 57 47 0.33642654080403134 16 1239 8 1407 18 895 17 1019 13 1321 15 983 11 1278 12 1386 10 1427 7 1209 19 704
2491 -1.5785969799300363 1.3143612987441737 6.629897018442561 57 60 67 0.8717475391824232 18 334 11 905 6 835
133 -0.89753231132553313 0.97889053872395482 6.6112745364842089 73 98 136 0.48062247638259481 16 1194 8 1345 15 1221 17 1221 18 1106 20 1017 13 1254 11 1220 10 1641 11 1471 13 1489 9 1269 7 1142 6 1137 19 833 21 1096 22 914 5 1204 3 927 3 1108 4 903 2 953
5220 -1.9732878400535379 -0.87944808492974136 9.1209600222482727 40 52 68 1.1883802925612104 27 1293 28 1282
2490 -0.64948778932996487 0.82217810207365194 7.0140052831148676 18 27 36 0.2189341059032596 15 351 11 887 7 826
132 -0.10271552139909668 0.77460452627562804 7.0814768018948326 103 75 90 0.67331099534955308 16 1179 8 1333 15 1206 17 1205 18 808 16 355 14 1412 20 761 13 1238 11 1214 12 1302 10 1347 9 1254 19 826 21 258 22 656 24 673 23 782 25 462 27 471 28 184
5219 0.92163309759905798 0.75775123811906009 7.0898224198499351 12 17 22 0.37959221278919192 27 1258 28 1262 29 597
2489 0.7925656669807567 0.86611728874299043 6.8796099104676056 55 68 76 0.5147678676539319 13 895 14 1016 11 883 12 1308 10 1350
131 -1.0578148467288488 0.40816754370882946 8.070798942569553 50 55 61 0.25425803618226644 16 1167 8 1321 15 1193 17 1188 18 1081 14 1384 20 996 13 1213 11 1190 12 1282 10 1331 9 1235 7 1118 7 1394 6 1112 19 819 21 1085 22 907 5 1181 3 900 4 888 1 838 24 663 23 286
5218 -0.14374248403487544 -3.4084381845401706 8.0725234521916178 9 13 16 0.40029258051003919 27 1279 28 1254 29 582
2488 -1.9625470414849202 0.28683846488954234 0.056451299351213902 19 28 35 0.11546132344580601 13 881 11 877
2487 -0.23110453091808159 0.83408502893678815 8.372007288832803 19 30 36 0.036798840567165106 14 1006 10 988
129 -1.2370394611994115 0.26649425446690472 8.1320049183524059 45 54 67 0.71880153600816798 16 1163 8 1318 15 1189 17 912 18 789 14 1380 20 753 13 1208 11 1185 12 1276 10 1326 9 1230 7 1116 6 1108 19 817 21 796 22 643 5 951 3 897 4 887 2 929 1 677 24 653 23 769 25 447 26 529 27 137 28 164
5216 -0.31659090347309105 -2.8937519998525927 9.3803941200049881 8 12 15 1.6797870875652161 27 1251 28 1243
2486 -0.81753051615222561 0.73244410606552646 7.1381272153353823 22 35 44 0.27232961105263276 18 297 11 871 19 146 16 352
128 -2.0627723251919559 -0.052216530142384421 8.4459067738648415 55 53 62 0.51134791283254688 16 1161 8 1574 14 1375 14 1649 13 1202 11 1180 9 1224 7 1112 6 1102 6 1344 3 892 2 1117 1 672
5215 1.5281028870834588 0.83494262058067714 7.1572987562207473 32 26 29 0.9284119376620642 27 1241 28 1234 30 1157 29 561 33 1162 34 1042 35 1470
2485 -0.070609140896277567 0.70106346105157769 6.418560338311857 18 29 35 0.73628977826383191 8 938 11 869
2416 0.42181875895354459 -0.8744984992326289 8.7160998302945405 99 130 142 0.4547008594195015 8 866 11 137 9 1196
58 -1.1765981795270688 -3.4670929905021022 8.731691204988639 81 88 96 0.30054590915030754 16 749 8 1223 17 54 15 46 18 640 14 847 20 44 13 727 11 729 12 798 10 1227 7 657 21 49 22 32 5 852 3 510 4 791 2 841 1 364
5145 1.3463272797641705 1.0585853108338696 6.6506800752156288 62 32 32 0.11659929996401844 25 186 28 220
57 0.029709437263802152 -3.2984610840164197 8.1179861371269624 147 156 151 1.9385559174229887 16 747 8 1721 13 1405 9 1648
5144 1.4503998418509405 0.90974210185129056 6.9395613583594393 47 48 53 0.0073853392831474771 27 179 28 207
5143 1.2097370650904784 0.98637511033756498 6.8110608335357252 139 111 118 0.25495833466725731 27 180 28 204 32 152
56 -1.3801178518363373 -3.7587129219048161 8.5019386502581735 182 143 164 0.23405303873587907 16 741 8 1219 15 733 17 39 18 633 14 839 20 607 13 717 11 1093 10 806 9 1135 7 1014 6 1018 21 34 22 505 5 845 3 798 4 784 23 612
2413 -0.66699199688893129 -1.0945775495189003 9.5586288268319244 103 110 128 0.07601507708367411 8 135 11 122
55 -1.0282444525567163 -3.7370497723336489 8.3091621537509059 65 73 96 0.80068457078292765 16 740 8 17 18 631 20 35 21 658 8 1218 5 1 4 470 28 364 23 610
5142 1.2819085338535956 0.8542686742672545 7.114634925777116 40 48 51 0.23055913484342599 27 171 28 198 30 234 31 598 32 381 34 361 35 661 36 667
2412 0.30211713639477367 -1.126812462706285 9.7576024142323234 89 111 112 0.4888361708282325 8 128 11 121 3 107
54 -0.85137307138532514 -3.7236815712508027 8.1489290561182806 76 105 140 0.38482615461680403 16 739 8 1215 17 751 18 628 14 1272 13 1105 11 1092 12 791 9 1134 7 1012 6 1017 19 539 21 656 23 607
5141 -0.93360417359198311 1.2466959744303709 5.0090690623601848 111 114 119 2.8805191375412944 27 169 28 186
2411 -2.1223361534310468 -1.1682113794429827 9.1652814816216779 107 112 116 0.27561258410509615 14 146 11 117 12 51 7 121 6 127 3 108 4 86
53 -0.85125375161243799 -3.7237883814869135 8.1477779422020618 76 105 140 0.39612408496279589 16 738 8 1214 15 1086 18 627 14 1271 20 603 13 1104 11 1091 12 790 10 1219 9 1133 7 1011 6 1016 19 538 21 655
5140 1.0288962838470375 -0.4713945764020796 9.0676258546348087 94 84 83 0.70283995733244853 27 127 28 159 30 179 31 237 32 84 34 53 35 102
2410 -0.88479298920348914 -1.2340113321922024 9.2087383704249834 85 91 94 0.4557141767174081 8 116 11 110 10 100 6 115 5 83 3 102 2 887 1 420
52 -0.77609630179185496 -3.7393895445211118 8.1122419598656865 157 141 114 0.63514275860487701 16 734 8 776 17 1080 18 38 18 1207 14 838 20 891 20 1123 13 1103 11 713 12 1184 9 5 7 1010 6 1 21 29 22 810 23 923 28 648 27 797
5139 0.96194559767909815 -0.49658739186269951 8.971365870163428 119 117 119 0.30566941506044265 26 129 28 157 30 172 31 549
2409 -0.35507163816032195 -1.5631748405007775 10.022197465455937 65 82 88 0.25828891059683901 20 124 11 100 10 89
51 -0.74985309062388172 3.081914980736685 5.2539738358262191 87 70 54 0.44916637730258779 16 625 8 665 17 634 15 607 18 544 14 749
5138 -0.87371106440142088 -2.6854950506367432 9.0302488124098002 99 113 114 0.098084984684551901 27 53 28 70 32 26
2408 -0.63280356778671731 -2.3497766943625304 10.120748845340859 100 77 83 0.28752985431579475 14 126 11 95 5 68
50 -1.0956690499755024 3.0318612829420615 5.353440123070575 47 27 18 0.21819362496666692 16 602 8 649 12 603
5137 -0.83251165688938444 -2.7887355499934263 9.0529277447992218 93 109 110 0.31828858656317222 27 45 28 61 30 59 31 72 32 25
2407 -0.87540128812066786 -2.5585636764256638 10.129232320693113 38 42 48 0.4309413307644453 18 119 11 87 12 37 10 74 6 96 3 78 4 63 1 413 23 118 26 450
49 -0.84939320516913097 2.6516863868309843 6.1865901483902919 62 37 17 0.2600833927371945 16 483 8 1024 15 465 17 461 18 411 14 1081 13 952 11 401 12 1363 10 1064 9 958 7 884 5 693
5136 -1.6028575467970327 -2.8119700938361878 9.2398263649941299 56 53 53 0.79559520992071997 25 373 28 57 31 70
48 -2.2783061632222146 2.5979877214363376 6.2853290420284971 62 34 17 0.29099756563451618 16 469 8 432 15 460 13 955 11 406 7 401 6 390 2 392 1 288
5135 -0.99333361971488854 -3.7536251153278806 8.2693926873415275 89 103 120 0.2675018536453202 25 6 28 3
2405 -0.48396783214565686 -2.852745213936696 9.2858815855073935 72 92 97 0.14624653632058093 20 89 11 63 21 92 23 90 25 39
47 -1.0745302573356033 2.5468601502541985 6.3494179357183667 58 32 17 0.30293133319416377 16 454 8 389 15 446 17 427 18 868 17 991 14 459 11 385 12 978 10 379 9 332 7 360 6 339 19 229 21 395 22 315 5 680 3 694 4 671 2 727
5134 -1.025449004190762 -2.8449572098250155 8.8780143272480991 141 143 148 2.0891602783383716 16 2059 15 2068 17 2060 18 1965 14 2353 8 2296 20 1793 16 2025 15 2037 17 2030 18 1937 13 2168 11 2193 13 2169 12 2270 12 2296 9 2280 7 2081 19 1594 21 1830 22 1577 22 1665 5 1782 24 1546 25 1256 23 1557 24 1446 25 1117 29 337
2404 -1.4561352382812616 -3.200444197693924 9.1216509249965743 51 52 36 0.74227743989967698 16 79 11 45 10 44 13 67 6 56
46 -1.0531815411419345 0.28222208676652516 7.9096953510458752 120 138 160 0.25688558020788971 16 316 8 265 15 307 17 292 18 791 20 235 9 842 6 755 21 233 5 201 3 240 4 601 2 656 1 486
5133 -0.93444056920111251 -3.9559879726323484 8.0830846539938825 130 119 118 1.2313679267073359 14 1261 13 1090 16 732 15 718 17 739 18 621 14 832 20 883 13 701 11 703 12 1181 19 759 21 648 22 798 24 831 23 917 25 567
2403 -0.79511263701387058 -3.2948123012987094 8.8140785262063392 184 180 177 0.50802221405233905 14 68 11 39 9 30 25 20 26 14 28 26
44 -1.1646915022043041 0.22561899779921976 7.9507096659053174 43 54 66 0.35958007633299055 16 312 8 261 17 287 20 232 13 846 10 261 9 195 6 231
5131 -0.95702394005144953 -2.8507512968394124 8.9303576953277464 151 155 165 0.76128261307559975 20 1585 21 1441 22 1220 25 813 16 1097 8 826 15 1118 14 873 20 923 13 756 11 1118 12 1213 7 1044 6 1040 21 697 22 839 5 873 3 830 4 501 2 866 1 623 24 871 26 939 27 635 28 684 30 380 29 96 31 63 32 20
2401 -1.0212249025836961 -3.3149228200000143 8.7544034816547374 73 103 118 0.33696086287796595 18 62 11 32 7 38 3 518
43 -2.535205819524939 0.022353090774693329 8.8609783214685844 139 142 150 0.50113014974247527 16 302 8 908 15 298 18 261 14 277 20 749 13 236 11 238 12 886 10 248 9 836 7 774 6 226 21 208 5 596 3 624 4 594 2 654 1 181
5130 -0.95015592363079782 2.799824009770234 5.6145108872038261 53 42 38 1.4014328835361858 25 297 27 296
2400 -1.0203683268863719 -3.3657469351942355 8.7502824585602177 71 103 121 1.2299726500205006 18 645 11 29 5 500
42 -1.7845022958353121 -0.0077356518011328229 8.1482539350590262 191 180 188 1.987996896981151 16 294 8 248 10 245 11 234 3 232
5129 -0.92786944838047791 2.4631291868149501 6.5066522503944819 80 70 65 0.36058804969093644 25 258 27 272
2399 -1.0706992644519278 -3.7914975408430078 8.2549614427725917 55 81 109 0.28892780110376604 16 33 17 35 11 8 12 6 10 4 9 7 7 11 6 5
41 -1.3320591122383121 -0.031533700375679749 8.0115733170976213 105 142 161 1.0257021795304537 16 292 8 245 18 256 13 233 12 122 7 221 3 620
5128 -1.7573454153455903 -0.24306499453234504 8.2113712969060852 168 110 82 1.3791427082630152 9 1221 2 922 27 439 16 868 14 961
2398 -1.2220876509280245 2.2641186184509188 5.6954586747234606 55 28 15 1.908809928950064 16 443 18 374 13 390
2397 -1.0566992860133579 -2.5985003764743797 9.1198613290232675 75 76 68 0.67902902427550516 15 130 14 901 13 783 16 802 15 780 17 830 18 702 14 1317 12 1228 21 108 22 81
39 -1.484175036214364 -0.19780076686639442 7.9923605260669648 62 51 57 0.39063611611870613 16 264 8 904 15 840 17 252 18 774 14 1372 20 204 11 1177 12 882 10 948 7 770 6 749 21 771 22 612 5 591 3 614 4 589 2 643 1 166
2396 -1.2242903251312209 -0.34685791587192999 7.7589591490627221 183 196 225 0.68746740421916042 15 1170 17 1391 18 1280 13 831 16 240 17 891 20 186 18 763 11 195 10 938 9 165 7 194 22 608 23 211 26 497 27 433 28 121 30 443 31 162
38 -1.4871385157134656 -0.19800217743528414 7.9848833378282711 62 51 57 0.30021755790467941 16 263 8 903 15 839 17 251 20 203 12 881 10 947 7 769 21 770 5 590 3 613 4 588 1 165
5125 1.6884059930210999 1.1265247735435295 6.4837501501893327 168 162 167 1.3996889458309594 19 168 21 312 22 258 24 703 23 348 27 208 23 349 26 270 28 566
2395 0.34183854245997658 -0.81461958974254045 8.8764597717736535 40 56 64 0.35040955764176818 8 875 14 169 13 810 16 837 17 866 18 746 15 809 20 709 11 814 12 852 10 906 9 794 7 746 6 720 5 914 3 869 4 852 2 897 1 645 24 133 23 197
37 -2.6914125368115762 -0.58438664530637074 8.8143230972503108 150 154 161 0.38763043122246899 16 217 8 897 15 827 17 882 18 756 13 1193 12 868 10 178 13 826 9 821 7 762 6 743 3 602 2 625
5124 -0.70532317485750973 -2.4515479689164441 10.022595310876985 92 85 91 0.32704692932551765 17 1125 12 1231 22 854 24 886 26 708 27 650 19 974 25 825 28 429 30 607
2394 -0.44193168339711564 -3.4335676800844519 8.9078481717706754 144 138 143 0.64061048502393869 8 791 14 854 13 1114 15 1099 17 1092 18 989 20 907 10 1231 9 710 7 1024 6 1023 21 1001 22 822 5 857 3 806 4 481 2 844 1 609 24 853 23 941 25 579 26 674 27 619
36 0.38724817627065311 -0.80609245281810082 8.8407616430336091 78 114 133 0.43803925649374637 16 186 8 1292 15 198 17 190 18 186 14 937 13 811 11 815 12 851 10 908 9 797 7 747 6 1080 21 170 22 599 5 916 4 854
5123 -0.86475062110315837 2.7426447199379478 5.9589499761285607 34 15 6 0.56807128630582349 24 1584 25 1240 27 1142 23 1626 26 1288
2393 -1.5021081339620519 -0.58011758532353785 8.3979155525288789 44 56 77 1.4043290637636412 16 1362 8 1760 15 1372 17 1385 18 1274 14 1632 20 1181 13 1612 15 1554 14 1829 11 1596 12 1708 9 1212 10 1305 7 1100 19 1163 21 1267 22 1093 4 1071 24 1139 23 1265 25 849
35 0.2286211308404823 -1.0206756567276623 9.7030076028303789 161 164 169 0.9066710364693753 16 173 8 865 18 164 9 786 7 740 17 1147 6 714 21 745
5122 -0.71546327135509113 -3.3713562030420974 8.832082901888942 156 152 152 0.38166505073950746 12 802 19 545 4 483 27 342 15 62 25 16 30 28 29 83
2392 -1.0209085646536553 -2.7446575069566808 8.9056063462199919 167 157 140 0.94771196413474712 8 76 15 101 17 93 13 80 16 786 15 768 18 685 14 880 14 1307 20 652 11 61 11 1123 10 62 9 58 7 1051 6 678 24 542 23 656
34 0.36183428169553311 -1.0588560017330053 9.7769575961963824 78 98 99 0.45958690712273709 16 172 8 864 15 802 17 853 18 163 14 156 20 696 13 806 11 1146 12 1509 10 1288 9 114 7 735 6 1073 19 789 21 1050 22 589 5 554 3 569 4 538 2 891 1 642
5121 -0.47213956206382912 -3.0755495549695548 8.9625546829071912 31 34 46 1.9672617660629665 25 1324 27 1280 28 1255 29 585
2391 -0.95278677315550242 -2.6527837419406097 8.9597414963451527 72 75 77 1.0389653112658201 8 1259 14 1310 16 1333 15 1345 17 1355 18 1238 20 1155 14 1595 13 1142 11 1396 10 1260 9 1171 7 1057 6 1049 21 1249 22 1225 24 1308 23 1427 26 1148 27 990 28 1002 29 339 32 847
33 -1.2120550956242993 -0.99043016105220072 9.1415464384917922 148 157 156 0.38449004902258321 16 165 8 144 15 185 17 165 18 153 14 157 13 137 11 128 10 124 9 787 7 125 21 136 22 118 5 559 3 118 4 549 2 129 23 157 26 720 27 667 28 451 31 491
2390 -0.54698970499636124 -3.194486901483427 9.0613783812442996 30 38 55 0.81456076840677838 14 2279 20 1747 13 2084 16 1807 15 1788 17 1821 18 1686 14 2039 20 1581 11 1827 12 2222 10 1960 10 2246 9 2171 7 1713 6 1633 6 1876 19 1553 21 1828 22 1404 5 1655 3 1319 4 1497 2 1518 1 1046 24 1442 24 1544 23 1419 25 1203 27 969
31 -1.1202548792500684 -1.0045326093032725 9.165306974432875 162 168 169 0.52873559408503312 16 162 8 140 15 181 17 163 18 151 14 927 20 145 11 808 10 118 7 737 6 131 21 134 22 115 3 573 4 847 5 907 2 592 1 430 24 108 23 159 27 669 28 453 30 414 31 493 36 813 33 584
5118 -1.0975883686645949 -3.409914530144659 8.7600327016340689 26 81 88 0.63540847815238122 26 1393 27 1215 28 1211 30 1137 29 540 31 1283
2388 -1.9735994531117478 2.6469970730656756 10.982551147844481 50 51 46 0.86107100165178441 14 2402 13 2203 11 2228 12 2345
30 1.0278577226571315 -1.0856936519507134 8.3488195478674232 187 191 194 1.0720337613745525 16 145 8 110 15 163 18 146 13 794 11 109 10 98 10 880 9 101 9 777 7 731 6 111 19 47
5117 -1.2262323665475332 -1.7455184364319516 10.770390110267344 144 153 156 0.61294833112947922 26 1308 27 1168 28 1165 30 1095 29 488 31 1292 32 1023 33 1103 34 987 35 1385 36 1377
2387 -2.6495792665379314 -0.11193523652319129 8.9855118128418106 81 88 96 0.20651398600136633 17 2074 18 2003 13 2200 12 2325 9 2316
13 -0.58686548572629837 -3.2411699384790063 8.9814713244170932 111 118 123 0.27647167749620449 16 74 8 48 15 75 17 72 18 74 14 77 20 59 13 57 11 42 10 42 9 37 7 46 6 44 21 62 22 49 5 21 3 26 4 489 2 37 24 42 23 636 25 24 26 426 27 354 28 391 30 369
5100 -2.1146042763527753 -0.63935393337086577 8.555447504423519 135 154 177 0.42746594437376728 25 1035 27 848 28 877 30 954 31 977 32 699 33 773 34 650 35 1017 36 1040
12 -0.44615629217103003 -3.378085928482971 8.939518813016889 136 135 137 0.26766262082081771 16 68 8 42 15 67 18 67 14 64 13 51 11 35 9 27 7 40 6 34 22 39 5 11 3 21 4 19 2 24 27 24 28 22
5099 -0.6872958443723105 2.804388656077426 5.9318947972126645 33 21 5 0.23434008243995164 25 747 27 776 28 810
2369 -2.4977455918246521 2.8228769798254896 5.8848235301425689 25 6 0 0.29045842913306086 14 1945 13 1937 11 1724 12 2078 10 2096 8 2076 9 2024
11 -0.80338561705370859 -3.3232050807515248 8.7856958123658018 110 111 103 0.21559684170867038 16 66 8 796 15 745 17 776 18 63 14 857 20 627 11 34 10 825 13 49 9 713 7 669 6 649 21 683 22 531 5 10 3 519 4 17 2 520 1 18 24 521 23 632 25 356 26 421 27 344 28 382 30 361 31 697 32 470
5098 2.3733346432703808 1.2447176851493369 6.2588815056350162 37 37 42 0.22005721330143696 26 840 27 760 28 807 35 968 31 1084
2368 -2.8402201009550625 2.7898706515716771 5.9651788738431479 169 139 101 0.21773959712736035 8 2222 13 1932 11 1952 12 2068 10 2091 9 2021 7 2010 6 1918 5 1697 3 1554 4 1551 2 1588
10 -0.80027559723371899 -3.3928632324556038 8.7427251961833861 130 127 120 0.30078909569999102 16 61 8 37 15 58 18 646 14 60 20 49 11 27 12 17 9 21 7 33 5 8 4 11 2 16 23 45 27 338 30 22 29 30
5097 1.3823468914798926 0.93227495460972298 6.913184051140739 0 0 0 0.14376532003028594 23 795 24 687 25 476
2367 -2.512503343801936 2.7481242867589475 6.0340705944995277 22 5 1 0.24670739219122487 14 2142 13 1916 11 1935 12 2058 10 2079 8 2053 9 2002 7 1825 6 1758 5 1575 3 1543 4 1542 5 1692 2 1574 1 1211
2366 -2.5122772892357439 2.7443333256433124 6.0251704624584326 22 5 1 0.21562972291488752 14 2141 13 1915 11 1934 12 2057 10 2078 8 2052 9 2001 7 1824 6 1757 5 1574
8 -0.93524533363894324 -3.4711058441982647 8.6034843675708768 96 115 122 0.53277500333209526 16 54 8 30 10 813 5 493 3 9 2 514 1 6
5095 2.2581973322802296 0.89101946636815266 7.0071329045828525 125 135 146 0.76882260532425217 25 483 27 723 28 559 30 721 31 875 33 706
2365 -1.5215854558731965 2.7828150451448139 5.9587224995473651 29 11 1 0.22996443972973915 14 2139 13 1913 11 1932 12 2061 10 2067 8 2036 9 1986 6 1738
6 -1.0512445352015387 -3.7522368161028363 8.2756984185959048 110 128 154 0.3691748041021915 16 37 8 16 18 43 14 31 11 11 12 8 10 8 9 10 7 15 6 10 19 9 21 33 22 17
5093 0.94298505405977895 -0.76979848562173681 9.2755812941303741 145 150 149 0.20681002001695922 26 496 27 684 28 735
2363 -2.677102322831586 2.6633770663265803 6.16229601909391 24 6 2 0.28032708035683673 8 2033 13 1898 11 1919 12 2040 10 2058 9 1983 7 1803 6 1737 5 1562 3 1531 4 1531 2 1565 1 1204
5 -0.94334654734415047 -3.7216179352859053 8.1852347850110245 107 126 159 0.35784541281262228 16 35 8 784 15 26 17 752 18 629 14 30 20 32 13 24 11 10 12 792 10 6 9 695 7 651 6 635 21 32 22 503 24 500 23 27 26 403
5092 -1.1885518756412994 -0.98415688078912733 9.1003709573902114 102 109 115 0.36368158511161369 26 721 27 668 28 452 31 492
2362 -2.5108205272354218 2.6622706816597219 6.1760250930222451 23 6 0 0.2677170980190855 14 2126 13 1895 11 1918 12 2037 10 2053 8 2026 9 1978 7 1799 6 1731 5 1552 3 1415 3 1527 4 1416 2 1561 1 1198
4 -0.95838323612515031 -3.7676838874077827 8.1886547527769871 100 121 152 0.48355496868046099 16 32 8 10 15 25 18 40 12 788 10 804 7 10 6 3
5091 -0.8617977451932467 -1.1792636339276514 9.7364661046198293 27 37 56 0.50597402381042778 25 613 27 664 28 710 30 615
2361 -2.5108286078540654 2.6599304923573941 6.1680607916279726 23 6 0 0.29011817662336886 14 2125 13 1894 11 1917 8 2025 12 2036 10 2052 9 1977 7 1798
3 -1.0349980403730843 -3.8027923949920108 8.2611100884115558 107 132 154 0.3967694968391331 16 31 8 779 15 729 17 33 18 36 14 22 20 602 13 713 11 716 12 787 10 801 9 694 7 648 6 632 21 28 22 16 24 498 23 25 25 337 26 2 27 322 28 361
5090 -0.99329034278880335 -3.7053285752917509 8.251555674525596 63 66 85 1.232125393401456 19 938 21 989 27 605
2360 -2.8365856805413809 2.6214279666062792 6.2110296962480795 189 160 118 0.19959034391413388 8 2024 13 1889 11 1914 12 2029 10 2049 9 1976 7 1795 6 1734 5 1554 3 1417 4 1418 2 1458 1 1201
2 -1.7525376651060638 -4.0263411497069415 8.758444199815413 90 109 139 0.86021027582472742 16 25 8 777 17 747 18 32 20 27 12 785 9 1130 7 1008 22 806 19 762 25 338 28 822
5089 -1.0109688259268688 2.7229499807833122 6.0852092831372602 104 93 89 0.30130609874608744 26 860 27 567 28 620
2359 -2.8364864269077619 2.6212632629958077 6.2112348325457578 189 160 118 0.18852834570032237 8 2023 13 1888 11 1913 12 2028 10 2048 9 1975 7 1794 6 1733 5 1553 3 1416 4 1417 2 1457
14 -0.94096036843095554 -3.1436809398106198 8.7740851992019913 99 118 133 0.97483121253770688 16 76 8 49 9 38 21 687 13 1125 5 23 4 1036
5101 -2.1232098069419112 -0.64330825155063898 8.567811160380634 135 154 177 0.43573860635482214 25 1036 27 849 28 878 30 955 29 346 31 978
2371 -2.6624747103519262 2.8238768357431043 5.8824267703103974 20 5 0 0.44741051291897249 8 2082 13 1941 11 1961 12 2082 10 2102 9 2029 7 1854 6 1791 5 1599
15 -0.6378634015926965 -3.1997400720177049 8.9749736473622086 115 127 139 0.35853742298250724 16 78 8 50 17 74 18 76 9 40 24 45 23 59 27 32
5102 -0.97581091501582096 -0.24075850216259204 7.8262591259738921 117 127 138 0.86572355196356743 22 1100 27 864 28 898 30 833 29 358 31 991 32 713 33 608 34 660 35 809 36 832 36 1058
16 -0.57850924752255228 -3.188371328437789 9.0229968359445145 43 52 69 0.31839538616633078 16 81 8 56 20 66 13 64 7 52 21 688 24 49 23 639 25 28 27 37 28 392 30 371
5103 -1.0330180084311453 0.59938322477540917 7.7502752511159834 17 24 32 1.2556516240953495 25 1051 27 878
2373 -2.8186922604892826 2.9183603268546485 5.7761813778597908 31 13 2 0.20839662375872894 8 2119 13 1969 11 1991 12 2108 10 2130 9 2066 6 1822 5 1620
17 -1.0950497987351799 -3.0971589804632904 8.8680299427519174 58 103 107 0.51819048148405067 16 86 8 58 17 79 14 83 20 72 13 69 11 47 10 45 9 46 7 55 6 55 21 70 3 534 4 27 2 39 1 28 23 66
5104 1.1697104398585387 0.89797011106260405 7.0237462732740923 167 177 179 0.90789333816968587 23 1293 26 1010 27 884 28 923 30 865
2374 -2.4861591817741311 2.967062768460405 5.6119413194489711 18 5 0 0.36130654223499059 14 2194 13 1983 11 2002 12 2121 10 2145 9 2079 8 2128 7 1899 6 1837
18 -0.5392478697447961 -3.1246483397314115 9.1035932795454393 92 95 113 0.24874026460546983 16 89 8 60 17 82 18 83 14 84 20 75 13 70 11 757 12 812 9 48 7 58 6 59 19 23 21 73 22 57 5 28 4 30 1 31 24 50 23 70 25 31 26 22
5105 1.2610503707004539 1.0689549627230552 6.6061098470769712 137 106 104 0.33047505426565005 26 1027 27 888 28 928 29 266
5106 1.3284230469848839 1.159582544829874 6.4111232562417211 112 91 86 0.047583956823024458 26 1036 27 895
19 -0.53931851538795061 -3.1248457062871866 9.1031834350865868 92 95 113 0.25678601365613252 16 90 8 61 17 83 18 84 14 85 20 76 13 71 11 758 12 813 9 49 7 59 6 60 21 74 22 58 5 29 4 31 1 32 24 51 23 71 25 32 19 24 26 23 27 357 28 47
2376 -2.5001356909785803 2.9856616686348398 5.5193372826489764 73 56 49 0.37904020892809015 14 2211 13 1998 11 2022 12 2133 10 2163
20 -1.4890555808168124 -3.0314851913942946 9.1305458646098643 123 104 98 0.62434703282145987 16 93 8 815 15 92 17 84 14 1294 18 1003 20 81 13 748 11 50 12 1209 10 843 9 1156 7 1038 6 668 21 75 22 59 4 811 2 859 1 619
5107 2.1123328232900089 1.1299826051225041 6.5606442899946131 129 104 100 0.13367393476198475 26 1045 27 905
2377 -0.97374342346611109 3.1635251082866715 5.1538100143641818 26 6 0 0.39459853282271418 14 2253 13 2052 11 2061 12 2188 10 2198 9 2123 7 1940
21 -1.017257346510632 -2.9090781708137921 8.9495158759536846 146 151 156 0.39268831403393301 16 97 8 821 15 97 17 86 18 87 14 870 13 754 11 763 10 847 9 738 7 688 6 670 5 872 3 826 4 816 2 865 1 621
5108 2.4214286766364688 1.2227401940385669 6.2836058631409966 133 127 127 0.39424381316078477 26 1057 27 919 28 1077 30 1015 29 403 31 1194 32 933 33 1014 34 876 35 1272 36 1289
22 -0.51115148920249942 -2.8756074072052988 9.269636417727309 106 125 131 0.35558936976879418 16 99 8 75 18 90 14 97 13 81 11 62 10 852 9 59 6 78 21 88 22 549 5 44 3 54 2 73 24 66 23 657 28 414
5109 -0.67862552012541133 2.8905457024940158 5.7026680219543229 23 12 0 0.43395762760402862 26 1090 27 933 28 971
2380 -0.6661419418048018 3.0945169764969114 5.1801717690255344 200 170 126 0.23374715488016162 14 2315 13 2118 11 2149 12 2252 10 2283 9 2207
5111 -1.1693548792399433 -2.717612516699468 9.0337498713571343 43 43 35 1.0459597887188199 25 1120 27 987 28 861 30 386
24 -0.60549897067177472 -2.8117461232802712 9.2567455834116164 100 116 116 0.32092721686769993 16 107 8 79 15 107 17 103 18 97 14 886 20 653 13 85 11 771 12 819 10 64 9 61 7 70 21 98 5 526 3 545 2 76 24 548 23 661 25 377 26 438 28 417 30 390 35 496 36 523 33 27
2381 -0.66785075861314147 3.1614817788846548 5.0288205611580041 189 157 108 0.14499260858659699 18 1927 13 2122 12 2257
25 -0.70635913984494203 -2.7740341460421618 9.1927720089041784 105 121 124 0.35836779963569371 16 110 8 832 15 772 18 689 20 930 11 773 10 66 7 704 6 82 21 704 3 59 17 812 2 78 24 550 23 662 26 697
5112 -1.1956490125091874 -2.6253095714209795 9.1340440289473008 32 30 31 0.45553639324107925 25 1016 27 991 28 1003 30 947 29 340 31 731 32 292 33 31
2382 1.3830806708787966 -0.86092394664754568 8.8760676355733779 176 186 188 0.32866033294207836 14 2335 13 2150 11 2173 12 2282 10 2315
2383 -0.66280566692345189 2.5866804306081468 6.4294997012720607 19 14 11 1.2615887277686959 18 1990 13 2182 11 2208 12 2314 10 2356
28 -1.4043013813404519 -2.6979895970637435 9.2065448215245738 94 85 84 0.30675644894483423 16 116 8 84 15 123 17 107 18 106 14 892 13 773 11 778 12 32 21 100 20 99 22 75 23 95
5115 -2.4810075981761064 -0.66269883488301795 8.5616839448152788 76 88 111 0.87363239707893348 21 1697 27 1089 28 1011
2385 -2.7362678947686621 2.919569090862717 5.7872089753260045 50 30 25 0.40311247291769553 8 2319 13 2188 11 2211 10 2362 9 2306 7 2099
29 -0.78002291394060541 -2.630528994895514 9.235962816476718 94 107 115 1.0958131071466457 16 123 8 841 17 116 13 98 12 827 7 712 6 689 21 110 22 84 5 55 2 560 2 561 1 407 24 84 24 86 31 108
5116 -1.4144099285983232 -0.31922249762855798 7.7853701352489573 137 145 158 0.49679377721568846 26 1247 27 1096 28 1023
2386 -2.7288385269729742 3.0006561760328414 5.6614401532551311 47 28 24 0.31856846261193822 8 2320 13 2189 11 2212 12 2316 10 2363 9 2307 7 2100
5147 1.9545108110378471 1.0432541098939287 6.6911217736074491 114 107 114 0.21717840401982375 27 206 28 250 30 288 31 363 32 185 33 200 34 134 35 280
60 -0.70544172864392807 -3.4065230055226992 8.801120531140457 176 178 177 0.38096964555132556 16 754 8 1228 15 741 17 766 18 647 14 850 20 618 13 733 11 736 10 819 6 646 21 678 5 856 3 514 4 12 2 843 24 851 23 628 25 353 26 673 27 339 28 378 30 571 31 440
2417 -1.1400737801271963 -0.77764662994733458 8.7960713723085977 32 67 114 0.98045491520996164 14 179 11 157 10 154 9 137 7 145 6 149 4 109 3 587
61 -1.3687530809233777 -3.3894013441584541 8.8862467901719739 51 63 59 0.28239890119270294 16 755 8 1232 15 1103 17 770 18 650 14 1286 20 622 13 1118 11 1104 12 1195 10 1235 9 1146 7 1027 6 1294 21 680 5 1121 3 1030 4 1028 2 1065 1 777
5148 2.3075914466591718 1.0055842783938913 6.7982479852363795 75 66 69 0.51855553353539185 27 514 28 268 30 526 32 434 33 502 34 403 35 943 36 738
2418 -2.2095755827246757 -0.8171182679152359 9.0533315411435904 80 103 144 0.071550089707464543 15 203 11 159
2419 -2.6342342208060443 -0.66301693840093512 8.7844780393197883 148 155 173 0.75725532776464222 14 202 11 170 10 929 19 71 3 151 2 178
63 -0.50179184539073685 -3.3503342299512711 8.9408857990123618 146 145 150 0.28923594654655477 16 762 8 797 15 747 17 780 18 657 14 859 20 629 13 739 11 743 10 828 9 715 7 670 6 653 21 685 22 535 5 504 3 522 4 485 2 524 1 370 24 525 23 635 26 676 27 349 28 386
5150 2.1719952219130541 1.1584194558432581 6.4306454460770448 72 48 36 0.1842446179864026 27 235 28 290 30 748
2420 -1.8033421618261607 -0.56622636011011107 8.4443434935413215 53 83 123 0.16647394118617639 15 826 11 177 6 167
64 -0.54368567770416354 -3.3093630868979065 8.9584292134451644 110 109 114 0.35602916718927385 16 764 8 798 18 661 11 744 12 20 7 673 19 17 5 505 3 526 4 488 2 528 1 372 24 530 23 949 26 424 27 627 28 671 29 34
5151 1.9053290469441526 1.2548264919371421 6.2059738814310466 84 93 98 0.35212907432218454 27 245 28 294 30 317 31 395 32 221 33 501 34 404 35 719 36 335
2421 -2.0724053311525097 -0.20795372329082262 4.8559358495586276 126 144 173 0.7571792399747912 8 900 11 181
65 -1.0578278428354662 -3.1347132882693849 8.8629501991007071 34 62 70 0.37217293887649983 16 767 8 804 15 77 17 786 18 996 14 861 20 63 13 741 11 749 10 834 9 720 7 677 21 66 22 538 5 511 3 529 24 531 23 638 28 41
5152 2.3126173868969242 1.2329973028693129 6.319814872205602 112 100 97 0.1957956766955935 25 240 28 306
2422 -2.5888410805277644 -0.53930550096288832 8.9257951235525272 82 86 97 0.55715679005365104 8 199 11 184 12 88
66 -0.5214645218381152 -3.0490133937507435 9.1555552932025464 99 103 114 0.35314364571401941 16 772 8 814 15 759 17 791 18 671 14 867 20 639 13 750 11 1112 12 1208 10 845 9 735 7 685 6 1036 21 692 22 541 5 519 4 809 2 54 1 382 24 866 23 960 25 592 26 688 27 631 28 400
5153 2.3546395505826125 1.2237908978223588 6.2724638960573333 117 107 105 0.12144510362185106 27 254 28 307 30 549
2423 -1.398435296444422 -0.42438863435179219 8.2365450835282772 34 71 122 0.25548552227946025 8 201 11 191 4 152
67 -0.47092375388043695 -3.0215141314171259 9.2045135345022189 89 99 109 0.28778913815163765 16 773 8 818 15 760 17 793 18 672 14 869 20 640 13 753 10 56 7 687 19 552 21 693 22 837 5 37 2 547 24 538 23 644 25 364 26 431 27 633
5154 -0.78998501386412778 2.5312635770012615 6.4336082219345379 20 16 9 0.050624879078080304 27 556 28 310
2424 -2.6902550265900596 -0.3771193921798634 8.7260709019378773 60 67 74 0.31967593357623653 14 242 11 202 10 219 9 176 7 208 6 213
68 -1.0537528288463627 -2.8682430198110613 9.0019987223262259 91 96 93 0.32706062802741986 16 776 8 828 15 763 17 800 18 678 20 645 9 746 7 691 21 696 22 545 24 59 23 646 26 30
5155 -0.71583969557559524 2.6862799048400778 6.1325354450254714 25 17 7 0.046460481752909497 25 282 28 327
2425 -1.3708931562740996 -0.27281544615910064 7.9169501015536818 152 158 170 0.32190164584948672 14 252 11 207 12 108
69 -1.4328319521831681 -2.8839226293879285 9.1569067105133826 140 129 127 0.30691092771722384 16 779 8 1249 15 764 17 88 14 875 20 647 13 758 11 764 12 1214 10 60 9 748 7 694 6 1041 21 83 22 546 3 831 4 818 2 867
5156 -0.7944876294355987 2.9824559017758401 5.5443407022962754 31 16 8 0.81856742922665104 27 306 28 336
2426 1.7479766038850517 -0.20389298129341488 8.5344728940329126 86 87 89 0.28039382127721302 14 258 11 215 10 216
70 -1.526773861931606 -2.8823119958481551 9.2032720477564904 100 84 81 0.26313651750079586 16 782 8 1251 15 765 18 680 13 1134 11 1120 10 1254 7 1048 6 1042 5 1133 3 833 3 1046 4 1041 2 1077 1 788
5157 -1.0838227722949179 -3.3682597654932409 8.7175959595569559 32 88 92 0.42937742087378333 27 337 28 376 30 21
2427 1.7509561656510009 -0.14669613664702055 8.7782947889623131 105 107 106 0.93671138124034303 13 216 18 782 11 219
71 -1.1895833104569666 -2.6722352630769599 9.119524423196502 131 135 143 0.19129847623598109 16 796 8 838 15 775 17 821 18 695 14 894 20 656 13 775 11 780 10 864 9 760 7 708 6 686 21 708 22 79 5 880 3 550 4 827 24 554 23 666 26 443 27 57
5158 -1.7508977137594903 -0.99858065937020835 8.8632155441688987 95 105 99 0.18739682811732805 25 65 28 437 30 613 31 481 32 505
2428 -2.0357188130061474 -0.26808167414446105 9.9149082401969331 119 118 124 2.0499450350032955 20 209 11 221 21 199
5159 0.67030054961223839 -1.4424135386158401 9.2597310263249906 108 125 125 2.9711664577076466 27 74 28 441
72 -1.5868735904015474 -2.6737376310425742 9.2417775726039579 53 47 49 0.43661309473112514 16 798 8 1261 18 697 13 1143 21 709 24 81 27 375
2429 -1.5574588406215999 -0.12739422280175283 8.1830521069363513 94 103 114 0.52325050021783837 15 285 11 224 12 117 7 215 5 187 3 219 2 228 1 475
73 -1.4082069421050731 -2.6186674768758995 9.1850589488890577 144 136 134 0.24220468637926426 16 801 8 86 15 125 17 829 14 899 20 104 13 781 11 77 10 867 9 74 7 711 6 90 21 106 22 555 5 56 3 72 4 514 2 89 24 557 23 671 25 382 26 704 27 646 28 694 30 602 32 502 33 566 34 465
5160 -1.5341020914088408 -0.89205898489931945 9.4103131855028579 22 35 51 0.053611428789352836 25 839 28 462
2431 -1.9327368231631752 -0.15176620108067831 9.1193792784629046 82 85 94 0.98922260849607557 16 282 15 290 10 231 12 118 19 111
75 1.0096951626288679 -1.0488632555846045 8.3225292604289649 224 227 231 0.73601331530685321 16 812 8 113 15 167 17 149 18 720 14 141 20 137 13 798 11 113 12 838 10 102 9 102 7 106 6 704 19 49 21 130 22 109 23 153
5162 -0.87247091497773721 -1.0363196305290603 9.6709678134606687 114 112 115 0.63039173553798267 27 404 28 467 30 426 31 504 33 346 35 52
2432 1.6840800895748851 0.067017904141679407 8.8780033233077358 112 114 111 0.60547748233173992 14 273 11 235 10 238 19 124
76 -0.8510958535535591 -0.97239342491948622 9.2759506780721903 151 149 150 0.46643069752107019 16 822 8 1287 14 1616 13 1168 11 1147 10 1578 9 1199 7 1083 6 718 5 911 3 575 4 850 2 597 2 1100 1 433
5163 -1.6109003211188084 -0.58358486523290165 8.4259750594726093 129 141 156 0.28205113682909971 27 675 28 475 30 424 31 139
2433 -2.8729557377958086 0.1238267382746711 8.4829564950317309 145 148 153 0.83894032630893778 14 289 11 244 10 257
77 -0.910365737459782 -0.94080583981213273 9.2274603280147751 80 82 82 0.73101756717083 16 825 8 1289 17 854 15 1366 18 1036 18 1268 14 1618 20 958 13 1170 12 1245 10 1292 9 792 7 742 6 722 5 917 3 870 4 855 2 899 1 647
5164 -0.88804006832265003 -0.48449483706478957 7.7999441289604983 61 76 98 0.75780569279063559 27 97 28 485 30 437 29 39 31 512 32 299 33 598 34 481 35 803 36 822
2434 -2.8375404398758213 0.12893626417953305 8.1922120623028043 145 148 153 0.50002150984319393 14 290 11 245
78 -2.0356002370658306 -0.83182163848989699 8.875023913285041 85 93 101 0.38285275217196163 16 831 8 1299 15 1149 17 1151 18 1039 14 1348 20 962 13 1181 11 1152 12 1513 9 1206 7 1372 6 1086 21 740 5 923 5 1163 4 1064 2 1107 1 818
5165 0.99012937243143384 -0.11041470985136395 9.0804615557223229 96 87 85 1.9827412753616387 26 157 28 516 30 668 27 699
2435 -1.9584060177169214 0.2212356691877693 8.1711757194741672 173 174 179 1.1364718538974472 17 286 18 269 1 188
79 -1.4468521233926728 -0.78770697053473782 8.9237610397185545 123 138 161 0.39714213825951472 16 838 8 1300 15 812 17 859 18 738 14 941 20 704 13 1184 11 821 10 918 9 1207 7 1093 6 1087 21 748 5 924 3 877 23 1006
5166 0.98351965253484852 0.69602670260244137 7.5153158983471551 125 130 133 0.68092748803053893 27 161 28 525 30 985 28 920 31 1161 32 751 33 837 34 706 35 1088 36 919 33 674
2436 -0.32655087163724261 0.62238196023356396 8.1399134977140903 47 56 63 0.71375677085943934 8 287 11 264
80 -1.4468521233926728 -0.78770697053473782 8.9237610397185545 123 138 161 0.39714213825951472 16 839 8 1301 15 813 17 860 18 739 14 942 20 705 13 1185 11 822 10 919 9 1208 7 1094 6 1088 21 749 5 925 3 878 23 1007
5167 1.2105258426596683 0.9332478270633936 6.9335885697005306 47 45 48 0.39115640895147602 27 481 28 528 30 484 31 854
2437 0.29582193647656829 0.63586683280568312 7.6919967482162548 36 47 53 0.6256371671713995 13 276 14 307 11 268 21 249
81 -1.6197340125070716 -0.71942379826792735 8.7537152321076555 34 55 84 0.67532449522976001 16 844 8 889 15 1160 17 868 18 1047 14 1354 20 970 13 820 11 1156 10 923 9 814 19 578 5 933 3 594 4 566 2 615 1 449
5168 2.14002093004463 0.90169342504888239 7.0083309481009275 41 51 57 0.24282446880189579 27 187 28 553 30 502 29 66 31 629 32 411 33 476 35 919
2438 -0.38861622735172735 0.64476885183775112 7.3168023110759899 14 27 31 0.39381857124025127 8 295 13 284 11 277
82 -2.7238751266060333 -0.61688866182626256 8.8039433287291242 125 129 138 0.46584266201158553 16 850 8 1307 15 227 17 878 18 753 14 952 13 825 11 833 12 866 10 1308 9 1215 7 1104 21 164
5169 2.2165800453383899 1.0064280304429922 6.7785090051381429 124 108 111 0.06137399849621486 27 511 28 574
2439 0.37992005473448454 0.72195025332157248 7.321044861181786 17 28 33 0.67029287176065833 14 341 11 292 12 183
83 -1.7991435038720249 -0.28644641447977298 8.1895004159783724 84 66 64 1.1101965174736865 16 865 8 234 17 241 14 254 13 209 10 220 9 177 7 209 21 188 22 609 5 183 4 191 4 192 2 225
5170 2.1612130233405211 1.1845387296956407 6.3697576271468979 63 43 32 0.095548468927489361 27 533 28 595 30 539
2440 1.1386628281238873 1.1195055991095431 13.340946021217567 15 25 27 1.2050514257597973 18 301 11 299
84 -1.3498656027125024 -0.20075007516369331 7.913614645485116 124 131 141 0.91843288175050075 16 870 8 1312 18 773 14 1370 11 1175 10 1316 9 1222 19 588 21 772 5 940 11 844 23 737
5171 2.473879770587545 1.1596723124150876 6.401677345946311 124 115 111 0.49152945026467382 27 249 28 612 30 755 33 520 35 736 36 754
2441 -0.13087999184607607 0.78678832302535917 7.9564142994624278 15 25 27 0.54000717170166501 16 901 11 300
85 -2.6590250282798404 -0.075463666851923017 8.9096055305948791 149 158 163 0.22573875721707956 16 879 8 1316 15 1182 17 1177 18 1069 14 1376 20 742 13 1203 11 1182 12 1269 10 1320 9 1225 7 1113 19 812 21 778 4 884 23 747
5172 2.4770449658807192 1.1781000925110465 6.3246757070482609 126 118 116 1.2400212050971873 27 253 28 613 31 674 34 613
2442 0.22304309162427727 0.78429259620147118 7.075516882682324 54 65 71 0.31580911562560005 14 344 11 304 12 195 19 152
86 -2.6608912967544431 -0.076001170564448439 8.9159184132128217 149 158 163 0.23772144899233297 16 880 8 1317 15 1183 18 1070 14 1377 20 743 13 1204 11 1183 12 1270 10 1321 9 1226 7 1114 6 1103 21 779 5 946 3 893 4 885 2 926
5173 -0.67248596912639236 2.7852259742773744 5.973431244262482 76 69 61 0.20937379280861926 27 575 28 629 30 760
2443 0.23329701288670979 0.78630827025712668 7.111060601564299 54 65 71 0.364116131758351 14 345 11 305 12 196
88 -0.9301400154356938 0.20748767412965513 7.7659403628411647 145 154 163 0.28527129529929313 16 888 8 257 7 780 5 949 3 895 4 595 1 484
5175 -1.1670061490149619 -2.5459781820006744 9.0892796405157998 82 83 78 0.12859214444759606 27 648 28 697 29 103
2445 -0.036986385096185015 0.79901550224324491 7.0459267413843616 15 29 32 0.49368832357678621 8 955 14 352 11 313 9 896 6 804
89 -1.1316866748521979 0.21887963063716609 7.9643984640882559 148 160 176 0.39655628139176524 16 889 8 259 15 303 17 910 14 292 13 244 11 248 12 889 10 259 9 193 7 227 6 230 19 598 22 639 5 198 24 650 23 766 25 445 27 462
5176 0.59088864068510849 -0.86809496179714984 8.9846099938632786 119 116 111 0.25771090796880841 27 99 28 729 31 769
2446 -0.15659476568118014 0.79142718797577827 7.025264459087996 21 28 34 0.4656219254343269 8 957 14 350 15 348 11 315 9 272 7 278 6 805 5 626
90 -1.1321271438296554 0.21936308903482843 7.9613936724256229 148 160 176 0.43290274487384567 16 890 8 260 15 304 17 909 18 271 14 293 20 751 13 243 11 247 12 890 10 260 9 192 7 226 6 229 19 599 21 795 22 640 5 199 24 651 23 767 25 446 26 527 27 463
5177 -1.1181084379699437 0.036243365034117028 7.8832667419997984 90 95 106 0.7306024555456645 27 693 28 739 30 652
2447 -1.497100878618645 1.5771031671106743 6.7428414003521144 56 61 67 0.81956846871070332 14 399 11 340 12 237
91 -0.82245546571339023 2.7003323770882735 6.102846235411854 48 27 10 0.22953078286141035 16 977 8 1389 15 968 17 1006 18 884 14 1088 20 823 13 966 11 949 12 1368 10 1074 9 968 19 687 21 447
5178 0.96699175612691068 -0.57179449391138593 9.0052871656128683 101 92 95 0.4950369410743638 27 691 28 740 30 845 29 244 31 1011 32 732 33 807 34 676
92 -1.6643790056639522 3.1353239927730141 5.1943120628441122 68 42 26 0.43196300659108594 16 1027 8 1495 18 937 14 1224 13 1374 10 1492
5179 -1.3486351679374677 0.23594140149284615 8.0081474842017055 135 138 143 1.8204941570322593 27 696 28 742 30 472 29 128
2449 -1.8719201111975421 2.5195649530663538 6.3818853022049655 60 36 24 0.46348632266298673 8 1015 11 387 9 952 7 371 6 353
5180 1.8579470743886688 0.86055537398800119 6.8219663608568322 137 135 139 0.32343398313334776 27 490 28 758 30 704 29 265
93 -1.3810302570542929 -3.9746448905067417 8.3941847869722572 135 138 162 0.45961699689903085 16 1065 8 1210 15 724 17 742 18 624 14 1264 20 597 13 1099 11 1085 12 1456 10 1216 9 1127 7 1007 19 935 21 650 22 804 24 834 23 602 25 779 26 902 28 821
2450 -1.8746864604225184 2.5166214937613818 6.3662827306245253 60 36 24 0.47517848366906712 8 1016 11 388 12 979 17 988 9 953 7 372
94 -0.85306837452862794 -3.8231414969158859 8.1002349627229684 72 126 152 0.76084270190333914 16 1067 8 1511 17 743 18 979 14 1268 20 890 11 1087 9 1129 7 1319 21 985
5181 1.8691211717222771 0.89380539630754119 6.7705773178324336 82 81 86 0.22894762515601497 27 718 28 759 29 272
2451 -0.89341410593851944 2.7269529099214407 6.0720701032040401 154 134 125 0.15890851476731796 14 518 11 423 10 431 12 366
5182 1.9735994401706609 0.93798601295208417 6.7099733394949252 130 125 132 0.53618084489377338 27 499 28 763 30 716 31 1181 32 919 35 1347 36 1344
95 -1.0837890492698314 -3.5491428661174957 8.6457531773583707 52 98 110 0.30046684143593333 16 1069 8 1220 15 1089 17 1083 18 983 14 1278 20 898 13 1109 11 1096 12 1186 10 1225 9 1136 7 1016 6 1020 21 994 22 813 5 848 3 802 4 786 2 838 1 605
2452 -2.6013746413899788 2.6750309438713114 6.1478923246262074 97 72 68 0.072152027293022239 18 416 11 436 10 1092
96 -0.99823389790097727 -3.5019644137901058 8.6461905751333283 78 113 133 0.45713199054290926 16 1071 8 1525 15 1320 17 1086 18 638 15 737 14 1566 20 900 13 1403 11 1378 12 1464 10 1531 9 1461 7 1330 6 1290 21 671 22 816 5 1299 3 1195 4 1192 2 1246 1 941 24 511 23 620 26 4
5183 1.9807027251178466 0.94815811208330747 6.8540243823369504 59 54 61 0.34006141057234679 27 500 28 764 30 884 32 777 33 865 34 733 35 1119 36 1133
2453 -2.5971610955421318 2.7609721936517859 6.006411895260908 107 81 80 0.1235005449493685 8 537 11 468 10 502
98 -0.45289838198019233 -3.4881982740059754 8.8559237547847012 147 143 144 0.42113253692017266 16 1074 8 1224 15 1094 17 1089 18 986 14 1281 20 904 11 1101 12 1191 10 1229 9 1141 7 1023 6 1021 19 765 21 999 22 817 5 853 3 804 4 792 2 842 1 607 24 849 23 936 25 577 26 669 27 615 28 658
5185 2.2427182459282573 0.98436390510142135 6.8282729148330006 28 35 41 0.22798826201595154 26 810 28 777 27 737
2455 -1.1064254157667142 2.8571108872682487 5.7844679463143747 35 16 8 0.27873167109567115 17 534 11 487 19 352 21 485
99 -0.4031964642868362 -3.4727673045615584 8.8777025383523558 71 71 71 0.32552338208520015 16 1075 8 790 15 1095 17 1091 18 987 14 1282 20 905 13 1113 11 735 12 1194 10 1230 9 1142 7 662 6 30 21 1000 22 818 5 854 3 512 4 793 2 515 1 365 24 850 23 937 25 578 26 671 27 617
5186 -2.622213157810561 -0.555741594571589 8.5720784222106676 110 115 119 0.55337766813220279 27 850 28 876 29 107
2456 -1.1056747165466554 2.8622360494244297 5.7965297527739548 35 16 8 0.25699103824369107 17 535 11 488 19 353
100 -0.34634534133653627 -3.4684371926621647 8.8940390423035343 121 125 128 0.57868154336878885 16 1076 8 1227 15 1096 18 988 14 1283 20 906 11 1103 9 1143 6 1022 5 855 3 805 4 794 1 608 23 938 26 672
5187 -2.517080853433963 -0.08795974966099801 8.7574908212249678 68 71 78 0.85540367444153309 27 1011 28 896 30 451
2457 -1.2279276588115844 2.9939051730764881 5.4468294811955698 40 16 6 0.22645610028327556 14 705 11 545 12 579
101 -1.0891238870821258 -3.309496098306314 8.7725194022486566 156 180 182 0.3909130606276337 16 1080 8 1233 15 1105 17 1095 18 990 14 1287 20 908 13 1119 11 1105 12 1471 10 1236 9 1148 7 1028 6 650 21 1004 22 825 22 1048 5 501 3 520 2 521 1 368
5188 1.9558740382162623 0.83867639548410411 6.9447537793906795 125 125 133 0.94218072177816381 27 491 28 931 30 990 31 1262 32 994 33 1074 34 957 35 1344 36 1341
2458 -0.91869742470485971 3.0213804767283712 5.3874458177249407 102 82 76 0.2310928866367831 8 634 14 716 11 550
2459 -2.4512304426375549 2.9999271535360839 5.5679536500976603 149 132 125 0.26931936004389478 13 583 15 581 11 559 10 649 9 561
103 -0.82219947884154809 -3.2731202672527617 8.7801515088193138 188 188 180 0.36217655454716108 16 1082 8 1236 15 748 17 1097 18 992 14 1288 20 909 13 1120 11 742 11 1106 10 1237 7 671 6 1027 19 549 21 1005 22 826 2 526 24 854 18 658 23 947 25 581 26 677 27 624 28 670 30 579 31 938 32 473
2460 -2.4298555300071643 3.0143193493393436 5.5913409521062656 29 12 4 0.22824121235845668 13 585 15 582 11 563 12 589 14 728
104 -0.74119268507502034 -3.2748815596393133 8.842062068103326 122 123 119 0.37147525213118171 16 1083 8 1531 18 1224 14 1576 20 910 13 1410 11 1384 12 1475 10 1543 9 1469 7 1339 6 1029 21 1006 21 1233 22 827 5 1126 4 799 2 1070 24 1085 23 948 23 1223 26 924 27 814 28 842 30 786 29 204 31 940
5191 2.0684557574079356 1.0373205947570141 6.6888953564695433 142 120 123 0.27970803317789361 27 742 28 949 30 731 31 882
2461 -1.9531888100550496 3.0461783152765269 5.4122033554986295 93 60 19 0.47869710609556582 8 693 11 580 6 573 4 449
105 -1.091215034944804 -3.166645716867075 8.8470924702478442 169 174 180 0.58724400206458283 16 1085 8 801 15 1108 17 1099 18 994 14 1289 20 912 13 1123 11 1107 12 1477 10 1242 9 718 7 675 6 659 21 1007 22 829 5 509 3 528 4 491 1 375 24 1091 19 1131 23 1227 25 801 26 927 27 818 28 843 30 789 29 205 31 702
5192 2.1589528781744587 1.1041634693411062 6.569596416159583 67 39 38 0.37403973336156165 27 748 28 954 30 908
2462 -2.9035716768683506 3.0495445249873958 5.4351952293736563 67 52 47 0.29779198648852873 8 734 11 598 10 703 9 614 7 601 12 637
2463 -1.9587391975122292 3.0741473632312775 5.2754236637091134 65 42 24 0.40041007841491322 14 770 11 600 12 651
5194 -1.7526077082771994 2.7213371519972682 6.8247290996170094 30 11 0 1.0336673279266915 27 922 30 726
107 -0.68883752829968681 -3.117248186224189 8.9943885865368252 120 143 163 0.59919322523120322 16 1089 8 809 15 1110 17 789 18 665 14 1292 20 636 13 745 11 1108 12 1206 10 838 9 730 7 683 6 662 19 949 21 1013 22 1058 5 515 3 536 4 1037 2 540 24 862 23 954 25 589 27 629 28 679 28 849 30 585 29 323
2465 -0.89670010192108485 3.1794972415614176 5.0746848642740927 75 57 49 0.56256213562651702 8 728 11 646 10 719 14 810 9 616
109 -0.6604331285059728 -2.975624102742136 9.1049312821559099 134 143 160 0.2503661020152313 16 1096 8 819 15 1116 17 1115 18 1005 14 1296 20 922 13 1131 11 1113 12 1210 10 1251 9 1160 7 1042 6 1038 19 775 21 1018 21 1246 22 838 5 521 3 540 4 814 2 862 1 389 24 867 23 961 25 593 26 691 27 827 28 855 30 795 29 331
5196 -0.93904313078908741 2.5135640787442268 6.3505091714335915 31 15 2 0.50633618117723966 27 923 28 967 29 302
2466 -1.0683633843559748 3.1909007106285983 5.0728817660822045 35 18 8 0.67838261692535351 8 745 11 658 12 725 14 816 6 608
111 -0.54959523228973295 -2.8430057481634652 9.2601074844609386 86 104 110 0.35023849483657488 16 1099 8 1254 15 1122 17 1117 18 1009 14 1592 17 1353 20 929 13 1137 11 1124 12 1488 10 856 9 1168 7 699 6 1045 19 961 5 524 3 836 4 821 2 550 1 624 24 1105 23 1425 25 815 26 1147 27 833 28 860
5198 -2.244700894863541 -1.1403503907823551 9.1643484635304073 168 173 177 0.9915585417251207 27 997 28 1008 32 851 33 768 30 398 34 792 35 1014 35 1297 36 1034
112 -1.3769474983057663 -2.6605082523957191 9.2076297941011145 72 62 62 0.35824970803954853 16 1104 8 840 15 1124 17 1119 18 1012 14 1313 20 932 13 776 11 782 12 1226 10 865 9 762 7 709 6 688 19 781 21 710 22 847 5 535 3 553 4 512 2 559 1 404 24 879 23 974 25 600 26 702 27 644 28 423 30 392 31 470
2469 -1.9222983125999722 8.6334920312241312 15.225834587932823 90 75 68 1.5243849513014349 8 768 11 693
113 -1.6450023619666987 -2.6416017553918527 9.2943001671872967 89 88 94 0.69583354916057716 16 1105 8 1546 15 1125 17 1120 18 1014 14 1315 11 1399 9 1173 6 1307 1 796 24 883 23 977 26 947 28 693
5200 0.93117776497775362 -0.54070581237459348 8.9295568087685968 146 145 151 0.57387216399572993 27 1014 28 1028 30 971 29 450 31 1142 32 879 33 950 34 819 35 1213 36 1232
114 -1.637117633968705 -2.6348944336340256 9.2722572448840133 89 88 94 0.74845267068084098 16 1106 8 1547 15 1126 17 1121 14 1316 11 1400 6 1308 2 1084 26 948
5201 0.99963310858586485 -0.49583010052491205 9.0202243256472148 130 122 120 0.3477218041636928 27 1016 28 1030 30 1061 29 453 31 1244 32 981 33 1059 34 929 35 1321 36 1328
115 -1.1562689249972893 -2.6113207981664721 9.1169939960566548 38 43 44 0.47119808551632258 16 1107 8 1545 17 1361 18 1244 14 1598 20 935 13 1144 13 1425 11 1398 12 1496 10 1556 9 1482 7 1351 6 1305 19 968 21 1032 22 1069 5 1136 3 1051 4 1047 2 1083 1 793 23 978 25 821 26 705
5202 1.1250971970647412 -0.48613181298432673 9.1996376232414914 129 115 112 0.92314570020230835 26 1172 28 1031 29 367 30 972
2472 -1.7807750799525475 -3.9109262699875202 8.719690593894331 111 89 112 0.50886450730989197 8 785 11 718 7 17 13 25
116 -1.5364306664635545 -2.627838598299598 9.258971051797392 113 103 106 1.7663294422922597 16 1108 8 1266 15 1128 17 1123 15 1127 14 1318 20 936 13 1145 11 1128 10 1265 10 1266 8 1265 9 1175 9 1176 7 1062 7 1063 6 1055 6 1056 5 885 5 886 3 844 2 877 1 629
5203 1.7501764881394211 0.98370975322827225 6.5397139689324426 122 118 124 1.1917677302229752 27 1035 28 1044 30 991 32 913 33 994 34 958 35 1345 36 1267
2473 -1.7760714899067511 -3.907610782164169 8.7159742926301185 111 89 112 0.26950545127151132 18 630 20 34 11 719
117 -1.4642357700080955 -2.5944759894058325 9.1542385329973754 138 128 129 0.27664963554104954 16 1110 8 843 15 781 17 831 18 1016 14 900 20 662 13 782 11 1129 7 1064 6 693 21 713 22 850 5 887 3 845 23 979 25 603
5204 1.9876067766206416 0.92168540872758375 6.9774590654164976 50 47 57 1.6967559231637186 27 1034 28 1046 30 1067 29 383 32 996 33 1076 34 959 36 1345
2474 -0.60901064876612221 -3.3629174404435105 8.8923135400505728 172 170 171 0.3738949755960449 18 66 11 741 7 39 5 12 2 26 25 357 30 363
119 -0.12126231016552047 -1.3936444492351732 10.030556584917315 117 137 144 1.5074930881703963 16 1122 8 1556 15 1134 17 1368 18 1025 20 946 20 1166 12 833 12 1693 10 1282 21 1041 21 1257 5 895 24 1131 18 1257 25 832 28 874 30 815
5206 -1.1673869855618872 -0.30532935662211252 7.7662708176186879 161 167 179 0.46794634072495672 27 1177 28 1173 30 1102 31 1299
2476 -1.4109416939606598 -3.1696082646136219 9.0615955783075588 96 116 111 0.11871569904742607 20 68 11 753 12 810
120 -1.8727685647638217 -0.98368679508758838 8.825930254815546 116 121 125 0.53931120511068043 16 1130 8 1286 15 798 17 1135 18 1031 14 1335 13 1164 11 1414 12 1242 7 739 6 1077 19 571 21 725 22 572 5 912 3 868 4 1060 2 898 1 810 24 570 23 992
2477 -1.7558761888223011 -2.5642782146144172 9.4287943341505862 77 87 96 1.1974371122569092 8 846 11 788 10 871 9 767 6 694 3 848 4 62 2 95
121 -2.3044287305455873 -0.98766362771708571 9.2793028076418693 73 81 85 0.63669533978919546 16 1134 8 1566 15 1142 17 1140 18 1033 14 1617 20 952 13 1436 11 1419 9 1500 7 1365 19 986 21 1046 22 576 24 107 24 1133 23 685 25 391 26 458 27 390
5208 1.2755913675745867 0.92146298093358614 6.9575412361715188 38 46 48 0.79626053126103069 27 1188 28 1189 30 1118 29 513 31 1322 32 1046 33 1124 34 1007 35 1415 36 1409
2478 -0.48705247483082642 -2.2837086713172576 9.9266447346194262 43 41 45 0.47363315374620768 17 133 11 790 10 875 9 771 7 94 4 66
2479 -0.88718297251665479 -1.3453683737139324 9.6695701082210217 48 47 52 0.54211489074729258 15 157 11 795 10 97
123 -1.1968278627870315 -0.84668913484817587 8.9778380538034561 37 57 82 0.35051009132200328 16 1141 8 1567 15 1151 17 1155 18 1042 14 1621 20 966 13 1177 11 1150 12 1251 10 1582 21 1055 22 878
5210 2.2006427184940613 1.097097982123477 6.5744648078148114 70 44 47 1.2136666575026507 27 1118 28 1202 30 1126 29 526 31 1330 32 1057 33 1137 35 1429 36 1418
2480 0.98462572892661726 -1.0033725935751128 8.5992460186720798 88 105 105 0.83763236499624905 8 860 11 802 6 116
124 -2.6378507865044494 -0.70019223135822273 8.7431971917367903 94 106 123 1.0235107683086961 16 1145 8 1570 15 1162 14 1630 18 1456 13 1187 11 1159 12 1517 10 1590 9 1682 7 1377 6 1507 21 746 20 707 5 1342 3 1239 4 1226 2 1289 1 980 24 906
2481 0.33314885772092873 -0.95034892637875312 9.5423873715291574 82 100 100 0.6647574904276663 8 870 15 807 11 813 12 1247 10 901 9 791 7 1086 6 1076 5 1157 3 1068 2 894 3 866
125 -2.0721522465691504 -0.31331077670168184 8.3483835733624296 159 118 106 0.33271630578717509 16 1153 8 1310 15 1176 17 1168 18 1054 14 1367 20 980 13 1198 11 1172 12 1264 10 1314 9 1218 7 1106 6 1096 19 806 21 1066 22 888 3 887 4 876 2 918 1 665 24 920 23 1015 25 631 26 737 27 679 28 486
5212 -2.2003065186150419 -0.64365136117595922 8.4088555638395501 67 92 134 0.26405446432520724 27 1221 28 1218 29 546
2482 -2.3023473460308992 -0.61229839509803408 8.5725634008613874 69 97 137 1.2554134984738528 8 180 11 832 10 1307 6 168 19 581 17 875 5 576 2 180 3 154
126 -2.0719307519608474 -0.31337276378840495 8.3452333145940205 159 118 106 0.36288554826060637 16 1154 8 1311 15 1177 17 1169 18 1055 14 1368 20 981 13 1199 11 1173 12 1265 10 1315 9 1219 7 1107 6 1097 19 807 5 1168 3 888 4 877 2 919 1 666 28 487
5213 0.91799682241132252 -0.31004982690474941 9.1543753886653079 134 116 116 1.3552202404770781 27 1231 28 1228 30 1152 29 553 32 985 31 1247
2483 -0.88854453907797226 0.052534683113207852 7.798417541956808 47 58 64 0.75074531497490982 16 297 11 853 9 835
127 -1.2758108827130581 -0.19369689711707144 7.8811975788030724 185 194 203 0.38061999686938014 16 1157 8 1313 15 1180 17 1175 18 1063 14 1371 20 986 13 1200 11 1176 10 1317 9 1223 7 1109 6 1098 19 810 21 1071 22 892 5 941 3 889 4 879 2 920 1 667 24 923 23 1022 25 641 26 749 27 685 28 732 30 639 29 120 31 766 32 532 33 607 34 488 35 808 36 831
5214 1.1707182256423452 -0.14574892703294226 8.9641701719534588 52 42 38 0.5516996605646507 27 1235 28 1230 30 1153 29 576
2484 0.23480387443002926 0.68772078730595265 8.1143335151752858 16 28 33 0.18444569913236908 18 799 11 860
5345 -1.767107755244556 -0.15671000096412768 8.1414185454052355 110 111 116 2.0115392057928965 18 238 14 263 5 186 25 642 28 130 18 239 5 185 27 442
258 -0.46481138737053607 -2.6862508157978291 9.3889594803733267 68 80 90 1.8493305864332741 8 1264 15 126 13 779 12 826 10 1264 6 1306 19 37 22 85 24 85 26 47
5346 0.96552354561653753 -2.5425890063114651 8.1426507403371229 129 127 120 1.5584840734821317 30 600 31 94 32 290
259 -1.0563074272794368 -2.6075365737832321 9.1528818874101781 74 74 64 0.81933668964843154 8 842 15 131 13 784 9 765 7 713 3 69 1 408 30 603
5348 0.73050863922413611 -0.66968792540370237 9.1754010075594241 12 36 33 0.49276576660702498 30 165 31 217 32 320 33 380 34 281 35 562 36 585
261 -0.74898555211992979 -2.4722782559759575 10.040847452961206 45 45 50 0.32097196504470477 8 93 15 139 17 126 18 121 13 102 11 90 10 76 9 84 6 97 22 89 7 717 5 60 3 80 4 520 2 567 1 414
5349 1.0343738098724522 -0.49783873469713968 9.0678556826169938 132 123 118 0.061380750896367721 30 173 31 235 34 289
262 -0.52353573770736106 -2.4066234579899963 9.8779196301819212 38 42 54 0.41900369073716281 8 96 15 144 5 538 2 568
5350 1.0488185804294647 -0.46104163685936006 9.0867251556123598 77 72 66 0.096258957391321051 30 182 31 243 33 97
263 -0.70815729318959331 -2.3418899357297489 10.070760424244828 107 90 98 0.36511032781220071 8 99 16 131 15 146 17 131 18 128 14 125 13 108 11 789 12 42 10 874 9 770 7 721 6 700 21 716 22 93 5 67 3 93 4 526 2 572 1 415 24 563 23 123 25 57 27 380 28 83 30 77
5351 1.0740411215521455 -0.46733016654450321 9.1165624923067305 132 123 118 0.20532064082101212 30 183 31 245 34 56 36 598
264 -0.43961794114184738 -1.4551535020513207 9.8853759539373112 163 161 164 0.46083650852547786 8 103 16 141 15 153 17 140 18 136 14 133 20 128 13 116 11 793 12 1236 7 103 19 562 21 122 22 564 24 568 23 680 27 387
638 -0.90261593419684039 -0.44435715224712002 7.8510939662677233 81 89 102 1.5264657912031629 16 1364 15 1376 17 1388 18 1460 12 1711 11 1428 13 1441 19 1168
5352 -0.56879954255672371 0.82851142344423545 6.9444627535122878 111 118 126 0.18648971754193955 30 203 31 276 32 355 33 118 36 149
265 -0.8901039574473314 -1.2253016876297131 9.1413563210167457 89 92 97 0.40467966437532354 16 144 15 159 17 141 18 143 14 139
5353 -0.57026020361779661 0.8287940179928116 6.9457408372458698 111 118 126 0.15798146401421845 30 204 31 277 32 356 33 119 34 313 35 596 36 150
266 0.91608628470817999 -1.1882398989572107 8.914903560877514 144 159 160 2.357453299711544 16 148 15 160 12 1237
5354 0.10951858184544061 0.70393976809821424 6.8805235851384756 67 64 71 2.3996469019713014 24 226 31 288 33 129
267 1.4030910137627144 -1.1419541660822197 8.8698270363385614 129 152 152 0.50196996613295608 16 811 15 166 17 841 18 718 14 140 20 681 19 568 21 731 22 871 23 161 25 397 26 75 27 409 32 533
5355 0.95585395187608546 0.65646927738771688 7.349189968805427 129 132 137 0.18811453503588402 28 189 31 305 32 138 33 156 34 351
268 1.0171064415593127 -1.0594021828477134 8.3636268423304951 229 230 235 1.104128583319439 16 813 15 168 17 150 18 721 14 142 20 138 11 114 12 839 19 50 21 131 22 110 24 576 23 154 25 395 26 72
5356 1.3176575734161022 0.9758861703542947 6.8285306050138468 88 47 53 0.33835718239281015 30 241 31 324 33 172
269 2.0111303470573096 -0.97345919993994012 8.0490509619205461 79 77 80 0.49971118166305528 16 152 15 171 17 157 20 688 22 584
5357 1.8660393129512389 0.83797765521319012 6.858722638755677 130 118 128 0.2049237763576639 30 253 31 338 32 391 33 182 35 238 36 252
270 2.0123903826104996 -0.97395063992248876 8.0542469504088388 79 77 80 0.44955941438564917 16 153 15 172 17 158 14 144 20 689 22 583
5358 1.9095969975504499 0.98323765717740563 6.6376618636452527 110 98 110 0.33119502869137557 30 271 31 355 32 408
271 -0.52982712410451316 -1.1928614889482771 9.6268950646144091 168 173 192 0.42856812841664188 16 149 15 174 17 148 18 716 20 680 21 724 22 571 24 572 23 684 25 392 26 459 27 394 28 714 30 618 31 751 32 513 33 590 34 474 35 795 36 816
5359 2.0788837383416037 1.1162669265737533 6.5327484699650151 117 92 87 0.060909497200471015 28 274 31 383 32 431
272 1.3991344972558992 -1.0280460414749468 8.9145661386086505 74 95 100 0.60200067488312292 16 815 15 175 17 168 18 728 14 920 20 693 13 128 11 120 12 55 9 109 7 120 19 56 21 743 22 585 24 122 23 703 25 407 26 477 27 421 31 771 32 540
5360 2.0330119570971585 1.1701363724180678 6.4187144918664938 93 63 51 0.12516185942538513 28 284 31 390 32 216 33 238 34 169 35 317 36 337
273 1.8183909937317573 -0.96580033225081652 8.5094440668981264 152 171 178 0.058014579473343285 16 160 15 176 23 186
5362 -1.3760009559934887 -2.6623422172705813 9.1977041601835463 37 27 21 0.42295921589458835 30 393 31 471 32 501 33 318 34 241
275 -1.2113535170767871 -0.99179948766506543 9.148972333887734 156 163 169 0.29532191786024792 8 145 16 166 15 186 17 166 18 154 14 158 13 138 11 129 10 125 9 788 7 126 21 137 22 119 5 560 3 119 4 550 2 130 23 158
5364 -0.47134693466288219 -1.0127876167587364 9.3834709968104733 70 74 77 0.99255918544232014 30 111 31 509 32 524 34 483 35 805 36 825
277 1.9322981208901093 -0.74341124184438667 8.2267360790048194 57 77 82 0.554877293938837 16 188 15 195 17 198 18 195 20 166 21 176 22 148 24 152
5365 -0.35914884404472558 -0.96336246636919387 9.2636626039408974 135 135 135 0.56192316991946822 28 107 31 513 34 484 36 828
278 -0.83055109059409249 -0.71075886805930832 7.9300549317929958 42 42 50 0.32131529708252798 16 183 15 196 17 857 14 172
5368 0.9880213955643008 -0.5287462110718999 8.9815475835527465 136 132 131 0.15720496551529239 28 155 31 547 32 329
281 -1.7256102456539786 -0.763039935828984 8.8503631221443069 102 122 149 0.24501109031065124 16 192 15 210 18 185 20 162 21 155 22 134
5369 -1.0486839566970301 0.78660934115889281 7.3737544730765814 64 71 77 1.4429721393585606 28 176 31 570 33 639
282 2.061040501696159 -0.63597238925103605 8.1687844351660654 53 63 64 0.54687784550731278 16 207 15 214 17 884 14 189 20 716
5370 -0.84804550685252955 0.81934977986499846 6.9848210757317934 49 57 62 0.11083158315155303 30 479 31 571
283 -1.7205642079215488 -0.64646659352675095 8.5601024095811304 34 49 67 0.96053957235412668 16 203 15 218 17 200 18 751 20 169 13 168 11 828 17 1160 21 165 22 598 23 710 24 604 26 482 25 621 28 468 30 419 31 502
5371 1.3175323368572283 0.87198425103702226 7.0561381138099168 114 117 124 0.17600350446709745 30 483 31 600 33 445 35 665
284 -1.4615785364213454 -0.65603978031335142 8.5986936928202429 75 100 147 0.60374598637225518 16 206 15 219 14 950 24 606
5372 1.2047169935921085 1.0634203425965896 6.6401740597438152 123 99 94 0.18906974006427635 30 246 31 605 32 158 33 177
285 -0.92080517262290029 -0.61307750556543406 8.4509083917695609 26 45 73 0.46238679176239472 16 214 15 222 18 754 14 201 11 169 12 82 9 142 8 171 7 160 6 158 19 75 5 122 4 567
5373 1.4570999598135219 0.95373286255544409 6.9037219077853438 73 45 55 0.15559654992828756 30 244 31 606 32 388
286 2.1585399849125859 -0.51381091149040226 8.2429186543107207 144 162 166 0.65088996100615326 16 220 15 232 14 203 24 622 23 741 25 859 26 756
5374 1.745199295075563 0.90708840994081197 6.6819987674132628 118 108 117 0.42576295923018131 30 255 31 611 32 392 33 455 34 367 35 677 36 676
287 1.9187482549400521 -0.5055326740764825 8.155848677087608 63 76 84 0.48554617611409051 16 221 15 235 18 218
5375 1.8724427688979342 0.86432819588527621 6.8578592347762273 84 72 82 0.16957721860910249 30 256 31 613 32 162 33 456 34 369 35 681 36 679
288 -2.765285783277259 -0.59865725807044723 8.8182887995554537 166 171 177 0.63546619756851996 8 896 16 216 15 238 17 879 18 205 14 953 13 176 11 834 12 867 10 177 9 150 7 175 6 178 5 144 3 166 4 147 2 187
5376 1.8977578732284477 0.88405941447842451 6.7432614393754964 78 66 78 0.39061481520535951 30 260 31 617 32 608
289 -2.2146409440622605 -0.56982826564619959 8.5457441038765474 127 142 168 0.89270801301386304 8 188 15 239 13 174
5377 1.9129678404857775 0.88548112310910798 6.8304717256561318 129 117 128 0.50957160360945009 30 706 31 619 32 609 34 728 35 1115 36 1130
290 1.8576328981797765 -0.5018984968949689 8.324917469675384 112 112 107 0.24473263155099012 16 225 15 241 17 225 18 219 14 207
5378 1.9681800261817726 0.87408552707001919 7.0441893641392328 74 73 82 0.23734377273698065 30 262 31 621 32 401 35 689
291 -2.1378188592368423 -0.49844724627639847 8.2761954638257098 160 166 178 0.0029783539472515719 8 194 15 243
5379 1.9611220868038117 0.87276642998852205 7.005058405870213 39 36 43 0.57504419075872992 30 263 31 622 32 613 34 573 35 912 36 937 36 1132
292 -0.86321638580627791 -0.42807843086566144 7.815376058878079 37 45 55 0.80502497691202068 16 228 15 244 21 183 20 720
5380 2.2104703766547047 0.96647714622812186 6.8598467214633176 120 123 133 0.16962429080526836 30 515 31 641 34 586 36 719
293 1.8026060454268986 -0.46661700536958817 8.4404408277737346 52 56 68 0.25475335675923544 16 234 15 246 14 211 11 835
5381 2.2155209025846854 1.0081560699883503 6.7806862543745652 126 100 108 0.40143160005369843 30 733 31 648 32 634 36 729
294 -1.8544231410054106 -0.49984001065746408 8.637852537561276 124 140 166 0.013772808451010397 16 227 15 248
5382 2.3860827746486564 1.1428843564432452 6.4758545702147892 55 39 41 0.32804508343430266 30 543 31 670 32 241 33 731 34 608 35 964 36 977
295 1.8333515670298861 -0.43190523608703835 8.4475662086990244 76 78 91 0.33816457785642096 16 242 15 252 17 238 18 228 14 214 11 183 10 176
5383 2.4354390108940356 1.1275619638859316 6.489131371163591 95 80 83 0.46932898954660102 28 601 31 671 32 446 34 189 35 352 36 749
296 1.825204203986444 -0.40884562729990215 8.5137819238070573 35 39 53 0.39575173089001647 16 245 15 255 17 244 18 766 14 954 20 195 11 837 10 931 19 95 21 197 22 169
5384 1.7235810772146261 1.8430660254047391 4.9621657756885647 149 153 154 0.36738202711454426 30 551 31 675 32 456
297 -2.7806154554586082 -0.4396682910041172 8.798435091153431 125 130 136 0.58525857065569797 16 238 15 257 17 219 18 216 14 233 13 195 11 841 8 1309 12 874 9 1217 7 1105 1 828
5385 0.79161540482583048 -2.840655602601557 8.1725683610597084 118 122 122 0.40949323262931642 30 587 31 711 32 485
298 -1.1454218087526176 -0.28090049208497553 8.0865672413486909 156 161 180 1.2410093408130256 16 866 15 270 13 208 11 208
5386 -1.3079588329671632 -2.9703264577715154 9.058851652905517 165 156 146 0.46444354250189246 26 1140 31 712 32 486 33 304 34 453
299 1.8180088973153654 -0.27375382628571637 8.7012224135574296 114 113 118 0.5293308333420107 16 265 15 271 14 248 13 833 11 203 10 939
5387 0.98132063446706097 -2.5325485807853134 7.9525341434622794 118 65 41 1.0420765539928545 30 385 31 723 32 287 33 313 35 492
300 -1.2985635733725671 -0.23359394788036669 7.8379639921704127 74 76 91 0.34023813088752514 16 256 15 272 17 246 11 214 12 112 10 223 9 179 6 212 5 182 3 214 4 190 2 224 1 162 25 108
5389 0.60109110451195902 -0.73826159156502624 8.9846861710216483 125 107 95 0.40838210897425425 30 648 31 776 32 548 33 620 34 503
302 1.8183034923980972 -0.14053506243672639 8.6374795252946743 85 86 90 0.42872474820705297 16 281 15 280 18 255 14 261 20 218
5390 1.0986157854951193 -0.30752714872214615 7.6705834786939056 66 71 77 1.0444790320162618 30 660 31 797 32 733
303 1.8875548775762145 -0.10658397973196623 8.2166762647531577 164 169 173 0.27598721397035203 16 284 15 282 17 272
5391 -0.70438536621560643 0.82114130519553763 6.959520357844128 51 61 68 0.23596328095056029 30 679 31 812 32 571 34 305
304 1.9962496595338886 -0.076408691611120488 8.2679330389099235 239 244 250 0.3167970463299043 16 289 15 287 18 260 14 265 21 221 22 190
5392 -0.70268600844688123 0.82098080570423637 6.9583930116175958 51 61 68 0.22140972138037004 30 680 31 813 32 572 33 647 34 306 35 588 36 875
305 1.9954272552769869 -0.075099261459209254 8.2645693176178909 239 244 250 0.33486673383782029 16 288 15 288 21 220 22 189 24 196 23 278 25 128 29 7
5393 1.3258994701924425 0.84118490111304489 7.124073682098472 92 95 101 0.095345287742630888 30 695 31 853 32 596
306 1.8102872305442022 -0.095359379115959597 8.7798100220149902 104 105 109 0.54447038723038488 16 290 15 289 14 266 13 220 11 849 10 224
5395 2.0786221844536992 0.92127453106908308 6.9170735581607525 114 117 126 0.45210824596675364 30 885 31 869 32 618 33 703 35 917 36 944
308 -1.190997794602441 -0.057174166840973539 7.9250142950347309 89 101 116 0.40077749255404505 16 285 15 291 17 263 18 779 14 268 13 229 11 228 12 884 10 234 9 183 22 624 23 246 25 116 26 139 27 446 28 501 30 464
5396 1.9090176063172737 1.0264648344367213 6.7559003689945714 81 66 76 0.85387780823133286 30 505 31 872 32 621 33 471 35 696
309 -1.1909582506168488 -0.058746971644880103 7.9274377265680327 89 101 116 0.42917982627925999 16 286 15 292 17 264 18 780 14 269 13 230 11 229 12 885 19 115 22 625 24 180 23 247 25 117 26 140 27 447 28 502
5397 2.1617684999512194 0.92548902815759315 6.9778556309556974 114 118 127 0.58340936642036456 30 720 31 873 32 626 33 705 34 581 35 924 36 947
310 -1.7058899663244014 -0.047325692003932496 8.2739016520519275 169 167 179 1.3228823176850086 8 246 18 254 11 232 12 121 3 230 9 187 23 245
311 1.8937393069504069 0.080477678549825113 8.1931819771157546 149 157 160 0.51556956423211175 16 305 15 297 17 283
312 1.9601848113595697 0.12028858470499212 8.5545802692677118 129 134 138 0.23997279072304536 16 307 15 300 14 275
5400 1.822229002654197 1.2403543304188704 6.247792175766028 37 40 47 0.4220203901603698 29 72 31 893 32 640 33 713 34 589 35 932 36 951
313 -1.2983621354521704 0.23805957585390916 8.1330064417435359 43 51 64 0.70085577326766402 16 314 15 306 17 289 18 276 14 296 13 245 10 957 9 199 6 234 4 599 1 187 24 197 23 277
5401 2.1980728724021925 1.1133221927086705 6.5626624121086401 54 28 28 0.17731207451469067 30 535 31 896
314 -1.0536206701173041 0.28171980719723516 7.8967581206496922 114 140 164 0.10778169364078337 16 317 15 308 20 236 21 234
5402 -1.8822056385295149 -0.57653673952894713 8.3874734173247081 68 89 128 0.52296226366729137 30 818 31 980 32 704 33 777 35 1022 36 1045
315 -1.0693536765360458 0.30348377681199645 7.949935179756479 39 48 62 0.12140784157913409 16 318 15 310 18 279 14 973
5403 -0.93833285655908139 -0.9037502744572653 9.3392797701723467 23 37 38 0.27978624473777136 30 627 31 987 32 858
316 -1.0304235928954568 0.37734149578428877 8.0371569155933287 93 93 105 0.52250112058626463 16 321 15 311 13 255 7 786
5404 -0.97720911167818625 1.0381553607573604 6.476826978839485 48 54 59 0.18906604862181439 30 979 31 1021 36 879
317 -0.79585957282581399 0.57749565394094837 7.5087481168939147 52 61 71 0.18456990062599465 16 322 15 312 18 281 14 301 11 265 22 204
5405 -0.97897110625544981 1.0394556580298835 6.4825316465913652 48 54 59 0.58239215833348501 30 980 31 1022 32 891 36 880
318 -0.21986526548635815 0.62747343313996495 7.9349532406668599 40 49 56 1.5488150435418342 16 324 15 314 5 212 4 216
5406 1.1513843171769023 1.1810678765554772 6.3887456762242012 25 25 29 0.86250670936487006 30 872 31 1048 32 905 33 850 34 952 35 1107 36 1339
319 -0.12335924302365031 0.63006152411614835 7.8740678638983583 43 52 59 1.5909328405736403 16 325 15 315 9 860 2 658 3 249
5407 1.8354104042200263 0.92393001160946686 6.6985714165929151 114 103 117 0.30857961964402364 30 709 31 1052 32 910 33 860
320 -0.17672840306942533 0.60056157091111406 7.4110066152940774 43 52 59 0.31217107041079578 16 326 15 316 14 976 12 150 7 245 8 282
5410 2.1105330603362713 1.1234049485499944 6.517032475803525 121 94 87 0.25476219184237975 30 905 31 1070 32 799 34 869 33 883 35 1263 36 1154
323 0.30565054462825136 0.68864285515145307 7.3112289189065773 22 31 40 0.3824923150198033 16 344 15 341 17 312 18 290 22 652
5411 2.0005908336854761 1.2241230024308969 6.2974078578310069 24 22 27 0.47339843786282992 30 914 31 1072 32 801 33 884 34 749 36 1155 35 1136
324 0.24492591860037616 0.77268410158240597 7.0407300127966392 18 27 36 0.40367470955997153 16 357 15 344 14 343
5412 2.4818184962029703 1.0218876692568988 6.7039005368089253 91 67 67 0.44676692884440122 30 751 31 1076 32 804 33 889 34 753 35 1142 36 1159
325 1.2360459398005839 0.86402557436938854 7.0711101570562471 146 153 161 0.43315126617114047 16 370 15 353 17 338 18 310 14 353 20 255
5413 0.91898714063513365 -3.1821105017370845 7.6919132138528656 17 18 12 0.53539987282321189 30 937 31 1098 32 828
326 -2.7948060962835535 0.87516036533491259 7.2973437402343482 123 126 131 0.81859858424666254 15 355 20 1007
5414 1.374459928438688 0.97294143790753063 6.8821389010394798 142 113 122 0.32903081082945845 30 988 31 1169 32 903 33 848 34 849 35 1103 36 1124
327 1.2542275814109685 0.93270774727511119 6.9327182322355396 63 59 73 0.33633888829217717 16 915 15 356 17 930 18 312 14 359 20 265 21 284 22 237 23 315 24 684 26 222 27 177 28 203
5415 2.4248997079813646 0.93458765116056386 6.9412244059778851 59 28 25 0.044929813943997921 30 897 31 1188 32 795
328 1.185599151749281 1.0634418177427907 6.6439156475257821 159 135 139 0.4083046991741538 16 385 15 360 18 321 14 370 19 164
5416 -1.6692812653540354 -3.2525918668216698 9.2266675126340445 32 27 28 0.52014070291769576 23 1418 31 1205 32 944
329 1.1577824572736946 1.1026354601970594 6.5112202596170272 159 136 135 0.32576285305773461 16 391 15 367 18 328 14 377
5417 2.5410505160990962 0.97284223727121566 6.8363527808983626 52 30 32 0.51952993897635891 30 1074 31 1275 32 1009 33 1088 34 969 35 1362 36 1359
330 1.2617394802961304 1.1178741142621909 6.4402811176557631 146 121 114 0.32512672487348021 16 392 15 369 18 832 14 378
5418 -1.1848281689451174 -0.85802986533698744 9.0207033300897237 20 43 69 0.12501791632734269 30 1040 31 1297 32 1026
331 1.3083081582807656 1.1325442944263346 6.4922522580051911 100 76 67 0.45101967730638903 16 924 15 370 17 363 18 833 20 779 19 169 21 847 22 687
5421 1.691267055920505 0.94506432292601927 6.6564604086993686 149 142 149 0.40306154722091431 30 1120 31 1324 33 1126 34 1009 35 1341 34 955 36 1411
334 -1.6357393755906995 1.5167827141020331 6.2691941505582678 53 58 64 0.75642814837151306 15 383 20 297 19 641 21 321
5422 1.9220386401219547 0.96052639888955549 6.7064793368328681 135 123 135 0.29716381735663649 30 1160 31 1325 32 1049 33 1128 34 1010 35 1418 36 1412
335 -1.4039917664444976 1.8170085113768422 6.7159540095461834 64 70 70 0.24208488512835219 16 935 15 395 17 385 19 187
5423 -1.2420871006345795 -1.3732137861234208 10.028052985104022 43 51 64 0.47461564162548575 30 1146 31 1339 32 1070 33 1154 34 1033 35 1442 36 1380
336 -1.3834576177973306 2.0431718854023884 6.6235818068180663 74 77 82 0.15186278981770229 16 412 15 407 17 969
5424 1.3711497436988398 -0.37511015888717369 8.6352858778889203 54 55 47 0.31208734461948257 30 1111 31 1345 32 1076
337 -1.3828362195506179 2.1795186674934244 6.6348604992331923 89 92 97 0.38194099107478136 16 419 15 413 17 398 18 351 14 1052 20 326 13 931 11 927 12 960 10 1037 8 997 9 309 7 335 6 320 21 350 22 283 5 662 3 313 4 647 2 706 24 334 23 419
5425 2.4539836172078799 1.0936055050173801 6.5329041081026658 56 45 50 0.33885955012821395 30 1205 31 1380 32 1108 34 1087 35 1485 36 1473
338 -1.2829068002191779 2.3268291048228549 6.7423512955522797 36 34 37 0.96093011283091101 16 428 15 423 11 364 10 366 13 375 9 939 7 339 5 665
5426 0.84789640912227393 -0.48664775107334646 8.6064651268364347 11 38 71 0.90290191341017478 30 1199 31 1386 32 1129 33 1217 34 1100 35 1501 36 1487
339 -1.3142911865990115 2.324317507675838 6.7493007562765808 107 108 113 0.43742428837593222 16 429 15 425 17 978 18 356 20 333 13 935 10 1040 9 937 7 865 19 656 21 358 22 712 3 673 2 710 24 338 23 427 25 247 26 314
5427 -0.5629848148745672 -1.2714718243967615 9.6696006365448248 83 90 98 0.20434416699449601 30 93 32 40 33 46 31 134 35 41 36 66
340 -1.3189109186792047 2.3291820877460321 6.7723101439905209 107 108 113 0.23699414751369322 16 430 15 426 17 979 18 357 20 334 19 657 21 359 22 713 23 428
5428 -0.79207307382207548 -0.84279407012527285 9.2725498476477917 65 80 87 1.5629462341014184 30 117 32 50 33 54
341 -1.5807026077603963 2.4893125304791237 6.4204718078836578 103 79 69 0.2458620325461589 8 382 15 435 18 370 10 375 3 696 5 681 4 673 2 353 1 532
5430 0.67846086372783609 -0.89541245410784565 9.1096584617259087 91 109 109 0.51093918573278496 30 149 32 66 34 41 35 73 36 564
343 -0.94348975155936476 2.544725486161171 6.3760451158642697 72 39 14 0.3599945758430495 16 450 15 443 17 424 14 455 20 356 13 395 11 379 8 381 12 294 9 327 6 333 19 228 21 396 22 316 5 263 23 454
5431 0.71113442468343113 -0.88346168150261839 9.1263885615389917 174 175 180 0.75885239926497972 28 127 30 150 32 71 33 71 34 42 35 75 36 100
344 -1.0477067397188633 2.5594041360991828 6.3442519050772299 127 96 81 0.25060490802561741 8 390 15 447 17 430 18 392 14 461 12 302 10 383 19 232 21 400 22 322 24 370 25 264 26 335
5432 1.4818971617419976 0.8682379229093109 7.1684653491601189 81 54 63 0.63571677897041756 31 321 32 154 36 243
345 -2.1910930049799728 2.5226590491888174 6.3626350790940709 54 35 19 0.2388158266490179 16 451 15 449 14 470 11 393
5434 1.9004753183172611 0.86030232009244634 6.9191110687292348 109 102 109 0.36833733486689618 31 614 32 163 34 373 33 187 35 685 36 259
347 -1.7031380983829556 2.5790606936794247 6.3109730173037057 70 39 21 0.3495325239105595 16 463 15 455 17 432 14 478 20 361 22 305
5437 1.4969545652318552 1.1742903414614978 6.4432331581787885 97 77 76 0.18848835545340895 31 353 32 171 33 465 34 380 36 275
350 -1.5041318519335709 2.7505933332055434 5.9933413853976569 50 26 21 0.20301362258985392 16 506 15 489 18 438 14 555 20 400 12 401
351 -1.8035001504565984 2.7632735158553929 6.0205835355519319 30 11 4 0.19701545125045575 16 507 15 496 17 496 20 399 13 467 11 456 12 406
5439 2.2072544337351951 0.89849086691621172 6.9965835952887145 106 113 121 0.27176584806404436 31 358 32 182 33 484 36 301
352 -2.4410644837731827 2.7718159874265527 5.9987551416823521 35 15 8 0.43621084596194082 16 509 15 503 17 497 18 439 14 582 13 482 8 530 11 978 12 428 10 501 9 435 7 469 3 421 4 375 1 580
5440 1.6759215980386895 1.182833956753703 6.3845644086947626 75 65 66 0.087289251766019468 31 366 32 184 34 128 35 270 36 290
353 -1.6396875223909357 2.8186417680730167 5.8966020656103968 152 132 125 0.19072544339147435 16 522 15 511 17 518 18 452 20 415 13 487 11 472 19 338
5441 2.1245687847447323 0.95922970831692544 6.9100112474559499 75 75 83 0.26457418446551723 31 364 32 187 33 207 34 140 35 284 36 303
354 -1.6397506287840624 2.8156052536414307 5.8897972947930253 152 132 125 0.10388824716819789 16 523 15 512 13 488 11 473
5443 1.985459913007209 1.0517625052436763 6.6714741267457143 57 46 52 0.13401716085287821 31 638 32 193 33 487 34 391 35 700 36 711
356 -1.8033527216678467 2.8199209103650529 5.8653858132101329 150 130 123 0.16499196291612775 16 530 15 517 18 459
5444 1.8142623151929702 1.2254495593946011 6.2732498133952284 35 36 41 0.18820766408859191 30 307 32 206 33 222 34 154
357 -1.789092971565668 2.8390512811925976 5.88572020593812 38 19 12 0.14163541588724887 16 531 15 519 17 525 14 607
358 -1.9731157012615705 2.8496592119118409 5.8988656008357276 131 112 105 0.17066143858748328 16 532 15 521 17 524 20 418 19 343 21 457
5446 2.0619026659255995 1.1467488792164895 6.45017779574711 122 95 88 0.30268709454128917 31 385 32 212 35 717 36 954
359 -0.85782340960485126 2.8776239133260626 5.78210779325385 169 149 140 0.17087931476434454 16 540 15 524 17 547 18 473 20 447
5447 1.9196623795156729 1.2332971942450213 6.2391812059665677 82 85 92 0.13140789095807595 31 657 32 217 33 237 35 315 36 328
360 -2.4602038220520823 2.8546104541100745 5.8473013904938931 133 119 108 0.15490113238530981 16 536 15 526 18 464 12 480
5448 2.3016659173256482 1.0584901300885099 6.6155440328673274 101 63 71 0.32496881601863353 30 314 32 225 36 347
361 -2.4602038220520823 2.8546104541100745 5.8473013904938931 133 119 108 0.15490113238530981 16 537 15 527 18 465 12 481
5449 2.2343545854633526 1.1268909518668067 6.5271107243075752 117 96 91 0.27321119858040016 27 529 31 399 32 231 36 350
362 -1.1141074745324078 2.9336533540562146 5.6137745531915089 28 9 2 0.15745296639009354 16 571 15 545 14 658 12 529
5450 2.400659335147624 1.1015160522878271 6.5643199786323194 63 52 56 0.082889270518887087 31 404 32 239 33 258 34 409 35 346 36 369
363 -2.2986799061734442 2.9363471292102865 5.7377445615248925 152 133 127 0.17869571342929808 16 565 15 548 18 483 17 557
5451 2.3534328824457744 1.2229058676345512 6.2730762216530671 111 98 97 0.23010906736611994 31 408 32 245 33 264 34 414 35 354 36 377
364 -0.94435842582365837 2.9903242205308636 5.4787137872422882 32 16 8 0.27521230538124586 16 581 15 564 14 687
5452 0.93019392460931194 -3.1316983774461278 7.6901366576138956 81 84 77 0.9134366373418582 31 18 32 265 33 290 34 223 35 471 36 507
365 -2.1194727982534287 2.9789761062384419 5.5772476667843538 140 121 113 0.20538147627524883 16 577 15 567 17 573 18 497 14 708 12 569 13 568 19 396
5454 -0.9277910612479221 -0.2810576333127307 7.7362199800344724 119 121 133 0.22575927511437177 30 452 32 303 33 354
367 -1.4052399294160414 2.985240909581329 5.4821918239565939 31 11 5 0.26467443068977281 8 633 15 570 14 702 19 403
5455 -0.9277910612479221 -0.2810576333127307 7.7362199800344724 119 121 133 0.22575927511437177 30 453 32 304 33 355
368 -2.2846695150916694 2.9861616084078295 5.5617668103221005 143 129 119 0.20909812823479418 16 580 15 576 17 574 18 498
5456 0.57609414032639028 -0.69119489121272581 9.0112569421514532 63 47 42 0.47387704032689271 30 465 31 209 32 312 33 371 34 277 35 554 36 580
369 -0.60055027100235081 3.0502269680262519 5.3684061998380486 144 129 118 0.32100511513644719 16 603 15 585 17 605 18 523 14 719 20 508 13 578 11 552 12 602 19 423 21 550 22 430 24 443 23 528 25 313 26 391 27 314 28 640
5457 -0.8593250014131748 1.021308402864054 6.6101710566171086 37 58 79 0.76635904733427052 28 523 32 359 33 120 35 599
370 -1.8080272847593712 3.027266829794681 5.4267288768453961 200 168 128 0.21868051506372729 16 597 15 590 20 481
5458 0.32948270573161298 0.86470180431130528 6.8908428883878523 53 56 61 0.083839435153933953 31 592 32 374 33 434
371 -0.82187040245800969 3.0445922743660359 5.3205429277922072 115 94 83 0.16614786557501787 16 609 15 591 18 527 17 611
5460 1.2851171810941424 0.85316568185363506 7.1104961197427459 55 58 63 0.18387290279389071 31 599 32 382 33 444 34 362 35 662 36 668
373 -1.1133889484095238 3.0696297240345181 5.3765753594776369 157 138 131 0.15683177900135242 16 610 15 593 17 609 18 524
5461 1.3469921250339798 0.92111928094736795 6.9742397421496678 128 127 135 0.18653949984752663 31 602 32 384 33 448 34 363 36 670
374 -1.112231460973433 3.0540189314770303 5.3425493080805184 157 138 131 0.21424869747221442 16 611 15 594 17 610 18 525 20 841 11 569 13 592 10 642 21 925 22 763
5462 1.4625875348964859 1.1246848950349584 6.5044450354895709 63 44 37 0.13259693849011137 31 623 32 397 34 374 30 500
375 -2.2425976182517728 3.034563636451777 5.4396623197043912 32 15 5 0.45666856691413393 8 1150 15 595 18 516 9 579
5463 1.5494228550486477 1.1063158947676088 6.5302580516947808 127 112 107 0.38519733037911497 31 624 32 402 33 458 34 377 36 684
376 -1.0923612732185377 3.063978076094835 5.3471822354782494 36 17 10 0.32865069566513427 16 614 15 598 17 614 20 505 11 571 12 618 14 740 10 645 7 550
5464 1.9395942333635108 0.91158521730430353 6.7851180700648204 102 90 100 0.34607593993866698 31 347 32 403 33 463 34 378 35 690 36 688
377 -0.98322029983022441 3.0623163573192929 5.3197281427132479 149 126 120 0.17094674339776286 16 616 15 599 17 617 18 532 14 1179 20 510 19 431
5465 2.311945850113323 0.93966191286988854 6.8922728496926249 107 112 118 0.04646987068080561 31 644 32 421 35 714
378 -1.4425333331438139 3.0675467854707046 5.3248195396894893 146 127 113 0.15511464180398812 16 617 15 604 17 615 18 530 20 501 19 434 21 529
5466 2.2097241535330285 1.0205613614041154 6.7431259550900311 117 80 87 0.33811793825576436 28 267 32 429 35 305 36 731
379 -1.4421697179088477 3.0671479228871776 5.3258856843986813 146 127 113 0.23676943787548138 16 618 15 605 17 616 18 531 14 751 20 502 12 629 19 435 21 530 22 761
5467 2.117949746938022 1.0950159842984459 6.5618862451032447 129 101 100 0.38207371053545447 31 653 32 433 34 400 35 314 36 734
380 -1.2918623076007822 3.0732312211064201 5.2787779250221059 45 22 16 0.15009363380222407 16 624 15 611 17 623 14 755 12 638 19 441
5468 1.9675489192301927 1.2052282489316126 6.3296996661410603 125 109 107 0.34726815770073211 31 389 32 437 35 316
381 -1.475744398468346 3.082775194862494 5.3135179516876452 158 136 125 0.16155219876715646 16 623 15 613 18 534
5469 2.0853335926459549 1.1672501204579464 6.4852799830920693 126 96 86 0.16117413995205376 31 659 32 438 33 504
382 -1.0747551482001905 3.0955415262542507 5.2063875229509211 41 20 14 0.58777410504689842 16 635 15 620 17 643 18 550 14 765 8 695 20 847 13 1043 12 650 10 1167 9 1085 7 968 21 558 22 766
5470 1.9580227069198335 1.2669028488878809 6.2489273873115003 22 26 35 0.36581517292712962 30 538 32 441 33 507 34 596
383 -1.9379015495208081 3.0923386407907953 5.3032983163913094 148 126 106 0.37310941127554192 16 629 15 621 17 626 18 538 14 1206 20 507 13 620 11 602 12 652 10 691 6 594 8 721 19 445
5471 2.4108113406027556 1.1710342121335491 6.3819635533822376 114 100 95 0.21165598848929404 31 673 32 448 33 263 34 412 35 734 36 750
384 -1.8013184129892479 3.0917232294495327 5.2745101460642623 187 155 108 0.27550209155219069 16 630 15 622 17 629 20 511 19 449
5472 0.33996513686441754 -0.76942544891593845 8.8291232563319468 133 132 137 0.20940857589852782 30 454 32 537 33 614 34 491 35 815 36 838
385 -0.81051302438552808 3.1146191320722756 5.1897146476108986 137 117 108 0.14608709257218508 16 645 15 623 17 652 19 461
5473 0.85483193769925492 -0.529240256661346 8.9433774972078748 52 57 69 0.23193496532719171 30 844 31 546 32 555
386 -0.94290188524459095 3.1135159427309858 5.2017385935232721 156 137 130 0.15706900912568245 16 642 15 624 17 647 18 553 20 523 19 457
5474 0.75259896087718448 1.0534802948966293 6.5032936946145634 43 46 53 0.27405775384752101 31 850 32 595 33 443 35 660 36 920
387 -0.94290188524459095 3.1135159427309858 5.2017385935232721 156 137 130 0.15706900912568245 16 643 15 625 17 648 18 554 20 524 19 458
5475 1.3065177291964001 1.059082127695093 6.660278161896267 63 29 28 0.21491237486996032 30 701 31 857 32 600 33 686 34 557 35 900 36 925
388 -2.1013062330739176 3.1091312906946236 5.3127280252067974 130 116 107 0.23013283200715709 16 633 15 626 17 628 18 543 19 448
5476 1.4740272819422255 1.0659013264903971 6.5643376288058173 134 116 115 0.34377386640872576 31 861 32 605 33 854 34 725 35 1111 36 1129
389 -1.4094055621942576 3.1215465529009387 5.1982336720749629 35 16 9 0.1561687735594762 16 648 15 638 18 557 19 464 17 650 21 555
390 -1.2696078184539663 3.1300752928012865 5.1824561247920933 138 119 113 0.19620684278674169 16 651 15 640 17 657 18 562 20 526 21 562 22 437
5478 1.9298177830543546 0.91264130657511455 6.7431390582717547 129 117 127 0.51567627060707621 30 710 31 865 32 614 33 697 34 574 35 913 36 938
391 -1.2690911000034981 3.1305644529584917 5.185683989051622 138 119 113 0.28854876304385535 16 652 15 641 18 563 17 658 20 527 13 632 19 467
5480 3.0863011210862799 0.44179754210725458 7.1674270041603263 64 65 57 0.38980997931445077 31 871 32 624 33 709 34 583 35 929
393 -1.7669044844003938 3.1466134051965469 5.1580253390908259 156 128 106 0.37676859427799186 16 1033 15 656 17 667 18 940 20 530 21 933
5481 1.8796552519742571 1.0667823471694722 6.5424368680005394 138 127 135 0.49277209079670675 31 874 32 625 34 386 30 510 35 918 36 292
394 -1.7669949103187554 3.1463640355034883 5.1608563797971891 156 128 106 0.38269302133461869 16 1034 15 657 17 668 18 941 14 1233 20 531 13 651 11 647 12 1144 10 741 8 752 21 934
5482 2.3931775748920074 1.1559886505963548 6.4411454993031327 122 107 104 0.19009957525044288 31 906 32 650 33 732 34 610 35 965 36 978
395 -2.0598438996147932 3.1437607503676408 5.1725895642890434 38 23 16 0.20253198155255986 16 670 15 660 17 662 13 659
5483 1.1268682420415375 -3.0542069089159867 6.9706334901908891 102 102 102 0.71150244132889884 31 924 32 660 33 1022 34 886
396 -0.60793277476355878 3.1850665810409899 5.0671807308821704 39 21 6 0.31453845951516923 16 1041 15 661 18 584 14 796 13 648 12 712 19 498
5110 -0.99269612396705509 -3.7545638904760512 8.2235058953284526 78 91 112 0.23707694170766591 25 990 27 947 28 981 30 930 29 311
5485 -1.1845829442770528 -0.98855536573339242 9.1195067444367446 81 88 90 0.3567918620159235 30 814 32 702 33 582 35 1020
398 -2.0913142679205734 3.159482480867446 5.1551090046894048 122 109 101 0.22369854109909149 16 673 15 664 17 672 13 667 11 666 12 719 19 485
5486 1.253903014088249 -1.0194583244233399 8.9408827292937332 92 111 110 1.1791206321723064 30 456 31 994 32 718 33 617 34 497 30 963 35 544 36 567
399 -2.0922381423253711 3.1615600609658068 5.1598716164015341 122 109 101 0.18073998504024058 16 674 15 665 17 673 19 486
5487 1.0781569801678526 -0.55580769104015981 7.7485285487068696 114 115 121 0.67448046029223585 31 1002 32 724 33 797 35 825 36 852
400 -0.6361389768846677 3.1850435599209383 5.0069502411471873 67 43 19 0.40611207766441532 16 687 15 668 17 694 20 859 13 658
401 -1.0971515196521187 3.1924137951460181 5.074620776805669 161 140 135 0.20260310916865804 16 682 15 670 17 686 18 583 19 501
5489 1.3194900834544452 1.0183200817609597 6.7599998014703608 81 42 47 0.35424108885930128 31 1043 32 761 33 685 34 556 35 899 36 924
402 -1.0533908483145673 3.219409875485451 4.925099000392593 29 12 5 0.28407874746365619 16 702 15 683 18 602 17 705 20 556 19 519 22 468
5490 1.2451892157894271 1.0760309768811034 6.6271164650622714 129 100 92 0.15986176527335025 31 1045 32 763 33 849 34 720 35 1104 36 1125
403 -0.75519768406343135 3.2410202418270497 4.9208863833217693 33 10 2 0.30549600055806486 16 706 15 684 17 711 18 609
5491 1.3170608326470941 1.1652361566052769 6.4229114186761471 111 86 81 0.21186277916794261 31 1175 32 769 33 855 34 726 35 1244 36 1128
404 -2.0794236437142426 3.2195268588162835 5.0082418948917544 108 97 93 0.32428108747021811 16 700 15 693 17 700 18 593 19 514
5492 2.7799665396006041 0.50258310589907862 7.4013896506215096 34 39 32 0.85328255328590996 31 1178 32 774 33 1000 34 735 34 860 36 1136
405 -0.89496615411868619 -4.0437629318173833 8.0237483552432813 187 137 146 0.099357973445637821 16 723 15 702 17 15 20 583 23 593
5493 1.5340124333416001 1.1474901252504721 6.4740033460438449 55 34 29 0.21890887289433955 31 1057 32 775 33 698 34 730 35 1116 36 1131
406 -1.0807916843631937 -4.0587760941094926 8.1140772038207505 138 97 109 0.42975317445974232 16 6 15 704 17 729 18 616 14 825 20 6 13 3 21 8
5494 2.1696161442808144 0.82127627178218798 7.1400012153680175 156 160 161 0.26420737690129098 28 937 32 776
407 1.695526722465114 -3.5451024056596836 6.9294352505233725 139 160 162 0.63640059567766327 16 724 15 705 24 486 19 534 23 910 25 327
5495 2.0058850752634387 1.0268677610734069 6.7203645990625231 67 52 62 0.13438311239447337 31 1059 32 783 33 870 34 741 35 1124 36 1138
408 -1.6029922978304083 -4.1477503420716646 8.4677629234533427 142 128 128 0.2178344001975244 16 727 15 710 21 642
5496 1.6700935777681867 1.216110822870228 6.3005139977781699 85 85 91 0.37893254180302521 30 895 32 785 33 869
409 -1.5207292250957984 -3.8997164911382924 7.9583482842725806 136 127 130 2.0162115457513918 16 729 15 712 20 589 13 694
5497 2.1812321379137791 1.0636603623619789 6.6485121843396966 73 36 43 0.30481209712037377 31 1066 32 796 33 882 34 867 35 1134 36 1152
410 -1.5207292250957984 -3.8997164911382924 7.9583482842725806 136 127 130 2.0162115457513918 16 730 15 713 20 590 13 695
5498 2.1953539011540815 1.1314581057713209 6.5255405991362094 125 102 94 0.21343534167551392 31 1073 32 802 33 885 34 750 35 1138 36 1157
411 -0.92437615225486003 -3.9524667248481631 8.0826968752150314 129 119 118 0.26323566385292774 16 731 15 717 14 831 11 702 21 647
414 -0.82566612769568359 -3.8705301125853064 8.0685093403380801 97 99 103 0.59844066548792885 16 1063 15 722 17 1076 18 1204 16 1299 20 887 13 1097 13 1389 11 706 12 1455 10 1214 7 1006 21 984 23 601
5502 2.4082625272601432 1.1039777091201675 6.5917082030549583 60 48 52 0.61580774498838997 31 1080 32 808 34 754
415 -1.0466239763370724 -3.868954588152405 8.1835830014474187 108 135 157 0.38091480438153247 8 774 16 1066 15 726 17 26 18 625 14 835 20 598 13 706 11 710 12 1183 10 797 9 692 7 646 21 25 22 805 23 22 25 570
5503 2.4582399197603526 1.1076095824782439 6.5015470509218662 29 20 21 0.41623765075551905 31 905 32 810 34 756
416 -0.96924113423987601 -3.8043341392473087 8.1811799207506226 49 68 87 0.43738105140548772 8 1212 15 728 18 626 20 601 13 710 22 499 23 606
5504 2.2945793141906341 1.2257881676436235 6.2975690044079347 109 91 87 0.37092356625763595 31 1082 32 811 33 892 34 757 35 1144 36 1161
417 -0.3932768085699388 -4.0177637481773605 8.6891999338540877 90 82 71 0.48065600834736999 16 735 15 730 13 714 11 7 17 749 9 4 6 631
5506 1.463934708528253 0.91172708385672252 7.0764537333150104 91 45 56 0.24234744248666748 31 1258 32 900 33 989 34 951 35 1338
419 -1.5533288143237116 -3.6181935297314789 8.9144700291870898 107 88 75 0.48438277685021791 16 49 15 736 17 45 14 843 20 42 13 723 11 725 12 794 10 809 8 27 9 699 7 1020 6 21
5507 1.4550800453781623 0.92868869828901013 6.973155082571691 71 50 59 0.27248313326054802 31 1259 32 901 33 987 34 850 35 1242 36 1261
420 -1.0519895709060236 -3.3349022173928908 8.757615424186147 13 57 73 0.52550219488802474 16 756 15 742 17 773 20 50 11 31 22 36 24 517 12 1197 23 630 27 340
5508 1.4610210285630734 0.92627647202066576 6.9652603219025488 71 50 59 0.29601284016933743 31 1260 32 902 33 988
421 -1.3692338322922097 -3.2314935940032457 8.9645007146625559 50 56 57 0.26855882825368654 8 1239 16 766 15 749 17 71 18 662 14 860 20 58 13 1122 11 747 10 1241 12 1204 9 1150 7 1030 6 1031 21 61 5 1127 2 1072 23 56
5509 2.8339032865628742 0.33112299323635214 7.3028011773127322 76 81 75 0.51166039788810636 31 1170 32 904 33 993 35 1113
422 -1.5131352696904348 -3.2122915874127034 9.1149579253199029 77 49 28 0.22373027935802298 16 80 15 754 17 75 18 75 14 79 20 64 13 61 21 65 22 537 23 58
5510 1.506699521438196 1.0178172936103489 6.5735671393146236 39 20 26 0.64057229840565644 31 1173 32 907 33 992 34 852 35 1243 36 1263
423 -1.5536678343572383 -3.1905276920444656 9.2118798328204399 133 101 80 0.26027197310962624 16 769 15 756 17 788 14 865
5511 1.8146356272245043 0.92417345344763779 6.6386697806614796 154 144 155 0.30638181400370212 31 1176 32 909 33 858 35 1112
424 -1.4981483971799188 -3.0862066398795647 9.1058220571219248 120 92 82 0.11459213273169526 16 91 15 757 13 74 10 49 7 60 4 35
5512 2.7306328983871406 0.4822414633614005 7.4221719829668213 72 75 68 0.32133084004158491 31 1174 32 912 33 864 34 732 35 1118
425 -0.63119342023163161 -2.9406107191113939 9.1311602464120618 94 107 116 0.48386595735128174 8 823 15 761 17 798 18 676 14 872 20 643 11 58 12 818 10 849 9 741 7 689 6 674 19 553 21 694 22 544 4 500 2 548 24 870 23 647 25 596 27 365 28 685 30 591
5513 1.3987758088577316 1.1902071583818574 6.3677490472531773 25 23 34 0.34171556545923282 31 1180 32 915 35 1246
426 -1.0523713164624935 -2.8707176925846269 9.007993250829923 95 95 93 0.33899761002634354 8 827 16 775 15 762 17 799 18 677 20 644 12 1212 10 1252 9 745 7 690
5514 1.7907625795377609 1.0195223601157548 6.4734825890603815 165 153 163 0.42128629746198309 31 1055 32 917 33 862 34 854 35 1250 36 1271
427 -1.5652548385386926 -2.8565051893963371 9.2087147882054516 61 43 41 0.98821584673211837 8 829 16 783 15 766 17 803 18 681 14 1303 13 1135 11 765 12 1217 10 853 9 1163 6 680 21 700 22 66 5 525 3 544 4 505 1 394
5515 2.5898171767357607 0.62241777398318199 7.4179237194539356 146 151 145 0.84364267898904899 31 1264 32 921 35 1421 36 1439
428 -1.0629207453385991 -2.7592481701756411 8.8924341223565051 80 72 59 0.39637657521566277 16 784 15 767 17 806 18 683 14 878 20 87 13 759 11 766 12 1219 10 61 7 697 21 85 23 86
5517 1.1437554760019939 -0.16764227110191221 7.6050996617824813 88 92 95 0.72449618077533007 31 1246 32 984 33 959 34 932
430 -1.1896757960819313 -2.7531039574711151 9.0797972930094488 59 69 77 0.3098043727773313 8 1256 15 771 6 1048 11 770 21 93 3 839 4 825 2 872
5518 1.784490775027237 0.85183471555082313 6.7018284676084097 149 137 147 0.17901179261110989 31 1171 32 993 33 1072 34 954 35 1339 36 1340
431 -1.1888155886711209 -2.6738036728842731 9.1226003163436999 130 133 139 0.16064178333152299 8 837 15 774 17 820 14 893 13 774 11 779 10 863 9 759 7 707 6 685 22 78 5 881 3 551 4 826 2 557 1 403
5519 3.0868180541829138 0.42082078938419282 7.2960832666743851 22 23 15 0.93826410658778214 31 1265 32 998 33 1081 34 962 35 1425 33 1132 36 1415
432 -1.098999166057844 -2.6189567110138583 9.1119500811900185 143 146 140 0.2752576212524161 16 800 15 777 13 777 11 783 12 1227 9 764 7 710 21 711 22 553 24 556 19 783 23 669 26 445
5146 2.0793028123344635 0.95296548532275527 6.8987136001871976 49 56 64 0.20588517175704057 26 243 28 238 30 275
5521 2.7290155928934094 0.64711416408860412 7.1501717910507541 50 55 49 1.2181682296794414 31 1269 32 1001 33 1167 34 1049 35 1456 36 1441
434 -0.70378615585275128 -2.4557652836785056 10.023297909496296 87 90 95 0.32587610944234113 8 1267 16 1112 15 782 17 1126 18 1019 14 1321 20 938 13 1146 11 1133 12 1232 10 1270 9 1177 7 1066 6 1059 21 1036 22 855 5 1140 3 849 4 833 4 1048 2 1086 1 631 24 887 23 982 26 709 27 651 28 430 31 118
435 -0.49109374593940025 -2.3391104763461028 9.9196890870666348 113 96 105 0.61177533557516595 16 129 15 783 18 707 14 124 11 94 10 81 10 1564 9 768 7 89 6 1060 9 1485 21 115 22 92 3 91 4 836 1 632
5523 2.2471355306562319 1.0186967403335025 6.7615600950375461 138 103 109 0.37810452597040556 31 1272 32 1007 34 965 35 1355 36 1354
436 1.1993726176270081 -1.4075353465367706 8.754896935437154 159 173 176 1.7826302482897736 16 806 17 1130 18 131 14 128 8 851 20 123 11 97 9 1179 19 41 22 861 24 97 25 387
437 1.1810567722493346 -1.3575657669702061 8.7076887996530559 241 251 252 1.9155944680376891 8 852 15 786 20 671 17 1365 18 1253 11 1136 12 1501 10 1277 9 1180 21 720 22 1075 23 988 25 609 24 893 26 717
5525 3.0020744798000933 0.21638818068922699 7.1995619927302537 86 89 82 0.43930176498105156 31 1261 32 1047 33 1127 34 1008 35 1343 36 1342
438 1.2807411818516128 -1.1384742554640908 8.512316119611155 144 163 164 0.86429285813914514 16 809 15 787 18 713 11 797 10 1281 7 1071 21 1045 22 869
5526 2.5414433114089889 0.88025102043968662 7.0193080449551593 21 22 26 0.6858381124856624 30 1124 32 1054 33 1168 34 1050 36 1442
439 -1.1943956157534679 -1.1212796973128176 8.8815346413426948 100 105 99 1.0017445819461761 16 810 15 789 18 714 20 678 10 887 19 566 5 552 1 424
5527 2.5414433114089889 0.88025102043968662 7.0193080449551593 21 22 26 0.6858381124856624 30 1125 32 1055 33 1169 34 1051 36 1443
440 1.9535259831363589 -1.0058642657733148 8.2230907012292622 120 156 156 0.30774397057357933 16 151 15 791 18 1030 17 1137 14 1332
5528 1.3334506661902674 1.0314415188744503 6.6811599912570525 74 41 46 0.62058270344847377 31 1378 32 1105 33 1189 35 1471 36 1461
441 1.4444747683035257 -1.0674714799366423 8.9190828911426703 74 96 99 0.67687145724093845 16 155 15 792 14 150 20 143 24 903 23 700 25 618 26 474
5529 2.4337433750826869 0.9244114299135856 7.0508787164893709 59 37 40 0.70128267201746952 31 1390 32 1121 33 1210 34 1093 35 1489 36 1477
442 1.9506169674416034 -0.92221308421836679 8.0644717019229653 129 145 145 0.39534217424302059 16 814 15 793 17 169 18 729 14 917
5530 2.4337433750826869 0.9244114299135856 7.0508787164893709 59 37 40 0.70128267201746952 31 1391 32 1122 33 1211 34 1094 35 1490 36 1478
443 -1.8049307945483868 -0.99766962127041137 8.8910786007482017 124 128 127 0.45451389097522138 8 867 15 796 18 723 17 155 10 896 9 785
5531 -0.76340006470185651 -3.5137050619906116 8.6992043100590681 106 103 100 0.3060798466996541 17 49 18 51 13 38 11 17 10 22 9 16 6 23 22 31 4 3 1 7 32 266 23 38 27 13
444 -1.8752779263237556 -0.98150652293013108 8.8198258946404362 116 120 123 0.45798103129434653 16 1131 15 799 17 1136 18 1032 14 1336 20 139 13 1165 21 726 22 573 24 571
5533 1.9441776636889143 1.1288395364261437 6.4151593725090983 70 61 72 1.9225502970305268 30 1071 31 1271 23 1688 24 1575 25 1234 26 1340 27 1194 28 1200 29 525 32 1006 33 1083 34 964 35 1352 36 1350
446 1.8314175047003798 -0.88898448260607343 8.5190911727396124 112 124 125 0.54581610427798799 16 824 15 801 17 856 18 733 14 925 20 700 11 806 10 894 21 755
5534 -0.87222674215617957 0.98798148348363157 6.588616820122235 86 116 154 0.35915328280746017 23 1470 25 1055 24 1354 26 1181 27 881 28 916 32 738 30 855 29 376 31 1023 33 651 34 689 35 855 36 881
447 1.8096097604943036 -0.77779671206167844 8.2769711002157749 54 51 56 0.88338673226469988 16 182 15 808 18 747
5535 0.9436279941812985 -2.5816760070063367 7.9220179642982123 121 64 53 0.44751827595652766 31 68 33 20 36 31
448 0.94798538713340286 -0.84009589922328576 9.2571762148958747 163 181 183 0.67092804287554408 16 840 15 810 17 196 18 191 14 940 8 876 20 713 13 812 11 816 12 1255 10 909 9 795 7 748 6 721 19 1159 21 175 22 601
5536 -0.59939012065753439 -1.112651755043728 9.7367628933871355 88 93 96 0.31330335743967191 31 143 32 44 33 50 34 30 35 53 36 543
449 2.1410639561005933 -0.70703847053052771 8.121293528376885 13 42 48 0.89932341590555298 16 843 15 811 14 935
5537 -1.4933662563274055 -0.33451074863861052 7.844555834223633 150 153 158 0.56966071177018585 32 526 33 52 34 255
450 -1.6620617647842706 -0.75932043196115029 8.8419906463912525 116 135 168 0.28673568125447352 16 841 15 816 17 863 18 741 14 1352 8 1302 20 706 13 817 11 825 12 1256 10 1299 9 1209 7 1095 21 747 22 593 4 1067 2 1109 1 821 24 595 23 702 25 403 26 475 27 407 28 459
5538 -0.2798768429412285 -0.94915386749990083 9.5389511532852236 126 128 127 0.57745401784905726 32 53 33 56 35 526 36 82
451 2.0030037559628147 -0.64743134896955101 8.1381617676216216 84 95 95 0.55314694429625966 16 847 15 817 17 207 14 1351 20 172 19 70 22 155
5539 0.47786543332210474 -0.8507260389193021 8.8894250870771891 59 66 67 0.24067386530138668 32 61 33 61 36 89
452 1.9620150397193452 -0.67129237024560995 8.5196768127595508 86 109 117 0.23871381298614233 16 848 15 820 14 944
5540 0.57387200086026213 -0.87715936317950116 8.9115736320051511 81 78 73 0.11251072190677577 32 62 33 62 34 261 35 532 36 90
453 2.0067332456638081 -0.5985009723811342 8.2147949469003798 93 92 93 0.53374639385978917 16 851 15 823 17 887 18 760 14 195 20 180 21 184 22 157
454 -2.7574254693102205 -0.48930168744488856 8.7965286638185578 144 150 159 0.5484707684255985 16 857 15 830 17 889 18 761 14 1361 20 181 13 828 11 840 12 873 19 801 22 604 24 144 25 94
5542 0.75868912616567996 -0.80451091154544885 9.1499651842011058 176 167 177 0.64634025197730749 31 203 32 77 33 79 34 275 35 553 36 107
455 1.5179778896357421 -0.41578710117855688 8.7937050344310048 122 126 126 0.33713802046126601 16 862 15 833 17 1170 18 768 14 1360 20 729 19 804 21 774 22 894 24 630 23 751 25 436 26 517
5543 1.0215726315391205 -0.44147525284786704 9.0746790426652773 106 107 103 0.7338189261138709 31 242 32 86 33 98 34 55 35 105 36 129
456 -0.90234470597492455 -0.32604528139979783 7.8373689615272122 79 87 98 2.0420287908360768 16 861 15 834 17 893 14 1365 20 723 11 1170 12 1262 21 763 22 889
5544 -0.82720807677116259 0.59718893940080486 7.4987132121218547 55 60 67 0.30341830140467863 31 258 33 100 35 106
457 2.2164184885368226 -0.26982619096392474 8.418039423146741 45 62 64 1.1156439000301268 16 1156 15 835 14 958 19 1000 24 1165 23 1283 25 1049 26 1176 31 1316 33 1119 34 1003 35 1227 36 1109
5545 -0.28189592245321704 0.60717506941337873 7.4403893055689867 37 40 45 0.24185417558070949 32 101 33 115 35 129 36 151
458 1.939994188047871 -0.24950843870083628 8.4922898023095517 156 164 167 0.73503791655750328 16 871 15 836 17 901 18 244 18 1065 21 212
5546 2.2845097340089886 -0.14726904387829717 8.4822057218958253 110 116 116 0.27007291758108909 31 299 33 151 34 346
459 -1.1612931543511544 -0.23162212710940511 8.0485990691406926 195 200 216 0.35538639361589014 16 869 15 838 20 983 12 1267 26 748
5548 2.3063230564349997 -0.012016431531998481 8.5600137861032923 53 59 55 0.033760667403280424 31 303 33 168 34 101
461 1.058757071264123 -0.067162771919251796 7.6018701052425826 155 110 72 0.55338934952199437 16 877 15 846 17 904
5549 1.2419604869687548 0.84738978167870171 7.1774137995397567 115 118 123 0.41092009795419165 31 315 33 169 34 106 35 222 36 234
462 1.5042646175335048 -0.053759287486922464 8.8938566681573032 170 162 160 0.82881644232409135 16 1162 15 848 17 1181 18 785 18 1076 20 990 21 793 22 636 22 898 24 939 23 1040
5550 1.0974230569362251 1.1245212021388959 6.5283415720648019 183 183 183 1.0632455283623423 32 159 33 176 36 237
463 1.8058353092714445 0.0016709851208150661 8.6832053347885587 68 70 69 0.42572224585984947 16 298 15 849 17 280 18 266 14 970 20 228 13 840 11 851 10 951 19 597 22 198
5551 1.9054473683545008 0.87715856796037761 6.9507188778789981 90 82 93 0.30751674339834423 31 618 33 189 34 122 35 246 36 265
464 -1.2870373153282508 0.26920356812420454 8.1277022573453568 170 176 188 0.33395251233869433 8 264 15 854 18 790 14 972 20 234 13 847 9 202 7 229 3 242 4 211 2 252
5552 1.6742522004244926 1.1823817483450791 6.4306847846920396 155 145 144 0.43733450645019917 32 183 33 195 34 385 35 271 36 699
465 -1.165316467693128 0.38766427479908339 8.0497572820043573 110 109 115 0.88064315544019145 16 893 15 858 11 1189 9 1234 21 801 24 660 23 777
5554 1.7345532343364174 1.1786064852741562 6.3822234744837321 98 89 90 0.20144258615493071 32 192 33 198 34 132 35 278 36 296
467 -0.33468503157504942 0.68828375486986937 7.2943434468915473 17 26 35 0.28650142871687073 16 345 15 863 11 866 12 909 10 973 9 869
5556 1.9546163984768272 1.050753391105347 6.6342452483549073 102 88 98 0.6468020251655715 32 186 33 201 34 135
469 1.2555455932230011 0.84028231440790646 7.1484553152694099 157 164 172 0.40752702290691634 16 905 15 880 17 924 18 812 14 1009 20 766 19 156 21 827 22 663 23 312 25 166 26 214
5557 1.6560861296201579 1.2323056159780821 6.2918454397181804 84 91 101 0.22059314214707032 32 195 33 202 34 136 35 279 36 294
470 1.5298803673072667 0.85678455522233976 7.0511088908629755 108 78 90 0.80062960062856947 16 906 15 882 17 1213 18 1100 14 1012 19 157 21 1100 22 917
5558 1.6450751597289068 1.2376907592371427 6.302889154335154 84 91 101 0.18794853582141532 32 196 33 203 34 137
471 1.69175432364288 0.85212741704427075 6.9331707036090364 103 100 112 0.61513420681982256 16 908 15 883 17 1215 21 831 22 669
5559 1.8141939498478283 1.1495328951936497 6.4034576563846786 163 152 156 0.16095562492175453 32 197 33 205
472 0.78870684290400439 0.86666408923917404 6.8697854966246865 52 65 74 0.40117190880550968 16 911 15 884 17 926 18 817 14 1017 13 896 11 884 12 1309 10 1351 19 622
5560 1.6941787666761594 1.2386864558425135 6.2547567897030039 36 43 51 0.14846719335917033 30 304 33 209 34 143 35 286
473 0.37540651210255938 0.86379816173766233 6.8899518917770317 25 34 43 0.26779297524299289 15 886 17 333 18 308 14 1020 20 253 13 897
5561 2.2015399554561754 0.93130922193743493 6.9449074688133674 90 94 105 0.13733385565888359 30 286 33 211 34 145
474 1.3558213759683984 0.90942993651857373 6.961389737438088 168 169 176 0.37985621271185327 16 1187 15 889 18 1103 14 1418 20 768 19 623 21 832 22 920 24 683 23 792 25 473
5562 1.9202931582621257 1.1161120138446909 6.4660239662932248 64 53 62 0.83206337613212189 32 200 33 213 34 146 35 289
475 1.385648423423171 0.93511546092486431 6.9335820363547258 67 67 75 0.37723019235150818 16 916 15 891 17 931 18 820 14 1023 20 771 19 625 21 833 22 671
5563 1.8170009784070178 1.2236163417370456 6.2704088959489193 53 50 59 0.1874030136762822 32 207 33 223 34 155
476 1.4302868579395942 0.94017992267496375 6.9463607225892332 177 162 169 0.40405957861196945 16 917 15 893 17 932 18 314 14 358 20 773 19 626 21 835 22 673
5564 1.8749319261558255 1.248992493550793 6.2425575192816556 53 54 59 0.15310220429511712 32 215 33 235 34 166 35 311 36 325
477 -0.86124097959660117 0.95611405188420362 6.6232577800908441 26 38 52 0.71678322881569911 8 1344 15 897 17 350 18 821 13 901 11 895 12 1315 10 1357 9 1268 7 1140 6 1136 19 161 22 227 5 977 3 1107 4 1108 2 1151
5565 1.6347465109253174 1.5966897271357086 5.4818010272403388 135 140 143 0.27737059755562732 29 180 33 261 35 348 36 363 34 188
478 1.5350383890859201 1.144537747693211 6.4380434660538812 78 66 66 0.52691459503178095 16 925 15 903 17 949 20 781 19 171 21 851 22 946 24 986 23 1093
5566 0.47461518723985063 -2.9157019853502515 8.2079966841364715 100 101 95 0.50562438112841701 32 481 33 299 35 482 36 513
479 -1.7103291006900498 1.3188056685618208 6.5531129354946307 80 83 90 1.2666160478132829 16 396 15 909 14 391 9 916 7 302 6 1148 7 1150 5 1209 3 1115 4 627
5568 -1.5866408697791858 -0.77586091582885341 8.8645667868908298 76 87 105 0.25665512811755259 31 499 33 334 34 250 35 510 36 536
481 -1.4043376318257321 1.8986320768686777 6.5564673101571307 21 22 27 0.43782722250173428 16 936 15 926 18 345 14 416 20 317 12 250 10 1029 21 334
5569 -1.1345454046712526 -1.1646210790521518 9.8242842156147869 79 80 82 0.51040951723720751 32 511 33 335 34 249
482 -1.4279714612719112 2.108114542871208 6.702644572278329 26 29 34 0.50921950313838582 16 414 15 930 17 971
5570 -0.95671844868082245 -1.110740644879868 9.7182679748914236 63 67 70 0.45941883913773734 31 501 32 515 33 338 34 251 35 511 36 538
483 -1.4582423637331852 2.1633708503316109 6.8075978137122082 71 72 74 1.1145433431844087 16 939 15 931 18 350 13 1511 11 1491 12 1739 10 1777
5571 -0.92659021317479628 -0.90475659076385484 9.4094766211762746 79 86 92 0.51369179165811762 31 508 33 349 34 256 35 54 36 76
484 -1.415370339650913 2.1641021637156226 6.6862157570594887 30 33 38 0.29297905583795675 16 941 15 934 17 397 18 852 14 1051
5572 -1.0563158785936531 -0.14915762390039386 7.8801968103890685 140 140 148 0.99083690908586086 31 995 33 357
485 -1.4400519902588851 2.260418024123962 6.8287551224986149 75 79 82 0.71802695957204032 16 944 15 935 18 856 13 1288 12 1347
5573 0.60611414197489133 -0.86708137276025277 9.0679403773448044 55 83 77 0.35360748684322302 31 527 32 306 33 363 34 495 35 818 36 843
486 -1.3121837696251168 2.2526149331951073 6.7553867969430623 67 68 72 0.95982317793808647 16 1230 15 936 17 1267 18 1140 14 1055 20 1252 13 932 11 928 12 961 19 1039 22 1143 4 270
5574 0.37615336599024063 -0.71280703575443238 8.9099315397643348 129 135 148 0.14891900415418266 32 308 33 364 31 529 34 267 35 543 36 566
487 -1.3777202561291584 2.270086291853723 6.7369716306770053 53 56 61 0.33159133663509027 16 945 15 937 13 371 11 361 12 963 10 1038 9 935 8 998
5575 0.725887216708896 -0.72241412861815735 9.0186426834504889 165 127 114 1.023605163344592 32 313 33 375 35 826 36 856
488 -1.2943839233740835 2.3992390386449096 6.7816590087966517 88 86 89 0.59934818206272911 8 361 16 949 15 942 17 980 18 858 14 1060 20 1053 13 937 11 932 12 967 10 1042 9 312 7 342 19 874 3 321 4 655 2 344 23 855 26 317 27 547 28 269
489 -1.4032259293759761 2.4976495308757514 6.9677822150490476 59 62 69 0.30337000620940979 16 950 15 943 17 405 18 361
5577 0.79570834873154028 -0.70552366860404669 9.152995801261298 93 85 98 0.49212713659424884 31 538 32 82 33 378
490 -1.3619677826922651 2.4569220744434546 6.8066386329325086 25 25 30 0.36844216358750648 16 436 15 945 18 860 14 439 13 379 8 364 11 933 12 969 19 210
5578 2.1413416530731082 -0.66414720400275506 8.2207511645016584 71 84 86 0.36893066683583647 31 246 33 391 32 334 35 579 36 132
491 -1.4836182508109776 2.4886775780195083 6.4274656834315511 44 21 5 0.18331660475252881 16 441 15 946 14 1063 20 348 12 281 11 375 19 216
5579 1.2989722614853227 -0.26993936594230955 8.6628829565836707 118 72 38 0.75976623980383517 32 338 33 406 31 566 34 304
492 -1.0258268586217074 2.5401963599992228 6.3844445602003734 60 28 6 0.41209529319987015 16 449 15 947 17 990 18 867 14 1066 20 812 13 394 11 937 12 977 10 1051 6 334 19 672 21 390 22 723 24 767 23 864 25 545 26 631 27 275 28 608
5581 1.2152463955177999 0.076242144453659164 8.648388816656654 65 61 58 0.18172790692240792 31 832 33 422 34 335 36 192
494 -2.120671815480168 2.5196185162816516 6.3802445963061496 49 29 16 0.39513664295710466 16 957 15 951 18 865 17 986 14 1069 20 811 19 668 21 367 22 720
5582 1.2164941308189645 0.076639891045025416 8.6469246892030185 65 61 58 0.20937948039494075 31 833 33 423 34 336 35 634 36 193
495 -1.1255112054225245 2.5640770965069692 6.3751899018457587 80 53 44 0.26054431800339933 16 960 15 952 17 992 18 869
5583 1.204653879756834 0.14372800188834925 8.6351950206393315 61 56 52 0.10716431829115715 31 581 33 426 34 341
496 -0.90801388716886666 2.5856913098684497 6.296677917444339 66 44 33 0.28666818606786865 16 962 15 954 18 398 20 816 21 410 17 439 22 726
5585 0.20935828035141513 0.86153498748236468 6.9032720196725625 57 60 67 0.22565251171518241 31 587 32 372 33 428 34 343
498 -1.1973615435158231 2.591694671148304 6.2607471895717621 69 42 35 0.23269066866174357 16 965 15 958 17 995 14 1074 20 815 21 408
5586 0.21073857999126855 0.86081316941099428 6.9015837923726107 57 60 67 0.1480987578002961 31 588 33 429 36 650 35 182
499 -0.87998721042812833 2.6644223644029457 6.1379808187245759 67 42 36 0.30053553381571124 8 1028 15 963 11 407 12 340 14 499 10 1068 7 885 6 885 19 269 5 699
5587 2.2349380766521714 -0.21465900523289821 8.3687048696531097 142 148 148 0.29608641985103157 31 583 32 586 33 433 34 545
500 -2.4292195091397262 2.6593830158525855 6.2190233957552872 60 41 34 0.31431590596765069 16 972 15 966 14 1092
5588 2.2893214980039795 -0.091740048920950862 8.4914638568320928 74 80 80 0.38778868244593073 31 302 33 440 34 354
501 -0.67768105818508628 2.7135304919983829 6.1113537759767107 147 136 130 0.27596883837772385 16 978 15 970 17 1007 8 1387 18 885 14 1089 20 1068 13 1302 11 950 12 1371 10 1403 9 1312 7 1181 6 1175 19 688 21 1167 22 993 23 1148
5589 1.33028979080219 0.86595507112610914 7.0732919761254553 125 125 133 0.23253681619847963 31 601 33 446 36 669
502 -0.67809702337109756 2.712146918061864 6.1132893533784385 147 136 130 0.32612674245922479 16 979 15 971 17 1008 18 886 20 1069 19 689 21 1168 22 994 24 1034 23 1149 27 774 28 809 29 181
5590 1.2436106939322698 0.97671779995347385 6.8059917151216531 150 115 122 0.32852674527669073 30 487 33 447 34 112
503 -1.1926187951290026 2.7443132843980096 5.9945284483757879 36 12 2 0.14472077944455078 16 984 15 977 17 1011
5591 1.1838271936582898 1.1493826845885802 6.456232106254002 122 108 105 0.13330474765444533 31 609 33 450 35 669 36 672
504 -0.78727285711972916 2.8452497625561035 5.8025154636930365 38 15 1 0.17861861242770041 16 994 15 984 17 1020 18 897 14 1489 20 827 13 983 11 980 12 1389 7 916 19 706 21 901
5592 1.5774874377940526 1.1309791287847326 6.5085849777224709 110 93 90 0.19190413088354491 32 407 33 466 34 381 35 253 36 686
505 -2.08821602228995 2.8236297669783768 5.862618522298658 34 13 8 0.20351658833214781 16 992 15 985 14 1125 11 987
5593 1.9283686350828906 0.92721675005796056 6.7038111397524052 126 113 126 0.18659950421630611 32 167 33 467 34 124 35 254 36 687
506 -0.65244591216699621 2.8953660503605811 5.6748293553586517 39 19 8 0.1283613698636849 16 997 15 992 17 1025 22 749
508 -1.2270509025127019 3.0016047641583943 5.4325451352683256 47 22 15 0.30068260068257996 16 592 15 1011 19 412 20 482
5596 2.1553979956980021 1.0324540097690518 6.711378838984345 141 97 108 0.21032207781841997 32 203 33 496 36 723
509 -0.74233544917880034 3.026177671112412 5.3655295135793333 47 24 11 0.2134223126105996 16 1013 15 1014 17 1036 18 919 14 717 20 498 13 577 11 1018 12 1092 10 1144 19 723 21 536 22 420
5597 -1.4326892384753129 -3.6340744468857347 8.5255405069528098 104 105 109 0.52640701884503049 31 927 32 662 33 536 34 435 35 465 36 9
510 -2.0733007975596567 3.026407074692715 5.4502744571231547 39 18 8 0.58431327651516485 16 1012 15 1018 17 589 18 918 14 1519 13 1351 8 1469 11 1314 12 1411 10 1159 9 1395 7 1285 6 1265 19 721 5 818 3 1019 4 1012 2 1053
5598 -1.0779330901852817 -3.3086212586777624 8.7682912776514179 144 150 145 0.11905734555828369 32 468 33 541 34 442
511 -1.2299526238947371 3.0574748783318313 5.3664471001012206 34 14 7 0.12773952212404294 16 1015 15 1019 17 1037
5599 0.63097149179931822 -3.0013529096541989 8.1250844405619826 95 98 91 0.31932339219311201 32 675 33 545 31 942 34 445 35 773 36 786
512 -1.4987179938925581 3.0451850496078587 5.3144676190039535 76 49 42 0.44934461828921668 16 1016 15 1022 14 1184 13 1355 11 1316
5601 -1.7167304953070306 -1.0514629429854363 9.1687493193906597 95 102 96 0.46358876904900875 28 705 33 574 36 807
514 -1.0962696937837577 3.1054613346680289 5.1909686252163647 152 132 125 0.2844569466455118 16 1023 15 1031 17 1042 18 933 14 1528 20 849 13 1047 11 1044 12 1124 10 1168 8 1479 9 1404 7 969 19 732 21 936 22 767
5602 -0.9176620006658649 -1.1479509292849603 9.1783146751081919 77 82 78 0.19007317093390816 31 739 33 579 35 792
515 -1.4181769335022791 3.1357627209218468 5.1589736604714496 30 11 4 0.18919177535553458 16 1030 15 1044 18 569 20 533 13 1061 14 1223 12 1136 19 474
5603 -0.91073893280838858 -1.1483229258483156 9.163423650306779 77 82 78 0.62967623628397462 31 740 33 580 34 248 35 793 36 810
516 -0.72683944442388015 3.1529782178689625 5.0830296191917324 41 16 9 0.41775833870560675 16 1037 15 1047 17 1050 18 946 14 1540 13 1373 11 1052 10 1174 9 1410 7 1300 19 738
5604 -1.1256351696673552 -1.1674303739037928 9.9066488693319954 115 118 123 0.80260410170842666 31 747 33 587 34 656 36 1049
517 -0.75405298721118441 3.1804820722909146 5.0737338358692261 31 7 1 0.47681491541507143 16 676 15 1048 17 684 18 578 14 797 20 547 13 1065 11 1057 12 1147 10 1489 9 1417 7 1481 19 494 21 589 22 462
5605 -1.0423584991059529 -1.063558676517153 9.7903571630286841 104 106 105 0.67482266949297964 31 755 33 592 34 477
518 -0.72803653146613079 3.1831919312467152 5.0202714538947113 69 44 20 0.33105854962684517 16 1043 15 1050 17 1057 18 952 14 1235 19 745
5606 -1.0612131663306172 -0.72902676882144624 8.7342758457629159 36 62 105 0.25808808493745428 32 522 33 597 35 802 36 821
519 -0.59571949830148874 3.224812058954162 4.9231753601603101 122 109 99 0.39238238905649181 16 1049 15 1063 17 1061 18 957 11 1067
5607 -0.24250407572163457 -0.95959639960967225 9.3453966913456235 77 83 84 0.20165692824115428 32 301 33 606 34 487 35 807 36 830
520 -1.3877627664414613 -4.1982454598697796 8.2915548558100642 175 142 153 0.24682388821746806 16 1055 15 1072 17 725 18 967 14 1251 20 581 19 757 21 636 22 488 24 487 23 591 25 565
5608 0.38589098455372539 -0.8065048209193727 8.8026405432281845 37 50 58 0.40903393594659387 31 521 32 535 33 611 35 66 36 87
521 -1.428803396460733 -4.1631164465204398 8.3015427373079103 141 99 109 0.47337996895562717 16 1056 15 1073 17 1067 18 968 14 1253 21 638 24 826 23 911
5609 0.45240243504694388 -0.71319016013571024 8.9019515449961641 26 46 62 0.32811055157714902 31 773 32 544 33 619 34 499 35 548 36 570
522 -1.2603840569653557 -4.0623566970754688 8.2836902449919929 114 110 116 0.49669322357542128 16 1058 15 1078 17 1070 18 971 14 1258 20 879 13 1086 11 1079 12 1179 21 978 22 796 24 828
5610 0.43610410237042674 -0.665600678408513 8.9232567958460933 120 124 135 0.19285063699932459 31 531 33 621 32 311 34 505 35 823 36 849
523 -1.2604033171963778 -4.0615576116128587 8.282153487535302 114 110 116 0.46747589580494292 16 1059 15 1079 17 1071 18 972 14 1259 20 880 13 1087 11 1080 12 1180 21 979 22 797 24 829 23 916
5611 0.46344636671899975 -0.65330718590038162 8.9785122265992872 19 43 60 0.24584258207475509 31 778 32 551 33 623 35 824 36 853
524 -1.7756769816458431 -4.1849798712446171 8.6130857060610726 170 157 158 0.47782160247228855 16 1060 15 1080 17 1072 18 973 14 1260 20 885 13 1088 11 1082 12 1450 21 980 22 799
5612 0.46679934850208304 -0.60642744348170685 8.9832627532806573 131 131 138 0.29060782595104501 31 786 32 726 33 625 31 1004 34 670 35 1049
525 -1.033376171887552 -3.9001461445548999 8.1432211603512652 78 101 109 0.67195518158472378 16 1062 15 1083 17 1075 8 1509 18 976 14 1263 20 888 13 1096 11 1365 12 1453 9 1445 7 1005 19 760 21 983 22 803 24 833 23 920 25 777 26 663 28 819 29 189
5614 -0.38934359767960669 0.80444819379324506 7.0113647054447314 26 33 41 0.23327839380191595 32 581 33 659 31 827
527 -1.0823578867507084 -3.547405714965933 8.6445378974815537 47 101 112 0.31816797307527822 16 1070 15 1090 17 1084 14 1279 20 899 11 1097 12 1187 19 942 21 995 22 814 4 787 24 1079 23 1214 25 789 26 917 27 807 28 833 30 562
5615 -0.64031133321911626 1.0728231509271835 6.3861363719079662 140 146 151 1.0393313169770715 31 1029 33 663 34 699
528 -0.80516346676706396 -3.3579579437394638 8.7625332822802218 186 183 178 0.73747574521133918 16 1077 15 1101 17 771 18 651 14 1284 13 1116 10 1232 19 543 17 1093 21 1002 5 858 3 810 4 797 2 847 1 613 24 518 23 942 27 621 28 660 28 662 30 573 29 31 31 692 32 465
5616 0.74039425331682251 0.88736020304676122 6.8283831637497201 20 24 31 0.29346317605610317 31 846 33 676 35 892 36 917
529 -0.80668623528249928 -3.3585933142314404 8.7655313653720466 186 183 178 0.80558509911539966 16 1078 15 1102 17 772 18 652 14 1285 20 621 13 1117 12 1196 7 665 19 544 21 1003 5 859 3 811 1 614 24 519 23 943 27 622 17 1094 28 661 28 663 30 574 29 32 31 693 32 466
5619 2.7359868734808002 0.39938274086551967 7.351571825988592 75 77 74 1.3192645698185619 32 602 33 694 34 569
532 -1.5438875870179996 -3.0189853730633103 9.1399326933185652 85 62 50 0.66987339040247473 8 1247 16 771 15 1115 17 1112 18 667 14 1295 20 638 13 1130 11 1111 12 815 10 1249 9 1157 7 1040 6 1039 3 1041 4 1040 2 864 1 786
5620 1.9013795930022894 0.88714594005783509 6.7440429439709888 103 91 103 0.25927261245416455 31 616 33 695 34 566 35 908 36 682
533 -1.4764357157373764 -2.8366470748723889 9.1634148962129167 79 59 52 0.43436316591535512 16 1098 15 1121 17 802 18 682 14 1305 20 650 13 1136 11 1121 12 1218 10 1255 9 1164 7 1050 6 1046 3 1047 4 820 2 1078 1 789 24 64 23 651 25 370 26 434 28 54 30 56 31 65
5621 2.6355713263393281 0.57743559113829868 7.4540697469032233 78 84 80 0.55784280309412249 32 615 33 702 34 578 35 697 36 707
534 -0.75823365838858281 -2.4039950108956623 10.098607029355691 59 48 52 0.37185963947205364 8 1268 16 1113 15 1130 18 1021 14 1324 20 940 13 1148 12 1234 10 1274 21 1038 5 1141 2 1087 1 798 24 889 26 712 28 701
5622 2.1628187381166799 0.94633343237047463 6.9036580821735427 40 42 54 0.21090747773537277 31 879 33 708 35 701
535 -0.75801211890014508 -2.4000626107758731 10.087451396014991 59 48 52 0.37942789565446855 16 1114 15 1131 17 1128 18 1022 20 941 13 1149 11 1135 12 1235 10 1563 6 1311 19 785 21 1039 22 856 3 1055 4 1050 1 799 24 890 23 985 25 606 26 713 27 653 28 702 30 608 31 475
536 -0.87796954093055546 -2.3963684358281929 10.169068734861643 100 99 102 0.32272123824746018 8 850 16 1115 15 1132 17 1129 18 706 14 1326 20 942 13 1150 10 1276 9 769 7 1067 6 1061 19 558 21 715 22 857 5 892 3 852 4 837 2 881 1 633 24 891 23 675 25 607 26 714 27 654 28 431 30 609 31 476
5624 2.2861077503527465 0.98602961062169092 6.8131954431182526 127 132 140 0.94970341815734649 32 638 33 718 34 592 36 736 27 508
537 -1.1050865493396498 -1.5783068948909769 10.384110960120747 51 68 76 0.59906971737198633 8 1554 15 1133 14 1329 10 1280 5 1146 3 1222 4 1209 2 1272 1 961
5625 2.4285300531349034 0.92229398210160773 6.9569538139241507 60 24 30 0.32970490079058512 31 890 33 719 34 593 35 942 36 960
538 0.84696770154974865 -1.1612766756505759 8.5050957355467727 100 110 112 2.2713752105081326 14 1608 13 1594 11 1581 12 1695 10 1742 9 1667 7 1519 8 1740 6 1491 5 1439
5627 2.1632163192230567 1.1588068428906371 6.4443583277002272 85 57 46 0.18695291068846842 31 900 33 724 34 598 35 952 36 962
540 -0.48721850399026834 -1.1577516698995289 9.6323432505773958 50 60 69 0.69363367777708396 16 1129 15 1138 17 1134 18 1028 14 1333 20 951 13 1161 12 1240 10 1287 19 788 21 730 22 870 23 994 27 402 30 422 29 232 31 756
5628 0.86626262599614023 -2.6565360065340675 8.0650378955631048 64 39 31 0.35501897464896515 31 954 33 754 34 635 35 1003 36 1025
541 1.4440294040788384 -1.0026114788987996 8.9519973889945881 29 53 57 0.46927626454353283 16 1132 15 1140 17 1142 18 1035 14 1334 13 1163 11 1143 10 891 7 1076 21 1056 24 1138 25 620 25 846 26 971 27 859
1110 1.5581059787827134 -2.4152327195367689 7.2775780345520769 49 42 57 0.71581509220579864 16 2109 15 2114 14 2380 19 1669
1111 1.510492096354922 -2.3688463836507792 7.1465283760957607 49 42 57 1.1472681712406929 16 2110 15 2115 17 2103 14 2381 20 1858 19 1670 22 1718
1112 -0.34144205320660759 -1.7779322551997097 10.146469958090103 24 34 43 2.042203545597665 16 2112 15 2117 17 2092 14 2397 20 1860 12 2340 6 2019 19 1655 18 1999 21 1920 22 1693 24 1660 23 1791 25 1327 26 1428
1113 1.0719277433335992 -1.1659413447380969 8.5115861001683086 193 194 199 0.4898337586133894 16 2113 15 2118 17 2107 18 2015 20 1861 12 2341 10 2380 19 1672 21 1936 22 1710 24 1687 23 1806 25 1348 26 1450
1114 -1.6505996518811719 -0.44646882318970393 8.1537685429465441 59 83 117 1.5947748795544394 16 2114 15 2119 17 2109 18 2017 14 2398 8 2335 20 1863 13 2214 11 2237 12 2342 10 2381 9 2326 7 2119 6 2034 19 1673 5 1824 3 1657 2 1691
1115 -2.9255151031342796 -0.22994686821644972 8.8480593928843696 207 210 217 1.5930407181140427 16 2124 15 2120 17 2110 18 2018 14 2399 20 1866 13 2199 11 2238 12 2343 10 2382 19 1674 21 1939 22 1712 24 1675 23 1794 25 1350 26 1437 27 1274 28 1259 29 592
1116 -1.1223937556094097 0.031142792738438493 7.9346436907451485 153 157 168 0.95859835759313172 16 2116 15 2121 17 2112 14 2400 13 2215 12 2344
1117 -0.37385676292347703 -2.5753201667403363 9.7289305389597995 34 45 51 1.6728122652944051 8 2343 16 2121 15 2128 17 2116 18 2022 14 2404 13 2221 11 2244 12 2350 10 2387 9 2331 7 2125 6 2038
1118 -1.0906198913235212 -2.6714093679401318 10.294816445894462 22 31 40 0.96330104806779515 16 2122 15 2129 17 2117 18 2023 14 2405 20 1870 19 1679 21 1933 22 1708 24 1671 23 1789 27 1291
1120 -1.4024070420878192 2.9900019529929769 5.4922825702731402 31 11 5 0.1377027199444808 8 632 15 569
1121 -1.5452151608599056 0.33044079440913332 8.2266039867066638 183 177 184 0.036640185577297438 8 914 21 798
1122 -1.4223343782083049 2.199339801433736 2.9478999576799714 72 53 51 1.7656556703085813 16 1497 19 1115
1123 -0.90370553345184912 -4.0987699737553891 7.9712505306968842 141 83 97 0.17925869207829018 15 4 17 13 21 7
1129 -0.80404179080169458 -3.3938778262749363 8.7352394198837384 130 127 122 0.30410729444749446 8 38 17 59 14 61 9 22 7 34 21 51 23 46 26 10 31 24
1130 -0.584734274202384 -3.4467486742173428 8.8326146686504785 114 112 115 0.31612533760454264 8 33 17 60 13 46 11 24 10 27 9 20 7 31 4 7 24 515 23 42 25 13 26 417 27 20 28 16 30 23 29 29
1131 -0.51131297287683541 -3.4547830837152778 8.8526308743988817 95 90 94 0.27423626247798649 8 34 17 61 18 58 14 849 13 730 11 25 12 16 10 818 9 708 7 32 6 29 21 676 22 526 5 497 3 18 4 8 2 15 1 14 24 516 23 627 25 352 26 418 27 336 28 374 29 2
1132 -0.89674801772967117 -3.1021343703130286 8.8175122425933736 106 130 139 0.49857554687170869 15 82 17 78 18 78 14 862 20 65 9 725 2 536 23 65 28 44 30 48
1134 -0.60514067108603287 -2.8098308131808762 9.2563375769786305 100 115 119 0.28012517184474911 8 78 17 102 18 96 16 106 13 84 21 97 24 547 25 376 28 416 30 389 35 495 36 522
1135 -1.7190365543800543 -2.6484440307403765 9.3277318805467679 81 88 98 0.77235404267960073 15 127 17 112 13 97 12 34 6 91 22 554 10 1267 4 59 2 562 23 104 26 446
1136 -1.5362964456821293 -2.5834410652458897 9.2495436075079969 54 54 59 0.14436501452979494 17 117 9 766
1137 -1.2498958902423345 -2.6059587084372642 10.351098285574849 74 81 91 1.2059777899098276 15 138 17 121 11 1130 10 872 24 560 5 890 27 377 28 81
1138 -0.82069380617008181 -2.4959333241978099 10.092536073414152 48 48 50 0.77543093363010018 8 92 17 125 18 120 20 666 11 1131 7 84 7 1065 16 1111 5 59 4 832 2 98
1140 0.63609300491871801 -0.89155588181643675 9.1032031890992009 153 171 175 0.40232961292054209 15 194 17 184 21 162 23 194 27 427
1141 1.92164643754549 -0.79229753032844008 8.17163411847962 72 93 98 0.75647789874982585 15 190 16 181 17 187 18 181 20 163 16 177 24 140 23 206
1142 1.6570657385062133 -0.75693273589371501 8.6580891352893783 131 143 143 1.172379666489322 15 201 17 202 12 856 11 145
1143 -0.99443459515521171 -0.54036420693511167 8.3322777327811686 33 62 98 1.5528799206855926 15 240 17 209 20 175 13 175 11 178 10 173 11 174 9 147 7 166 7 172 8 178 3 885 4 128 4 873
1144 1.8741297118423086 -0.56349468149186055 8.4348826720891985 75 81 79 0.40418872234668884 15 226 17 217 18 213 20 182 21 189 22 160
1147 -1.6225422167007681 -0.41328082014418066 8.5765007609005437 157 163 179 0.43590780519199546 8 211 17 227
1148 -1.3253535634190381 -0.29842684626220028 7.7108488130581101 166 169 186 0.28790359890711331 15 265 17 236 11 201 10 206 8 223 6 200 5 168 4 175
1900 -0.67312901208332632 3.0139268622911071 5.4251743551811771 37 6 0 0.34533159043576972 16 1739 15 1725 14 1985 16 1479 17 1499 18 1401 20 1310 13 1756 11 1758 10 1898 9 1822 7 1659 19 1099 21 1413 22 1197 24 1259
1901 -0.89175506390332937 0.17658803927410488 7.7669725503709319 43 50 58 0.88116837998285968 16 885 8 910 14 971 16 1380 15 1392 18 1077 12 1529 10 1325 9 1228 9 1518 7 777 21 1078 22 900 5 595 20 231 4 593 2 243 1 676 24 1168 23 1038 25 874 26 767
1902 -0.46302480467329554 -2.7715062992976152 9.3535297678608291 58 78 85 1.6423968771642752 16 112 14 889 16 795 15 118 17 108 18 698 11 776 8 834 10 1261 9 69 7 706 21 104 22 74 8 80 3 62 2 82 24 82 20 100 23 96 23 668
1904 -1.3741878184745411 2.5876366547929357 6.2946286395167999 49 26 15 0.44049601643467884 18 870 16 963 15 957 19 675 21 401
1906 0.29305338012104831 0.66452936439888255 7.2828890335713599 19 28 35 0.40080707462896148 15 860 14 985 6 764 10 967
1907 -3.3492820500104639 2.1428146129505632 9.2604016307992794 75 78 83 2.1838439062174855 16 1218 17 1430 22 1134
1909 -2.6044846925000527 2.5656819503580657 6.303843830148625 0 0 0 0.5219834047298143 16 1589 17 1614 18 1763 15 1601
1912 -0.3985999920745702 -4.4149407845405388 8.552551899777729 90 78 66 0.54784944930174939 16 719 20 3 18 614 21 635
1915 -0.7245055238203808 -3.783541781765082 8.1263439693215638 148 119 89 1.357743798371871 16 24 20 26 7 7 21 654 23 24 25 336
1916 -1.0146453253144052 -3.764165805805348 8.2943854454920025 106 123 149 0.30644120006259656 16 36 20 33 10 7
1918 -1.3018705414062488 -3.7014854600655869 8.7116372690555206 39 44 50 0.89336678354758559 16 44 18 45 20 38 13 28 9 13 6 637 3 6 4 471
1919 -1.0268965460038921 -3.5422797523455567 8.6328730358067425 56 88 105 0.86008083075615238 17 757 20 40 13 30 12 11 16 47 6 638
1920 1.5893653560723195 -3.0751821910629706 7.4962913230643791 30 59 73 0.36045929965400675 18 52 20 43 16 53 17 52 21 48 24 27 25 8
1921 -0.59130780355720858 -3.4800452312283747 8.8007437462280258 166 166 168 0.66167110370557647 15 53 20 46 11 731 22 33 4 479 2 11 28 373 30 357
1922 -0.76271589654940541 -3.3238327514579891 8.8048082070736413 180 182 177 0.57318840783501801 17 64 20 51 18 64 22 37 23 50 25 17 27 345 20 624 28 21 30 362 31 31
1923 -0.4711103807541478 -3.3216751656884469 8.9782591359931629 87 86 91 0.33267233534455476 18 71 20 56 13 55 28 388
1924 -0.46503474831371738 -3.2370916315261571 9.0657779167978898 100 97 106 0.98979823872635952 15 76 20 61 11 750 27 31
1925 -1.51917865679071 -3.1484267236094996 9.1685635395060299 96 64 51 0.27012117342627195 15 87 20 74 16 88 21 72
1926 -0.50337374246559596 -3.1193905634336851 9.1125585276334213 35 41 54 0.29105388798565363 8 62 20 78 13 746 10 841 9 731 3 36 2 43 1 34
1927 -0.5035748340586681 -3.1186052655762078 9.1115541765586432 35 41 54 0.30842072581793945 8 63 20 79 13 747 10 842 9 732 6 663 2 44 1 35
1929 -0.60940146507604664 -2.9994202653029438 9.1227126264559537 42 51 73 0.28558493646248395 14 868 20 83 11 761 9 55 7 686 6 70 21 77 22 61 3 45 2 56 24 537 23 78 28 403 30 379
1930 -0.4875410798368931 -2.9594730437034813 9.241015267339483 110 125 128 0.2380238695154816 17 87 20 84 11 59 21 82 22 65 24 60 23 85 27 43 28 409
1931 -1.6176808436445151 -2.9292086534162891 9.31250487757789 80 68 61 0.74744587350714997 16 781 18 679 20 85 9 1162 21 84 3 1045
1933 -1.190858292775026 -2.7517319593468206 9.0942879133541261 63 72 81 0.42114940048811994 17 100 18 95 20 92 7 703 21 94
1934 -0.60006797598086925 -2.6060923598408694 8.9691784416854272 131 145 145 0.54044380434070927 17 826 18 108 20 102
1935 -1.6251934450255003 -2.317520456137677 8.626499015656675 77 87 97 0.37681569149029998 17 118 20 109 19 784
1937 -0.84718431909610503 -2.418434416002424 10.13734294134264 67 64 67 0.33349846257955656 18 126 20 115 13 105 7 87 5 64 3 89 2 570
1939 -0.31288104663932487 -1.640761617391552 10.13127869933696 18 28 37 0.27786890768972683 17 134 20 119 13 112 11 98 9 89 24 94 26 55
1940 -0.19063764871797351 -1.6180743284126033 10.085913551237121 35 55 64 0.19007433485715008 17 136 18 130 20 121 21 121 22 97 23 130
1941 -1.1802745379651147 -1.5826751041279521 10.488493897968111 68 80 92 0.27360223168229253 17 139 20 126 19 42 22 99
1943 -0.94434052700547477 -1.1062432351899334 9.1697540853983739 58 67 65 1.2207623491270714 18 719 20 136 13 1160 11 1591 10 889 9 1192 7 1527 6 712 22 106 5 899 1 639 25 833 26 64 27 661 28 448 32 38
1944 -0.60790855820701861 -1.0778155277577732 9.5535029183752425 98 105 115 0.95749566832970778 17 162 20 147 13 133 11 123 21 138 22 578 4 541 2 124 24 110 30 106
1945 -1.1669284900916319 -0.99311434066499349 9.1170396887714382 172 180 183 0.41554713163818296 8 142 20 148 10 121
1946 -1.1669284900916319 -0.99311434066499349 9.1170396887714382 172 180 183 0.41554713163818296 8 143 20 149 10 122
1947 -0.69503991404769816 -1.0640305010405062 9.6027762155422423 84 90 97 1.5451730927863407 18 156 20 150 13 134 22 579
1948 -2.3754862067944189 -0.87095670275706916 9.2283100765192003 62 69 87 0.9063954703935978 17 176 18 171 20 157 11 1153 22 121 5 1164 6 1333 3 1077 4 1223 2 1108 1 974 23 689 25 396 28 709 30 404
1949 0.10966814010406478 -0.88029847253203275 9.3178832480485809 163 164 165 0.097861157406298083 16 185 17 862 20 164
1950 0.74438604495399352 -0.84044731783060345 9.1873188134495063 129 145 151 0.72573800081760143 16 187 17 192 18 187 20 165 13 150 11 147 12 69 21 174 24 142
1951 0.71473280437338149 -0.79789900767279653 9.1588287563610216 35 47 53 0.91464655930451255 16 842 18 193 20 168 11 819 10 911 22 885 23 1011 25 100
1952 -2.0171402394141298 -0.46044640775795787 8.1932637314909176 170 171 184 0.25006287090879636 20 179 22 152 1 139
1954 -1.9199652916380772 -0.40923545417043961 8.9881999112351618 94 96 108 1.1954570816138954 20 190 9 170
1955 1.6089795688515927 -0.3527042869827261 8.8066940885576095 130 104 83 0.69647606055897493 15 267 20 205 21 204 22 619 24 179 23 253
1959 1.8461930806715801 -0.17850882055129769 8.6852540810008207 117 121 124 0.38678492270743875 16 279 17 267 18 253 20 216
1961 -1.4096489829133318 0.11301194639132128 8.1004983818313949 72 61 58 0.38252857827652786 15 302 20 226 13 239 11 854 10 956 7 775 21 218 5 195 3 623 2 652 1 483 23 265 27 131
1962 1.8035080261646823 -0.040674331094793736 8.9111953688019785 39 43 42 0.21493343216617414 18 786 20 227 21 228
1963 -1.111429988186952 0.18896053763074488 7.9855047144087399 80 88 96 0.57741324885499956 16 309 17 285 18 268 20 229 21 225 24 195
1964 -1.8075278293100516 0.26286157077635997 8.8434448836801867 175 176 181 1.0315711049771314 20 233 13 249 4 602
1965 1.4979884557655891 0.77531307537985672 7.1712220562469575 186 192 197 1.5144354664616155 16 903 20 250 30 866 31 1164
1966 0.37436807298139396 0.86606409428275954 6.8838879863639955 25 34 41 0.54863360505785508 18 307 20 252 12 220 11 891 9 276
1967 1.30521471541967 0.95791835328878183 6.885483694777319 169 145 158 0.30783186527790685 14 360 20 269 22 240
1968 1.3432222063027939 1.1207831156666597 6.5501456599640688 168 141 134 0.31707392634994969 17 361 18 329 20 289 21 305 22 685
1969 -2.8416893100016871 1.8009849534206555 7.4166397464430123 88 93 99 1.4800386151738529 15 920 20 302 21 862
1970 -1.3248923031156044 2.3530586488783269 6.7639525448353872 34 40 44 0.29345064249952241 16 432 20 336 19 205 8 359 22 287 23 431
1971 -1.3119306204412589 2.4431385082553665 6.8360616121404068 30 35 39 0.67042820682045945 18 359 20 339 19 208 22 289
1972 -1.3020274018398053 1.836052417037902 4.1569844873107504 141 127 115 1.9455589383656164 17 411 20 347
1973 -0.72595761433299744 2.6184077888643293 6.2767848975009288 113 95 85 0.22288041589762828 17 450 18 405 20 376
1974 -1.7838189274263323 2.6580522969717251 6.1701993197398401 45 25 15 0.039917755171074445 16 973 20 379
1975 -0.84866170799702867 2.8576469151029498 5.7964415032450827 52 32 23 0.21532230538016373 17 532 20 436 19 351
1976 -1.1411857957483116 2.8707179579644246 5.7637257177769046 148 128 121 0.20529903735679778 17 539 20 442 19 358
1979 -1.5769826244820466 2.9808973654684281 5.4771461122671941 194 158 107 0.089509297358304873 15 571 18 505 20 471
1980 -1.2889122573161584 2.9900480988096994 5.4515862648679017 145 125 118 0.17167270894324141 17 583 20 477 22 407
1981 -1.2872312763103229 2.9871203490136309 5.448046531748159 145 125 118 0.22459571809841358 17 584 20 478 18 509
1982 -1.2710938115022206 2.999318441858057 5.459274582426378 42 22 15 0.12147118677211534 18 510 20 480 19 409
1984 -1.745006593745634 3.0325655941832315 5.4125932759349062 159 128 91 0.3448502874023005 15 592 16 600 18 518 20 486 10 653 17 594 6 561 19 419
1985 -1.0685238758403881 3.0428162478691547 5.3633610110866625 42 20 9 0.14346084940985268 16 605 20 496 11 565
1986 -0.78940400804676658 3.0448137404565885 5.3662695668163929 152 135 126 0.098522464951323399 17 603 20 499 21 543 22 426
1988 -0.62305045223297528 3.0638855459726262 5.2774204413269326 75 50 38 0.68186845101159899 18 926 20 516 16 1018 13 1028 19 437
1989 -1.901633763474023 3.1485957672863463 5.1965073787875884 34 17 12 0.18207687551469065 15 655 20 518
1990 -1.2454173392440904 2.6264784321643546 3.889964834926332 34 20 14 1.1887736593354072 17 683 20 540 19 500
1991 -1.2326415065830614 3.1701933814559804 5.0559091087556629 35 16 10 0.029231450061034912 16 678 20 541
1992 -0.92612053459291654 3.2249216786246446 4.8866019954844839 137 119 109 0.32268632123218277 18 607 20 563 21 599 22 473
1993 -0.77196270696369407 3.2241928729783136 4.9032738693570641 151 133 122 0.26865684868728751 17 707 20 565 21 603 22 474
1994 -0.7711488764550648 3.2217317198480599 4.8989495565775361 151 133 122 0.26217574488357004 17 708 18 606 20 566 21 604 22 475
1995 -1.3864484980273093 -4.1989086801828392 8.2957024630312262 174 148 155 0.1474676671805917 17 726 20 582 21 637 23 592
1996 -1.18995598017794 -4.0708814653976608 8.3199944143589928 108 106 109 0.81578775302438178 14 830 18 16 20 592 13 699 12 778 21 15 24 8
1998 -1.4585380274188235 -3.3614240416451042 9.0086392943676863 63 57 45 1.7073973397320235 16 1079 18 659 20 628 15 1104 22 532 22 536
1999 -1.5231498144661269 -3.3178241747101644 9.0204979759184845 91 73 53 0.21195077512120028 16 763 17 781 20 630
2000 -1.4534206085118742 -3.3028488355277954 9.0419753061544501 70 61 52 0.085511940066819128 16 1084 20 631 12 1202
2001 -0.42333700235319038 -2.718262602711107 9.4104697040078236 58 73 82 0.77710597884113042 17 1122 18 701 20 659 21 1033 22 851 24 884 23 673 19 36 25 602 26 706
2002 -1.4731271116193052 -2.6235788266798239 9.2512266171862887 135 125 127 1.2924030604556527 16 1109 20 661 6 692 21 712 3 555
2004 -0.88333804002719452 -2.4487711241934305 10.167035545170812 69 65 68 0.53375897722896504 18 124 20 667 12 1233 10 1272 7 720 19 557 4 834 23 121
2005 -0.059298804485690138 -1.3644123026116279 9.9665421000129246 116 140 144 0.80662243049485849 16 808 20 676 17 142 11 799 9 779 3 563 24 897
2006 -1.4727709745234943 -1.3790854163591368 10.702411356855128 98 108 101 1.1706065922937099 15 1137 20 677 16 1126 22 566
2007 -0.83154957588923217 -1.1136459471220141 9.2647042497823957 31 44 64 0.44655069966419297 16 1128 17 152 18 722 20 682 12 1239 7 1077 21 727
2008 -1.684335289402791 -1.036519187562789 9.0407884717035394 121 130 127 0.82615705749301682 17 843 20 684 23 145 31 482 32 36 35 506
2009 -1.7241024514763237 -1.0054852570338273 8.8751746632767894 124 133 131 0.90326406675384241 14 924 15 795 20 685 13 801 11 805 9 1194 8 1285 7 1081 6 1323 3 1069 2 1097
2010 1.6958055742556959 -1.0660959059429498 8.5709837456316436 118 148 150 0.55829395371455737 15 1136 20 686 21 735
2011 0.34274663468077571 -0.81398217891411695 8.87887911792353 44 54 60 0.37840676019119596 16 836 17 865 20 708 18 745 10 905 9 793 7 745 8 874 6 719 21 756 22 597 2 896 1 644 24 132 23 196
2012 1.8888252007977022 -0.62680983576388682 8.4289209367212781 40 60 59 1.1861256938341449 16 209 18 209 20 718 18 206 24 618 19 800 26 506
2013 -1.8956307781209158 -0.36577731711517197 7.8360514584987451 149 152 164 0.887523715181053 17 890 20 721 12 875
2015 1.3942101844975388 -0.42883948680372275 8.7995162685497572 214 218 217 0.32898124201901385 16 860 17 896 18 765 20 728 19 586 21 773 22 613 24 629 23 748 25 434 26 516 27 454 28 515 33 640 31 561 32 561 34 523 35 843 36 610
2016 1.7957258315499285 -0.38428738151999331 8.6760593791907095 64 66 71 0.70231429226860109 17 898 20 730 21 202 22 617
2017 1.8109253925536959 -0.32495502852019242 8.4930938201587658 48 52 55 0.58963194066850289 17 900 18 772 20 736 11 1171
2018 -2.2191901394135658 -0.091018792947306276 8.2671452216469259 55 56 69 2.3733818115265994 14 968 20 738 21 198
2019 1.4604699873598781 -0.2337495388076814 8.6701219712018016 189 127 77 0.32592974630865129 16 874 18 1066 20 739 22 627 23 1037 26 766
2020 1.4659699445487671 -0.23505670055713623 8.6877210953742896 189 127 77 0.34148189994783434 16 875 18 1067 20 740 24 640 23 760 26 765
2021 1.8095836960340468 -0.2527738363421167 8.8134297673133979 59 60 64 0.21258485391918569 17 902 20 741 21 213
2022 1.5571908928018088 0.0049134195778070822 8.9541589327219118 100 94 96 1.045296197361258 15 295 20 750 21 231 22 638 24 940 23 772 25 665 26 776 27 701
2023 1.2632724277754095 1.4796673274024119 27.278217526685921 18 27 36 0.90930062769699216 18 800 20 758
2024 0.071373836742715246 0.80849577619623525 7.0092095051871288 15 23 34 0.47395003542670439 17 330 20 763 19 155
2025 0.32503863482801609 0.86163128236142317 6.8811783647537492 50 59 68 0.3933824081042861 16 910 18 814 20 764 19 620 22 662 24 678 23 786 25 161 26 545
2026 -0.87282228119061134 1.016100427434218 6.5497627665567419 21 44 76 0.81855322893147764 17 938 18 1107 20 772 12 1319 24 949 23 1052 26 785
2027 -2.0841201800530738 1.1908285822269682 7.1611779476816677 121 122 127 0.91078701927200978 17 943 20 775
2028 1.3195521842015583 1.1035720962731852 6.5543119882268268 102 78 69 0.34964616462814718 16 390 18 830 20 777 19 633 21 846 22 684
2029 -0.81354966133124973 2.4590681764499731 6.4899441149537047 29 20 17 0.46861125358656108 17 407 20 809 13 382 9 318 19 212
2030 -2.2691551910859973 2.7301887655482351 6.0939151340713007 59 42 32 0.27353550390997994 15 978 20 822
2031 -1.9172557327002924 2.9648879502617378 5.5655475404222958 52 26 9 0.24715220113439246 17 1293 20 831 18 1168 19 898 21 913
2032 -1.1134947284105707 3.0792601555436092 5.2801808790180935 67 48 39 0.07671401335355317 16 1020 20 843 21 929
2033 -0.73578796680226821 3.0867304484977014 5.2127214538654547 45 23 12 0.25329748080805337 17 1041 20 848 22 768 24 448
2034 -0.6302165995862179 3.1194098587546963 5.1599992783458299 66 43 18 0.1759343498845452 16 646 20 853
2035 -1.3827090313682497 -4.3018741633699964 8.2699534654825104 165 134 137 0.21399403969144296 16 1293 17 1064 18 963 20 875 21 973
2037 -1.0474532113206996 -3.6000490641404723 8.6726320281098346 23 51 63 0.26588873452628087 14 841 20 896 23 32
2038 -1.1339343090635863 -3.4329752361173402 8.7211620240108019 31 53 66 0.83715302885261089 8 1225 20 903 13 1112 10 1228 7 1022 21 672 2 1061 24 513
2039 -1.3771879552891959 -3.1046727006075381 9.0174907967189739 53 64 58 0.3166466246442326 15 1330 20 917 11 1386 12 1481 22 835 23 952
2041 -0.74735664940221813 -2.6673957447516519 9.220159946267442 145 163 167 0.49129283825930847 17 827 20 933 13 95 16 118 6 87 21 1031 3 68 4 57 30 72
2042 1.1160841611902783 -1.1243863140632406 8.5808774505225696 172 177 181 0.79460584148360769 14 910 20 948
2043 1.1194454925044579 -1.1339408351137945 8.5675763950012449 172 177 181 0.32206162112265729 17 1132 20 949 21 1044
2044 -0.54163623002694594 -1.1007435413899298 9.69972818707061 91 100 105 0.4842988925276136 15 800 16 816 20 953 19 573
2045 -1.1024046571877197 -0.91474225708941603 9.1552569674025133 77 85 93 1.0270582802771908 16 827 17 1145 18 732 20 959 12 63 17 175 21 1049 22 586 5 565 3 578 4 856
2046 -1.2942412693465561 -0.85118336705792075 9.0035361273863455 43 56 78 0.35127140634717852 16 1140 17 1154 20 964 10 1581 21 1053 22 877 23 1002
2047 1.9510772338303903 -0.79029334180539634 8.1447037760426557 93 116 120 1.3903811085716595 16 1139 17 1156 18 1043 20 968 22 884 24 911
2048 -2.6827625966569433 -0.53902687983063502 8.6733696687092561 96 101 107 0.55631729211124403 18 1277 20 974 21 1065 22 1092 24 910 23 1009 25 623 25 847 26 972
2050 -0.28163822608468081 0.63033738276354678 7.3150348665303468 19 28 37 0.84556335293230289 16 1170 20 1000 21 1089 24 1175 23 1289
2051 0.81300241651864258 0.77274625789385443 7.1194621914745753 43 51 62 0.40144951247770255 17 1208 18 1097 20 1009 19 825 22 912
2052 0.80737789498748003 0.77150563124775973 7.0879078760864758 43 51 62 0.3858352014916544 18 1098 20 1010 19 824 21 1093
2053 -2.8581753664018246 1.0062191982466622 7.2782662957321671 110 114 115 0.51245335239564593 16 1404 21 257
2054 -2.1818508410731456 1.0582604912609441 6.1162233760525968 101 105 108 2.6589217836276253 16 1407 20 1020
2055 -1.7001194502471662 1.5424671706579125 6.593548476825017 21 29 35 1.3245237962977843 17 1246 20 1038 21 859
2057 -1.7054461220910588 2.8801848371881862 5.7590245730662106 78 55 44 0.26624207711363695 17 1289 18 1165 20 1072 19 892 22 998
2058 -1.9514009928212759 3.0956741974557378 5.2271104946862552 35 17 10 0.44097573432953346 16 1264 17 1308 20 1087
2059 -1.8354973119598359 3.1394868367285569 5.1704380908180028 67 50 44 0.4275818623382806 15 1281 20 1090 11 1540 8 1500 6 1010
2060 -1.011522597064292 -2.6767397508870028 8.896887448278779 168 157 135 0.31859395529248619 18 1236 20 1152 12 1490 9 1479 24 1107 23 1247 25 598 25 817 27 637 28 688
2061 -0.15041756651605254 -1.6649949372104689 10.08309355905039 118 143 148 1.0919766502566899 18 1251 20 1163 7 724 18 708 22 96 3 1056 6 1637 1 959 24 565 24 1121 27 383 27 842 28 435 30 399
2062 -0.59737720435908603 -1.616431811570942 10.129276114313434 76 79 86 1.3706148337316257 14 1602 20 1165 11 1405 19 977 21 1256 22 858 25 827
2063 -0.37154306386753277 -1.3647709930859513 9.9595912212852422 161 170 178 0.295642163271575 17 1370 20 1168 24 1318 23 1437 25 1026 26 1155 27 1000 28 1113 30 1039 29 435 31 1225 32 959
2064 1.0974400219529858 -1.1175077843175099 8.4469657533805549 173 177 181 0.54463585220323119 17 1371 20 1170 12 1507
2065 -0.90608824091349072 -0.42447789079693798 7.8768031670880214 77 87 97 0.74694012377025309 16 1365 17 1389 18 1461 20 1185 19 1169 21 1269 22 1096 23 207 24 611
2066 1.8368241225325357 -0.15967569727646008 8.5414163031672725 122 126 129 0.62085856151897278 17 1574 20 1200 21 1283 23 764 21 1077
2067 1.4773234897371781 0.03367558245355947 8.7599723211257015 74 65 70 1.0845735969284482 17 908 20 1203 16 299 21 1482 22 1108 24 1346 23 1461
2068 1.893746539915429 0.11874798132835991 8.5097579659992615 147 155 155 0.83087531720056307 18 1293 20 1206 22 1110
2069 0.18484923144249055 0.65440406619311375 7.7200913863763008 19 28 35 1.6348873322994077 16 1391 20 1210 10 1608
2070 0.17170687902659854 0.65497825548580324 7.7739803591949563 19 28 35 0.13953892869680379 20 1211 13 1463 11 1447
2071 0.25837163861384993 0.65052774859008844 7.3444021209291543 20 29 38 0.26157314575078239 17 1196 20 1213 21 1288
2073 0.70713401170147694 1.0320266056815104 6.4910800945824834 68 85 93 0.47395358983142821 18 1319 20 1229 21 1301 24 1188 23 1299 25 890 26 1017 28 749
2099 -0.82386979942019067 3.1978431691456888 4.9690556830693744 22 6 0 0.12125480797148541 17 2024 20 1784 21 1802
2156 -2.6951116096431007 -0.25772560825824342 8.8871318490039357 154 157 163 0.22780500547848576 8 237 13 214 9 181 7 211 6 216 5 188 3 218 4 198 2 230
2233 0.88836490783802391 0.89288912561883116 8.5681372196011605 20 34 37 1.7941828484275939 14 1002 7 271 6 788
2245 -0.69850448079012284 2.6230769688464859 6.3115551403885322 29 20 18 0.58953585747353254 18 872 13 947 12 985 10 1055 24 781
2247 -1.4595345101593244 2.6442915262213305 6.211203162826723 38 18 9 0.059349062284350163 17 998 18 874 13 956
2248 -0.71217443173037209 2.6875351070015134 6.1418141787046512 52 30 18 0.29656728363374485 17 477 13 960 11 411 12 999 10 410
2307 0.86175191187784217 0.60005861358748713 7.4625689715340373 19 33 41 0.43020412766436172 15 1397 13 1459 11 1444
2119 -3.0502612284003741 2.4939087323821685 10.078652635817381 74 77 83 2.3544574311519257 17 2119 18 2025 20 1872 21 1947
1470 -1.0257251440353881 -0.56278963230762502 8.3652409851895388 117 137 159 0.92372274269338217 16 852 17 883 18 208 15 234 14 209 20 174 13 824 11 176 10 172 9 145 19 584 21 178
2308 -0.21840145569113606 0.72427013844244614 7.1770821948221242 14 25 31 0.31386443700678418 8 1595 14 1675 13 1469 11 1455 12 1553 10 1616 9 1538 7 1404 6 1358 5 1193
2120 -1.1224432646828548 -3.9934890996253287 8.1637674278879881 110 101 103 0.42266117810559073 16 13 17 738 18 18 13 9 11 4 12 780 19 7 21 17 22 491 25 331
2309 0.25873610415391324 0.74805445325625064 7.2250130085942237 21 30 37 0.25019189262458325 14 1682 13 1475 11 1460 12 1559
2121 -0.7809597187620696 -3.8383512534631032 8.0594793573441414 155 138 123 0.95883700487514478 20 596 13 15 7 644 21 22 8 773 28 356
5908 0.70925250668665518 -0.31337086439387446 9.1149433806823676 131 134 140 0.22507986418111883 33 957 34 680 35 1061
821 -0.85590277033044759 2.9001892931247677 5.7117701368588296 25 5 0 0.21131971804047758 16 1696 15 1690 17 1722 18 1593 14 1947 20 1509 19 1281 21 1605
2122 -1.4896531964522182 -3.6311087752516173 8.9420670965834503 106 94 81 1.0915762374859619 15 42 13 32 11 16 10 18
2311 0.07105235381236541 0.83777074284840491 6.9406894102684182 20 31 37 0.37234733426383848 8 1613 13 1481 11 1467 12 1572 10 1634 9 1554 7 1419
2312 0.29413193528412862 0.85558005899240852 6.9211972071451555 21 31 41 0.27897740393028958 14 1416 13 1483 9 1257
2124 -1.1765637429559066 -3.4116830567813885 8.7613855232854743 86 95 100 0.30330462096879657 14 59 16 60 13 45 17 762 11 734 10 817 9 707 7 664 6 32 8 36 5 499 2 517 1 367
1198 -1.5441018571614968 1.9591690128312362 4.2678085395529139 44 17 0 2.9959552874204314 15 456 17 442 18 401
5912 2.1249754815517106 -0.55555946242427934 8.3912637686338485 59 71 69 0.48337137330290436 33 819 34 687 35 1065 36 1091
825 -1.0037742258010032 2.895591096781672 5.6889347007387876 32 9 1 0.53946371523285985 16 1698 15 1696 17 1720 18 1595 14 1949 20 1507 13 1722 11 1728 12 1844 10 1870 8 2065 9 1789 7 1842 6 1764 19 1283 21 1602 22 1346
2314 -1.1288581539775264 2.5126680102623657 6.4335796364994824 38 7 2 0.38799712721163038 14 1718 13 1516 9 1581 7 1434 8 1644 6 1395 5 1219 4 1122 3 1127 2 1168
2126 -0.33880715145495349 -3.2578851557680131 9.0630823365055342 62 70 72 0.53976651172866963 8 799 13 58 6 655 15 753
1199 -1.6998398006761413 2.6083426905379095 6.2780067937365418 54 32 18 0.21589935575993291 16 471 17 443 14 487 11 400 13 423
5913 2.1738143686642077 -0.49665149485749704 8.2133899455433372 135 141 141 0.34508550379968794 33 821 34 690 35 1068 36 1092
826 -1.0051862566645522 2.8930727317282501 5.6809559194961299 32 9 1 0.65839090052571392 16 1699 15 1697 17 1721 18 1596 14 1950 20 1508 13 1723 8 2066 11 1729 12 1845 10 1871 9 1790 7 1843 6 1765 19 1284 21 1603 22 1347 24 1402 23 1515
1200 -2.149661193690819 2.6166111139296868 6.2867875693724571 44 19 5 0.31612471502658857 16 475 17 445 14 496 13 429 11 408 12 328 9 372 6 389 21 387 5 300 3 370 1 286 2 389
5914 1.8410917787582446 -0.1640624907510625 8.3637189339989764 92 51 22 0.42755249064853251 33 833 34 829 35 1081 36 903
827 -1.5011529196780455 2.9181810366421734 5.6752181292170016 30 9 2 0.24680123142915039 16 1703 15 1698 17 1731 18 1601 14 2172 20 1504 13 1957 11 1741 12 1848 10 2109 8 2085 9 2032 7 1859 6 1786 19 1289 21 1597
2316 -2.6002275913678985 2.6561389297892624 6.1464295781749296 82 62 55 0.28762484080986572 8 1823 14 1738 13 1534 11 1514 12 1614 10 1826 9 1599 7 1592 6 1560 5 1394 3 1295 4 1281 2 1334 1 1020
2128 -0.98685956522624108 -2.9284061216412898 8.913691583321711 123 124 132 0.15900493878880545 8 70 13 77 10 55 7 61 6 72 5 38 3 46 4 43 2 58 1 44
2129 -1.3584883107553396 -2.5891361042973919 9.2293512412119547 105 99 99 0.21594021791187035 15 133 16 125 13 99 11 81 6 92 23 111
1202 -2.5114962135924368 2.6193122280691599 6.2359486515811824 108 88 77 0.25122104131352307 15 469 17 447 14 503 11 415 8 1046 10 1078 12 995 9 979 4 709 2 762
5916 0.70732550072996869 1.037184569185317 6.4974078340972419 104 108 117 0.12645379164592016 33 678 35 1090 36 1114 31 1040
829 -1.0241400268774987 2.9085370147136778 5.5804001960818477 85 60 53 0.40979143443460919 16 1709 15 1700 17 1734 18 1605 14 1959 20 1514 13 1732 11 1740 12 1852 10 1876 8 1857 9 1802 7 1638 19 1292 21 1607 22 1354 23 1517 24 1404
2318 -0.2889448960849979 3.2467132038568827 4.9672545756792506 93 89 78 2.0412151499957609 14 1246 13 1569 12 1446
5917 2.8876234251705393 0.21428884372875295 7.1957275840887096 82 86 79 1.4697945624470325 31 1167 35 1109 36 1264
830 -1.1941944407699103 2.9091208939355693 5.5623519348269426 97 73 69 0.3374667496731098 16 1711 15 1701 17 1737 18 1606 14 1962 20 1297 13 1735 11 1743 12 1854 10 1884 8 1859 9 1810 7 1644 19 1294 21 1405 22 1351
1481 -1.7379969692517516 -4.1804621121034504 8.5195345757184704 142 132 129 1.032618196848629 15 706 18 12 20 11 16 10 13 692 12 773
2319 1.3509079445384979 -2.324780632640306 8.3362958060235091 124 154 154 1.0879475966002461 16 1525 13 1587 12 1688
2132 -0.7836440588508703 -2.3209922393490001 10.093583444290557 48 43 49 0.45154859668760927 15 147 13 109 2 106 1 72 25 58
5919 2.1707261207901296 1.1015832076807643 6.5479934682859344 58 37 36 0.64222796322651909 30 907 33 1007 35 1135 36 959
832 -2.1674693622325956 2.9034438852298168 5.660316079774339 72 54 47 0.30767354137095848 16 1705 15 1703 17 1718 18 1597 14 1965 13 1739 11 1745 12 1856 19 1287
1483 -1.6973930756587312 -3.9687063167166983 8.6437771449771788 88 105 133 0.58444000645283645 15 22 18 35 14 21 13 712 8 1213
2321 1.1177925927048578 -1.216309503118179 8.471095698357658 162 165 170 0.56539858346015437 16 1529 13 1591 9 1664 8 1735 7 1516
2133 -0.022424723843602168 -1.3208814819837871 9.9956470784417792 158 179 184 0.31719508016551345 16 147 18 144 13 120 11 111 23 146 25 68 27 396 28 455
1484 -1.4671045219778471 -3.8834621950510813 8.4728098855674361 98 106 131 0.77168567653937337 8 782 18 39 13 23 12 789 7 650 6 634 21 31 24 499 22 501 27 324
2322 -0.91112629862430072 -1.1625799729934672 9.193392321559946 105 112 117 0.608856306227747 8 1558 16 1345 13 1600 11 1408 12 1698 10 1569 9 1493 7 1359 5 1150 3 1328 2 1091 1 637
2134 0.90225847252855129 -1.1364575003856516 8.7032107360193347 142 154 156 1.549830875943687 8 1273 13 121 10 882 9 1186 6 1066
1207 -2.3104646080685081 2.7756009613102495 6.0001632327212331 139 120 113 0.2876641629813283 15 501 16 512 17 501 18 443 13 477 12 426 14 1115
5921 1.0750641626415587 -2.9343778713178517 7.1038459568687138 86 88 81 0.60632121244316217 33 742 35 1165 36 1005
834 -2.3406023316363269 2.9135511695206699 5.6633266971613319 85 65 58 0.24563875223520334 16 1707 15 1706 17 1724 18 1599 14 1970 13 1743 11 1749 12 1859 10 1900 8 1879 9 1825 7 1663 6 1594 5 1415
2135 -0.50799549100866681 -1.2600918513285015 9.630762969619175 155 165 177 0.50539451896284027 16 146 17 146 18 715 13 123 10 104 9 104 7 108
2136 1.1032232915037778 -0.97920264505702448 8.6995373399252323 110 116 120 0.56577085569360097 16 818 13 129 10 890 8 125
1209 -1.1342997786379172 2.8008761690998329 5.8969286513949912 34 14 7 0.25599743267351022 16 517 17 517 18 451 20 417 19 329
5923 1.1223105374505171 -2.7411149698150603 7.0478895394217531 109 114 107 0.26109262451764398 33 746 34 627 35 1168 36 1186
1487 -1.0364914342102307 -2.6802131553614204 8.928937832510405 154 146 132 0.23034836160232169 8 82 17 105 18 98 14 103 13 87 11 70 12 31 10 68 7 73 3 63 4 509 2 81 1 401
2137 -0.81521299230547506 -1.0889743398899343 9.3312266188325026 98 105 116 1.4186532840670605 20 140 13 130 10 112 19 52 21 132 22 575 3 570 24 575 23 686 25 394 26 461 27 666
1210 -1.1889934738351204 2.8130982952123285 5.894887846210275 112 92 85 0.13189023582049503 15 507 17 521 18 453 19 334
5924 0.37785352818411166 -3.0632259572510891 8.1916586396752322 112 105 99 0.2058433203083202 33 904 34 893 35 1172 36 1191
837 -0.84392161326225668 2.9602361098147147 5.564508242123547 32 9 1 0.35585866345253342 16 1716 15 1709 17 1745 18 1612 14 2179 20 1525 13 1964 11 1980 10 2114 8 2084 9 2037 7 1862 19 1300 21 1619
1488 -0.79138870497459601 -2.7356055773735704 9.1273887765502497 116 127 129 0.68185710152320367 15 112 17 813 18 100 14 104 20 94 13 88 11 71 21 705 24 551 25 44 27 369 28 418 30 597 31 724
2326 -0.98551475312036652 0.77615555428228877 7.2883294110463828 125 132 140 1.4789577011792934 8 1943 13 1623 11 1464 12 1972 18 1095 10 1981 9 1902 7 1537 6 1650 5 1455 3 1265 5 1355 2 1143 1 851
2138 -1.1285259372559953 -1.0327982472988095 9.1536320695948632 75 80 84 0.29938685690336969 8 139 13 132 9 115 23 152 26 70
1489 -1.5783774251196421 -2.6960202976227841 9.190939115998944 86 84 88 0.70703529206155513 8 83 15 121 18 105 14 891 20 98 13 93 11 777 12 822 9 758 7 78 19 32 21 99 4 511 2 558 24 72 23 94
2327 -2.4035702500765166 1.265865433192503 7.9448949306639518 93 97 97 0.75762636059547095 8 1774 13 1625
2139 -2.2104544634398873 -1.0141095896765275 9.2040682002862511 61 66 70 0.29808824309879456 14 154 13 136 11 127
1212 -0.98167359273391952 2.8711207177740334 5.7713506972406936 146 128 119 0.16656119217525306 16 539 17 541 14 610 20 444 12 466 19 356
5926 0.1480288647503526 -2.8047342741655714 8.3957490938479786 41 40 36 0.36225126738449581 34 895 35 1177 33 1095
839 -2.1532078914557968 2.9553499357910158 5.6454921660730983 25 5 0 0.29538359052052682 16 1714 15 1713 17 1735 18 1608 14 1976 13 1748 11 1754 12 1868 10 1906 8 2117 9 1830 7 1667 6 1598 19 1296 5 1617 3 1463 4 1466 2 1497 1 1149
1490 -0.84163060013401925 -2.6103151981832644 9.1937388060457366 100 112 113 1.0368008033851062 15 129 18 114 14 113 20 108 11 80 9 76 6 690 8 88 21 111 22 83 3 71 30 73 31 107
2328 -0.92016956815228568 2.5008714512352102 6.4105121245914845 175 138 93 0.19412278211483855 15 1581 13 1633 11 1631 10 1781 9 1716
2140 -0.42228111661218937 -0.9841030708523143 9.4612682650756383 157 162 166 0.064408641675820055 17 172 13 139 19 61
1213 -1.6299621116610212 2.8950212502548776 5.755382171651183 137 117 110 0.15757811558542634 16 548 17 549 18 475 20 439
5927 0.16265589987287377 -2.6442207654406236 8.2143276724335852 92 98 91 1.21945091885809 33 756 34 783 35 1178 36 1196
840 -1.5834498876772392 2.9694602877416383 5.5019194632645414 171 136 87 0.52313090393625017 16 1722 15 1715 17 1749 18 1617 14 1984 20 1517 13 1755 8 1883 11 1760 12 1874 10 1911 9 1832 7 1886 6 1597 19 1303 21 1612 22 1357 5 1414 4 1294 3 1305
1491 -0.78247773780248076 -2.3545446402595265 10.105136742975825 86 85 87 0.5324299517108958 8 98 18 127 20 117 17 130 13 107 12 41 10 873 9 87 7 92 21 116 5 66 3 92 4 65 24 93 23 122 25 55
2329 -1.1934179587800764 2.5138557612988346 6.3816974089531415 185 138 94 0.053541462402324734 14 1861 13 1636 10 1788
2141 1.4125010406325966 -0.89418933500158837 8.9495932056010048 230 240 242 0.3458230949866134 16 178 17 181 13 141 18 176 9 117 19 64 21 166 22 141 24 134 23 200 25 96 27 104
1492 -0.89928634830418641 -1.4856120414223102 10.021935722583601 88 83 91 0.29600389776559577 15 152 18 134 13 115 11 102 8 104 12 48 10 92 9 93 7 102 6 109 5 74 3 99 4 529 2 112 1 416
2330 -2.6872947510571219 2.5730758394020161 6.3070280002353423 26 7 1 0.29595436978245326 8 2005 14 1877 13 1648 11 1647 12 1763 10 1808 9 1737 7 1781 6 1712 5 1532 3 1395 4 1394 2 1441 1 1119
2142 -0.78622137363084965 -0.93898936251836085 9.3268067328681212 124 120 121 1.7241831915619465 8 149 13 142 10 132 14 166 9 126 7 130 6 134 21 149 22 127 3 577 5 563 4 101 2 133 24 120 23 174
1493 -0.56637108307394024 -1.4251524091045704 9.7296586995352623 102 83 76 1.1192114587449951 15 154 18 137 14 907 11 792 9 95 3 100 2 111 26 59 30 82 33 42 34 247
2331 -2.6872947510571219 2.5730758394020161 6.3070280002353423 26 7 1 0.29595436978245326 8 2004 14 1878 13 1649 11 1648 12 1764 10 1807 9 1736 7 1780 6 1711 5 1531 3 1394 4 1393 2 1440 1 1118
2143 0.2843615827799344 -0.80161865296934964 8.8482719602175646 106 125 131 0.81049487921382124 8 878 14 939 13 149 11 146 12 850 10 137 7 136 7 1088 6 724 4 555 1 649
1494 -0.23898537323178493 -1.4542850174325976 10.014443495724047 108 132 143 0.73362535024467734 8 105 16 143 18 140 13 791 12 832 6 702 3 98 4 74 24 98 25 62 28 444
2332 -2.8386498643550295 2.5788414468421021 6.2873903593362694 24 3 0 0.24530865875176563 8 1812 13 1654 11 1651 12 1765 10 1809 9 1742 7 1580 6 1549 5 1541 3 1401 4 1400 2 1448 1 1123
2144 1.2439201272029905 -0.76958074851015434 8.8170706861575212 88 102 105 0.035623388712895949 14 176 10 141
1217 -0.80183668829000654 2.8988261266974797 5.6486539785379986 50 26 22 0.24807782134674852 16 558 17 560 18 486 13 514
5931 -0.19219496247254031 -2.4150784322934138 9.6081603411163634 51 52 57 0.45881130486604438 33 766 34 642 35 1188 36 1204
844 -1.6681314657615243 2.9964643755253539 5.5396286130106152 38 4 0 0.41358050933001489 16 1729 15 1720 17 1753 18 1622 14 1988 20 1523 13 1760 12 1880 9 1835 8 1885 7 1888 6 1819 19 1308 21 1614 22 1361 5 1616 3 1462 4 1465 2 1496
1495 -0.37647751692670162 -1.1783707648650634 10.040793945922649 84 98 101 1.1331946175592598 15 178 18 150 19 55 20 691 21 733 22 577 23 996 24 900 25 836 26 961 27 1004 28 1017 29 351
2333 -2.5945816464302034 2.6117404787725871 6.2382085408846484 44 17 4 0.24084343489638696 14 1886 13 1655 11 1655 12 1768 10 1812 8 1813 9 1743 7 1582 6 1552 5 1390
2145 -1.0565547665044119 -0.70281221435614583 8.6855572153744962 120 150 194 0.48793990412219523 8 1304 15 822 16 845 18 749 13 162 11 165 5 117
1218 -1.1358856364868999 2.9354885352241755 5.6199525500375689 138 119 112 0.15426552779322461 16 569 17 564 18 489 14 656 20 454 19 383 21 499 22 399
5932 -1.34170131408314 -0.75214923745179785 8.7735185288559716 114 128 148 0.20384224771539816 33 931 34 800 35 1194 36 1211
845 -1.1780800976756465 2.9851696775112067 5.4482523494240054 89 62 57 0.37510751853954938 16 1734 15 1721 17 1757 18 1628 20 1527 19 1314 21 1624 22 1365
1496 0.010331856290352937 -1.0345497319535819 9.548403890908677 148 152 156 0.89101689017794683 15 188 16 823 18 162 14 1338 13 805 11 126 8 136 12 61 12 842 9 784 7 734 21 150 5 90 4 540 3 571 24 591 23 176 25 402 26 87 27 416 2 588 28 114 30 441 31 167 32 302
2334 -2.7432350985507297 2.6215629023423364 6.2272780319724461 37 15 4 0.31702104422563337 8 2018 13 1658 11 1910 12 1773 10 1819 9 1746 7 1587 6 1728 5 1551 3 1410 4 1410 2 1453 1 1125
2146 -1.4138818163052544 -0.67643016774066278 8.636510852476853 93 111 137 0.6400926232076507 16 201 13 166 11 167 15 215 10 162 7 156 22 140 3 141 4 568 2 164 27 90
1219 -2.3178575887646531 2.996474614152512 5.5386639363684358 90 71 64 0.29546719724076842 16 586 17 576 18 503 12 590 10 647
5933 -1.34170131408314 -0.75214923745179785 8.7735185288559716 114 128 148 0.20384224771539816 33 932 34 801 35 1195 36 1212
846 -1.1781909411727964 2.986597791133299 5.4505913159456068 89 62 57 0.35766700964922765 16 1735 15 1722 17 1758 18 1629 20 1528 19 1315 22 1366
1497 -1.2780541727781265 -0.88669491054839034 9.0180381656368969 70 80 93 0.21999629086263847 15 192 18 165 3 127
2335 -2.8209509802683814 2.6684988002370975 6.1649726201648782 34 12 1 0.2898582418145248 8 1828 13 1668 11 1677 12 1786 10 1830 9 1762 7 1600 6 1562 5 1397 3 1426 4 1425 2 1464 1 1134
2147 -2.1877667715484077 -0.67163176091719101 8.6941536396692634 155 170 205 0.48014943791531117 8 173 13 167 11 829 10 165 7 162 5 130 4 570 2 169 1 117
5934 -0.87936923406889533 -0.99827057753013493 9.2440563023959204 73 81 75 0.18074507149383448 34 803 35 1197 36 1213
847 -1.7484775909215307 2.9835462903388588 5.5036053077005027 179 143 98 0.27294683078583115 16 1726 15 1723 17 1750 18 1619 14 1992 13 1763 11 1764 12 1881 8 1887 10 1912 9 1837 19 1305
2336 -2.6719398952535287 2.7055902507124747 6.087308506067016 78 60 56 0.31573933332911291 8 1838 13 1682 11 1691 10 1843 9 1775 7 1612 6 1568 5 1401 3 1296 4 1283 2 1336 1 1023
2148 -1.7211955893299002 -0.43529211741768437 8.0791856403589062 115 132 154 1.1813320843371955 14 220 13 184 11 186 9 158 2 191 1 464 3 169
1221 -0.83167159995471573 2.9814185201508394 5.4512553663311962 145 121 116 0.10807668644367692 16 582 17 582 18 507
5935 -0.3999617563792266 -0.77531118810788435 8.9951532398895999 91 94 101 0.15699914492782041 33 943 34 812 35 1201 36 1220
848 -1.7506480486964251 2.9907745031991033 5.5241553223956599 179 143 98 0.21071936616043282 16 1727 15 1724 17 1751 18 1620 14 1993 20 1521 19 1306
2337 -2.5126131601187245 2.7756540198693229 5.9307770378631925 96 74 65 0.17851360416814802 14 1931 13 1703 11 1710 12 1822 10 1862 9 1786
2149 -1.3549576247528761 -0.40572386816940031 8.1055950877952796 32 64 115 0.51530444532297104 16 237 13 191 11 192 5 152
1222 -2.1157359682790338 3.0473673183469225 5.4372372154850348 127 109 102 0.25749442846291132 16 604 17 593 18 519 14 747 13 596 12 616 19 420
5936 -1.1194073478976456 -0.10990983325384904 7.8910165234286813 150 150 160 0.56994520446271757 33 945 34 917 35 1203 36 1223
1500 0.3676834023034965 -0.96183018783492857 9.6537418231464613 89 98 103 0.61195206389278634 15 806 18 174 14 933 8 869 12 1246 9 790 7 1085 6 1075
2338 -2.5126131601187245 2.7756540198693229 5.9307770378631925 96 74 65 0.17851360416814802 14 1932 13 1704 11 1711 12 1823 10 1863 9 1787
1229 -0.91904664323879715 3.1182019644655181 5.2006268441127839 34 15 8 0.17259337681800449 15 1030 17 651 18 558 16 644 14 1201 20 528 19 460
2150 -1.9289288111514962 -0.41886954059131143 8.6597987360322843 145 149 158 1.1885589712172264 17 223 20 185 13 194 19 88 2 635
1223 -0.76950915290860578 3.0317839747245698 5.3937895721048879 52 34 26 0.11316288804303892 16 596 17 596 14 714
5937 1.9894992840268308 -0.77215952512674002 8.2781711113285876 41 54 54 0.72085432838940988 33 951 34 820 35 1214 36 1235
1501 -1.5626602642642071 -0.57918569410793841 8.4187163791504034 159 172 191 0.25752130794587924 15 228 18 203 9 146 1 118
2339 -2.8273745158112678 2.830073046360793 5.8914197081616022 26 8 0 0.26162957213003341 8 2088 13 1721 12 1835 9 2035 7 1858 4 1455 3 1454
1224 -0.77147957767877717 3.0534156500165262 5.3608953833186757 35 15 5 0.30116014977441047 15 589 17 606 14 727 13 587 11 555 12 604 21 547 22 428 19 426 24 441 23 526
5938 1.3734812969360073 -0.35438048069902511 8.5743908778344124 46 47 41 0.20967943216041354 33 962 34 937 35 1217 36 1242
851 -1.3379638805804022 2.9920375584395171 5.4377221109359413 79 59 52 0.21665440969097133 16 1737 15 1727 17 1762 18 1626 20 1529 19 1316 21 1622
1502 -1.0303967380372709 -0.5625980792946037 8.3899728123143369 105 124 142 0.6997166820541677 15 233 18 207 14 208 20 173 11 175 10 171 21 177
2340 -2.3443711997308001 2.837562110392577 5.7814787588372605 81 61 54 0.24027072510335593 14 1953 13 1724 11 1733 12 1838 10 1877 9 1806 7 1640 8 1862
2152 -1.6682720217110925 -0.32762964327304689 8.0103539660431 141 149 160 0.51805293634295346 14 240 13 201 7 204 5 588
1225 -1.4056285002164195 3.0980121728720045 5.4352396693009863 39 17 9 0.17032809766693535 16 613 17 608
5939 -0.036715493151968204 1.2781403442610011 6.590416378956002 158 163 167 1.4863708538444036 33 974 35 1230
852 -1.3379638805804022 2.9920375584395171 5.4377221109359413 79 59 52 0.21665440969097133 16 1738 15 1728 17 1763 18 1627 20 1530 19 1317 21 1623
1503 -1.2613903802026387 -0.31776072627224716 7.7900579425032577 138 140 160 0.55443691474486945 15 261 18 225 14 238 20 189 13 199 11 842 12 101 6 194 21 185 22 158 5 585 3 609 4 169 2 634 1 148 26 115
2341 -1.0871205426315458 2.9203116877222013 5.610472738395953 41 18 12 0.28472229674725075 14 1960 13 1733 12 1850 11 1738 10 1879 9 1804
2153 -1.5597767014180053 -0.35364294156297221 8.6241945015093613 147 149 163 1.0203602838253962 14 243 15 268 12 105 2 638
1226 -0.97713737346999341 3.0707059659961251 5.2884216664277126 34 14 7 0.24869948990913859 16 620 17 624 14 1182 13 1032 21 552
5940 2.9622759028404335 0.069051011774564741 7.180359818252537 69 72 65 0.55493783971328692 33 985 34 847 35 1240 36 1260
853 -2.3295031877064223 2.9765460939185502 5.5199321137552966 78 60 50 0.29492193884459539 16 1724 15 1729 18 1615 14 2201 13 1991 11 2010 12 2124 10 2151 9 2083
2154 -1.2001556956356854 -0.24389570651955811 7.803469168749122 168 173 195 0.40258132690640086 16 255 13 210 17 245
1227 -1.939697066402307 3.0964709897719742 5.309637130842737 148 128 105 0.26865999166011151 16 628 17 625 18 537 14 1205 20 506 19 444
5941 1.6002641094850802 1.1716615645054085 6.3866313209773642 142 126 126 0.22886026242100896 33 997 34 856 35 1252 36 1273
854 -2.3294588400635119 2.9762683545374413 5.5200521413211598 78 60 50 0.28927479926483202 16 1725 15 1730 18 1616 14 2202 13 1992 11 2011 12 2125 10 2152
1505 -1.1708985996144499 -0.15148015881470486 7.9062754569661111 170 172 184 0.25460799146307656 15 278 18 240 14 966 11 847
2343 -0.66998657030564979 3.0160990314296616 5.4358951398907571 36 8 0 0.36158585690030304 14 1986 13 1757 11 1759 10 1899 9 1823 8 1875 7 1660
2155 1.7638156723950131 -0.20221537480498425 8.7899451435841822 110 111 115 1.4676662122010073 16 278 18 252 13 211 17 266
1228 -0.75058824465506002 3.0782944556326246 5.250857781182833 87 65 54 0.61774213743024964 8 664 17 633 14 748
5942 2.6397629667245885 0.64185230717321684 7.4569076701898558 46 51 45 0.14234142843709136 33 1003 34 864 35 1260 36 1279
1506 -1.4913442487140789 -0.11066201469659381 8.1467688766836392 81 102 121 0.55880191458251194 15 286 18 248 9 832 7 216 5 189 6 217
2344 -2.075306448888004 2.9837576588788717 5.5768796581808884 38 17 14 0.43615358860100228 8 2125 14 1989 13 1758 11 1763 12 1878 10 1915 9 1836 7 1891 6 1829 5 1622 3 1468 4 1473 1 1234
2157 -1.3949600780068261 0.057901450391975799 5.2545258379568152 0 0 0 1.1981761585885926 16 283 17 260
1230 -1.433974211265207 3.1315589412007281 5.1849923982164663 140 122 112 0.069865871350834038 16 656 17 655 19 469
5944 2.4573885702639537 1.2444278038966425 6.2224203163873817 20 22 29 0.38741612125686181 32 934 35 1273 36 1361
857 -1.7451127581176942 3.023404251019294 5.455015367178869 81 46 12 0.2013040752040913 16 1481 15 1734 17 1495 18 1397 14 1999 20 1308 19 1101 21 1410
2346 -1.1542182780756367 3.0622462190530588 5.3165261055123665 137 113 103 0.22045895174579372 8 1897 13 1779 12 1898 9 1850
1231 -1.4324393355616283 3.1268669118725607 5.1747950424789071 140 122 112 0.12847634505243924 16 657 17 656 18 561 19 470
5945 3.6573342742433046 0.97890652568313652 6.4921117512625708 75 79 73 0.82870145618129942 34 877 35 1278 33 1015 36 1292
858 -1.7446430244763529 3.022878802488095 5.4540962731723468 81 46 12 0.38761715285746362 16 1482 15 1735 17 1496 18 1398 14 2000 13 1773 11 1770 12 1890 10 1922 8 1895 9 1848 7 1679 19 1102 20 1309 21 1411 5 1626 6 1607 3 1472 4 1476 2 1503
1509 -1.8704825807680825 0.21364926664824954 9.605191233469867 88 86 92 1.155434498484208 18 272 4 209
2347 -1.9088083883005562 3.0493412657172305 5.3319921834144699 182 142 98 0.34550112669415978 8 1907 13 1781 11 1784 10 2179 9 1856 7 1687 6 1616
2159 1.8063835488202642 0.15713480926815837 8.8531940603107984 146 148 145 0.66558976496442679 16 310 17 290 18 273 13 237
1232 -1.7441588263897563 3.1476262816800884 5.1893804260161147 80 51 20 0.1370828037401578 16 662 17 660 14 799 19 475
5946 3.8212850009849642 1.0437407221643655 6.4260121610879146 69 74 68 0.38921891320060675 34 878 35 1279 36 1173
859 -0.75160718938548809 3.0575150108249005 5.33184014576553 51 29 15 0.3364169046997903 16 1749 15 1737 17 1780 18 1643 14 2001 12 2147 19 1329 20 1547
1510 0.30336288625933472 0.62447250240402918 7.3755717761267698 41 50 57 0.24388352218108683 15 320 18 286 14 310 20 240
2348 -2.4943976619162389 3.0494890242703683 5.3840679830349059 71 53 46 0.48978517385081644 14 2015 13 1784 11 1792 12 1910 10 2196
2160 -0.9187860259903593 0.5624973216574285 7.6863190183060164 23 32 39 0.27172143258354453 8 283 13 269 9 223 7 243 6 252 5 604 3 627 4 604 2 660 1 489
1511 0.76227170575805936 0.78593932954340506 7.0804539117813245 26 36 48 0.24956613793674612 15 878 18 303 13 877
2161 -0.24121215713770577 0.64121143711175865 7.3471858834850226 59 68 75 0.31090029780258394 16 334 13 282 11 273 14 318 12 163 10 286 21 245 22 209
1234 -0.81763969146014071 3.1369227908120467 5.0357432462503287 78 54 50 0.17456389396458524 16 1038 17 681
5948 1.2177107462332115 -2.7297220073507082 6.8891497367427084 31 38 31 0.61369804907346071 33 899 34 768 35 1291 36 1301
861 -2.1548185882999582 3.0230722219895982 5.3697717700896082 67 50 43 0.34352796430212584 16 1744 15 1739 17 1766 18 1633 14 2009 11 1783 10 1931 19 1322
1512 0.76227170575805936 0.78593932954340506 7.0804539117813245 26 36 48 0.24956613793674612 15 879 18 304 13 878
2350 -0.98740415135753445 -0.62922659284821458 8.4465007579537197 133 151 179 0.31806486772023917 8 1932 13 1823 11 1838 12 1963 10 1968 9 1890 7 1721 6 1642 5 1444 3 1332 4 1326 1 1062
2162 0.22718634427156792 0.75504079863903184 7.0439931893024204 16 27 33 0.2463777722824611 8 939 13 302 7 272 6 786
1235 -1.0726235152583463 3.1682661765919682 5.0153699358405364 46 27 18 0.16157986576294725 16 685 17 688 18 585
5949 -1.3819602668452093 -0.7210906949727599 8.353263991867701 130 145 163 0.12304958826696608 33 928 34 797 35 1300 36 1311
862 -1.6643468618525619 3.0546260609434648 5.3753871608980868 37 5 0 0.30485595936301735 8 2144 16 1748 15 1741 17 1771 18 1637 14 2007 20 1544 13 2014 11 2034 12 2151 10 2168 9 2102 7 1922 6 1841 19 1326 21 1636 5 1637
1513 1.4185954266646648 0.93609858694379622 6.9177969673957813 180 163 173 0.34886877866349408 15 892 18 313 14 357
2351 -2.713631002677285 -0.028937432938792987 9.0563297965654268 71 76 80 0.25516634898340357 14 2062 13 1832 11 1849 8 2204 12 1969 10 1979 9 2185 7 1998 6 1896 5 1668 3 1509 4 1512
2163 0.12583418330123042 0.87388170743058324 6.7980404416467168 44 53 57 0.20003935353478017 14 356 13 316 11 323
1514 -1.5797292869830657 2.4861737512081712 6.4190870999987366 101 77 67 0.10260524903100292 15 436 18 371 10 376 9 328
2352 -1.4376578958772219 1.8790544670336873 6.565030351565933 16 19 24 0.86657414959540258 8 1948 14 2072 13 1834 11 1856 12 1975 10 1988 9 2190 8 2211 7 2002 5 1673 3 1615 4 1517
2164 -0.81275384618029434 0.99106885238308084 6.5812965983214147 18 36 58 0.32655975460206377 8 971 14 372 13 319 10 333
1237 -0.93912964296403967 3.2309532112499642 4.8632945537947032 48 31 21 0.20733192923430019 16 711 17 712 18 610 15 697 19 527
5951 -1.1973933960474092 -0.4235063236902904 7.8852146707758353 60 82 129 0.42615047224403535 33 1046 34 913 35 1304 36 1314
864 -1.1630280928041077 3.0312742922513345 5.2570795188502339 92 69 59 0.29662929883733591 16 1755 15 1743 17 1782 18 1645 14 2222
1515 -1.5578228865340913 2.4982433271044533 6.400810731195997 61 36 20 0.200095715502147 15 438 17 416 18 377 19 220 21 373
2353 -1.9371695458995752 3.6614206086499941 10.137053046523954 17 15 9 1.0963854332247098 14 2077 13 1839 11 1863
2165 -1.0456726642407854 1.0200070483352863 6.6022980818534913 118 127 136 1.1944779691762017 18 824 13 324 10 1643 14 1843 9 1564 8 1624 7 1425 6 1138 22 667 3 1109
1238 -1.3732427342726097 -4.2015929795816591 8.3924554848485222 127 101 110 0.57261926596779988 15 703 17 728 18 9 14 3 20 584 19 1 21 639 23 912 18 969
5952 -0.053911329618798742 -1.0220983260716237 9.5002939615855837 26 26 27 0.14903732122649319 34 810 35 1307 36 1221
865 -1.7414357401425611 3.0459622988983135 5.3560461296835369 182 146 101 0.26648762897522216 16 1745 15 1744 17 1768 18 1634 20 1538 12 1899 19 1323 21 1633
1516 -1.7094498613944258 2.4957568738914238 6.370331779665996 76 49 27 0.49973128402731759 15 441 18 380 14 457 13 397 11 383 12 291 7 363 2 359 3 344
2354 -2.5356154407733911 2.5668320865440348 6.3126798668758806 21 1 0 0.21801312672806827 14 2111 13 1871 11 1895 12 2015 10 2029 8 1997 9 1954 7 1772 6 1706 5 1522 3 1385 4 1385 2 1432 1 1114
2166 -2.2161777485225365 2.3182974318767759 10.092650673470516 37 46 55 0.95017158221146647 14 1699 13 341 11 342 12 1335
5953 0.68340916048715872 -0.85338119917593325 9.1107670694624723 111 150 149 0.31700087413059835 33 1048 34 996 35 1309 36 1316
866 -1.7410559259965446 3.039901892481887 5.3374699213182639 182 146 101 0.39475972258613384 16 1746 15 1745 17 1769 18 1635 14 2226 13 2017 11 1780 12 1900 10 1929 9 1854 7 1685 6 1613 8 1904 19 1324
1517 -1.4256262854173423 2.5514839179558102 6.3399338974549995 87 56 45 0.21309673888475311 15 450 18 389 12 305
2355 -2.6069331090880117 2.5606366013070518 6.2842864748792033 171 142 104 0.37959337143297134 8 1998 14 2110 13 1872 11 1899 12 2014 10 2031 9 1959 7 1774 6 1708 5 1524 3 1389 4 1389 2 1439 1 1017
2167 -1.3805629141395726 1.8726917262112681 6.5321245937221137 57 58 62 0.37722559219671892 14 413 13 351 12 952
1518 -2.1167150273359034 2.586947393168419 6.2709464045472947 61 39 16 0.36558166177158169 15 459 18 397 12 322 10 412 9 366 6 385 19 244 21 382 4 700 3 721 2 980 1 719
2356 -2.6065198147231468 2.5624299541678535 6.29349225020679 171 142 104 0.224515375635578 14 2109 13 1873 11 1898 12 2013 10 2032 8 1999 9 1960 7 1775 6 1709 4 1390
2168 -1.5053665416982169 2.0187356451152345 6.8175428792887978 25 25 25 0.54137478212853096 14 420 13 359 11 349
5955 1.951470541164595 -0.91589089056443662 8.1041826966215389 146 147 148 0.50518607044925445 34 923 35 1312 36 1319
868 -1.825990661651498 3.0632186818223128 5.3740978736797418 47 9 0 0.3368049655392088 16 1753 15 1747 17 1775 18 1639 14 2011 20 1542 13 2019 11 2039 8 2151 12 1906 10 2176 9 2108 7 1927 6 1849 19 1328 21 1632 5 1640
1519 -0.6896904620728378 2.6718018978976121 6.1485384042438778 85 72 69 0.30743946718555631 8 418 18 418 6 363
2357 -2.7569950375065524 2.5704225909563592 6.285438898026583 176 147 107 0.25124515721567531 8 2006 13 1877 11 1901 12 2019 10 2037 9 1964 7 1783 6 1717 5 1535 3 1398 4 1399 2 1444 1 1121
1242 -1.7516872485947772 -4.0227353178559975 8.7524769972711383 90 107 131 0.8510533376932099 8 778 17 748 18 33 16 26 14 1557 20 28 13 711 11 1090 12 786 10 1520 7 1009 19 763 21 986 22 807 24 497 23 922 25 339 26 904 28 823
5956 2.0106986202743276 -0.87600827953654026 8.1534901142926106 94 36 34 0.44691397637242042 33 1056 34 926 35 1314 36 1321
869 -1.9064242395717295 3.0507949789309303 5.3372958365056995 180 139 100 0.43064633351810738 8 1908 16 1750 15 1748 17 1772 18 1640 14 2012 13 1782 11 1785 12 1907 10 2180 9 1857 7 1688 6 1617 19 1330 5 1286
1520 -1.8216176640876731 2.7560126548921335 6.0289173141352794 149 129 120 0.1125933631725623 15 491 18 437 12 403
2170 -1.2534120336003365 2.4824491025915192 6.4220479952363831 61 37 21 0.26657596282251506 8 373 13 392 10 371 9 323 3 687 4 667 2 722 1 530
1243 -0.85045151217892445 -3.7218295921576732 8.1370622984404211 86 107 136 0.18784220657757644 15 1085 17 750 22 502
5957 0.77316067849559411 -0.6431008653177761 9.2835660371282636 121 117 126 1.2968214449436593 32 875 35 1317 36 1324
870 -1.9069411753064562 3.0552193016416513 5.3522039997367408 180 139 100 0.23199988132124671 16 1751 15 1749 17 1773 18 1641 14 2013 20 1537 12 1908 19 1331
1521 -0.95965025007746685 2.7744335532787288 5.9444279150129651 40 16 6 0.21235597669136105 15 495 18 445 14 556 20 409 13 461 19 317
2171 -1.7108494604511257 2.5031761365373688 6.3887311583883468 59 33 17 0.20348821932612765 8 1012 13 398 11 384 7 364 4 680
1244 -1.8239911384732483 -3.8990363596877566 8.8244200480599702 78 61 75 0.46013469356801467 15 732 17 753 21 659
5958 2.014853918395739 -0.77421279738027726 8.0299983547219043 14 20 20 0.32841851312031073 33 1058 34 928 35 1319 36 1326
871 -1.2397405413923519 3.0839960129412169 5.2320440132059796 72 52 42 0.1635946743154604 16 1759 15 1751 17 1787 14 2017 20 1550 19 1333
1522 -0.82714929169446505 2.7828309269344991 5.9534337588387816 113 89 79 0.3368562917365443 15 493 18 446 22 366
2172 -2.1692834957803657 2.4948106997434456 6.3411277914522763 148 128 121 0.13267787167516551 14 465 13 404 12 297
1245 -1.5299578650084218 -3.4655138918302737 9.023253734844964 97 71 56 0.31162296095825881 15 739 17 764 20 619 22 528
5959 -0.81641674217253257 0.66549438138172534 7.2123034698657849 36 41 46 0.34854098662661165 31 1248 35 1324 36 1331
872 -0.74693251100141056 3.1129289450367832 5.1934055758517683 50 31 16 0.34656510884274061 16 1765 15 1752 17 1791 18 1651 14 2018 13 2030 11 2043 12 2169 10 2174 9 2104 7 1925 19 1336
1523 -1.9703446001166856 2.9166537506544326 5.7061806988292858 54 36 26 0.11247696728128929 15 544 18 482 11 519
2173 -1.1898568162289542 2.5637807358837761 6.3371377237549744 43 12 2 0.2878596825091147 8 395 13 405 9 338 6 345 3 343 4 286 2 357
1246 -1.4560844050558222 -3.4296506448871846 8.9844966292586257 59 58 52 0.20907127151197077 8 1230 17 767 18 649 20 620 10 1233 21 679
5960 1.3216337205329345 -0.13649605970353748 8.7232322364116452 131 78 36 0.40651102457626037 33 963 34 946 35 1330 36 1245
873 -1.9893806862509971 3.0751057120525331 5.2420086458463127 71 53 43 0.29262841836456382 16 1760 15 1753 17 1505 18 1408 14 1768 19 1112
1524 -0.82572899290901136 2.9374239832355364 5.6162248714521272 42 22 13 0.14816287665501202 15 540 18 491 20 463
2174 -2.4755856906418798 2.5102965500962813 6.3370494365794947 136 126 113 0.27143793948514672 14 474 13 413 12 308
1247 -0.80497589348974219 -3.322934244520344 8.7883617224952939 107 104 99 0.29189445330370795 15 744 17 775 20 626 9 712 19 547 21 682 22 530 24 520 23 631 25 355 26 420 27 343 28 381 30 360 31 696 32 469 29 84
5961 3.0709115387080725 0.30103792431109549 7.5021641470301912 35 40 33 0.55959838244025317 34 960 35 1349 36 1347
874 -2.1554910555610665 3.0780543860294549 5.2321415501135196 85 61 57 0.49599347699964885 16 1761 15 1754 17 1783 18 1646 14 2250 13 2045 8 2172 11 2058 12 2173 10 2208 9 2138 7 1952
1525 -1.3216342384175386 2.9524113305798352 5.5610261951459501 33 13 4 0.30806421303128784 15 558 18 495 14 674 9 1050
1248 -0.90111482347967353 -3.2698548294568606 8.7275317408281374 187 192 188 0.57890314895166828 8 46 17 778 10 826 7 45 3 23
5962 1.2290575378336084 -3.03593340058144 6.9875463505002013 24 29 25 1.2074766471810954 34 1020 35 1369 33 1143 36 1365
875 -2.1554910555610665 3.0780543860294549 5.2321415501135196 85 61 57 0.49599347699964885 16 1762 15 1755 17 1784 18 1647 14 2251 13 2046 11 2059 8 2173 12 2174 10 2209 9 2139 7 1953
1526 -1.0794811930499615 2.9718969589993751 5.591646412455658 74 49 42 0.20776467132286705 15 1003 18 496 19 391
2364 -0.74177470392205747 2.7810636200276786 5.9166156242137644 218 187 149 0.17051233736759583 8 2016 14 2134 13 1903 11 1924 12 2055 10 2056 9 1973
2176 -1.794956076311351 2.592577963852182 6.3313724844518626 50 25 4 0.10912461360497375 14 1075 13 419
5963 0.86818708585543913 -2.8726908392468697 7.9487867790116047 162 164 161 0.45134502590688708 33 1147 34 1024 35 1373 36 1368
876 -1.1521019360027724 3.1031995653692421 5.1420527287912003 84 64 57 0.29691466734888056 16 1767 15 1756 17 1792 18 1652 14 2024 20 1555 13 1792 11 1798 12 1919 10 2190 9 1863 19 1338 21 1650 22 1381
2177 -2.1858808508042262 2.6234276777547647 6.2198663514368757 38 18 9 0.4138037784196042 8 440 13 434 10 428
1528 -0.72477354001964622 3.1094160113518354 5.201961489191862 82 54 34 0.11040525118742599 15 618 18 555 14 1196
1529 -0.58667174414174361 3.1806886375530814 5.0658560193848903 134 120 119 0.22632631840445624 15 659 18 582 14 793 11 630 19 497
2179 -0.79810803379616413 2.7776991789741619 5.9202372072373555 85 58 41 0.25531745872137007 8 459 13 462 11 449 9 405 7 433 6 407
5966 0.42519504275589026 -2.7179117342273149 8.2878552993595225 137 137 129 0.30495099021484717 33 1096 34 1026 35 1378 36 1372
879 -1.8168636364679869 3.1327374111064152 5.1097236895605498 63 44 37 0.3737132750166226 16 1774 15 1762 17 1794 18 1655 13 2064 19 1342
1530 -0.73911861777547039 3.1970809940287799 4.9440303684275237 83 61 49 0.23498095810593889 15 677 18 596 12 742 10 752
2180 -0.86071564309108051 2.8699843429550911 5.7599807408828489 153 131 127 0.10953659015461448 14 609 13 503 11 489
1531 -1.6017013773905235 -4.1494506584322091 8.4716732060056543 147 133 132 0.39762900711376092 15 711 16 728 18 620 17 734 14 826 12 776 21 643
2181 -2.9297664202046279 2.8373083145792006 5.8776130540226568 84 71 65 0.21090742231894929 8 611 13 517 5 427 4 416
1532 -1.4406731014141028 -4.0627861638952574 8.3771438033388002 163 158 155 0.51314809095155334 15 1081 18 622 14 1262 20 886 13 1091 11 704 21 981 22 800 23 919 25 568 28 352
5969 -1.3138010316087883 -1.7452155826525511 10.875374282149119 139 149 150 0.63082464385664994 33 1104 34 988 35 1386 36 1378
882 -2.1415870984411773 3.1450999832325137 5.1089676883336841 70 53 46 0.3533019126871611 16 1777 15 1768 17 1510 18 1659 12 1927
1533 -1.0481658726363716 -3.5207550250235511 8.676907374767115 16 55 74 0.45128822428316906 15 40 18 639 14 844 13 35 10 811 9 703 7 654 22 521 5 492 3 505 23 36
2216 -1.1422913488580781 -1.6359114622156983 10.623982781271758 120 147 155 1.4166405532444513 8 1272 14 131 16 135 13 788 11 101 10 90 7 728 9 92 5 1145 3 1057 2 883 1 800
1567 1.7803450237183069 -0.06932064030451629 8.8134072798180281 40 38 41 0.40337175651027746 15 1384 18 1288 14 1644 11 1599 10 1596
2217 0.87898707182764346 -1.2562676203690417 8.50968476714365 109 120 124 0.53986968016557679 18 138 13 790 11 1138
2218 0.97170708185120536 -1.0894828613400871 8.7665549351996521 102 110 112 2.1767969776012648 16 154 13 799 11 1409 10 883 7 1074
2219 0.93832724100268672 -0.76365884082264712 9.1424550712276798 45 59 62 2.1706410392476876 8 157 13 814 10 147 9 1888 8 1931 7 1089 7 1990 6 1640 5 1442
2220 -1.594837822913747 -0.77503843717468424 8.8429150114106978 105 122 150 0.67338105244895974 8 886 13 816 11 824 10 921 9 811 7 757 6 735 5 930 3 880 4 867 2 910 1 653 1 820
2221 -1.6640662954762813 -0.75758858085937808 8.8305715710264927 113 130 156 0.29823133405889829 8 1303 13 818 11 826 12 1257 10 1300 9 1210 7 1096 4 1068
2222 -2.4958660413037341 -0.66392286456052541 8.7571657555386135 76 97 137 1.2815440781480953 15 220 17 872 13 822 11 830 21 160 10 927
6009 1.9491015866277115 -0.98978827062934005 8.2921333440576177 48 99 116 0.20699692131103686 33 624 34 508 36 855
922 -1.5074864282717548 2.522016628708899 6.3438603255236083 187 154 113 0.44353870105524729 16 1857 15 1833 17 1860 18 1746 14 2084 13 1845 11 1868 12 1989 10 2000 8 1958 9 1919 7 1744 6 1664 19 1421 5 1474 3 1355 4 1350 2 1396 1 1086
1573 0.63548770089994455 1.0533723115421414 6.4747856539654611 69 89 96 0.68670068075237767 15 1570 18 1322 20 1230 19 1026 21 1302 25 892 26 1019 28 921 30 863 29 377 31 1038 32 754 33 979 34 707 35 1232 36 1112
1574 -0.58172185521117548 0.64787793323766873 0.41026013810908318 121 124 129 0.40207330066679481 17 1438 18 1346
2224 1.8107065184327871 -0.038792244705718765 8.7915517536533017 104 105 108 1.1619173990882219 17 906 13 838 11 850 10 950 13 839
1575 2.0396238318747022 0.24080541522197355 8.6697173830209753 184 190 193 0.46402671580356802 15 1566 18 1472 14 1655
2225 -0.92615128384025347 0.14463808195521963 7.7604209767799972 118 125 133 0.62515979684374123 8 907 13 844 11 855 9 837 7 776 21 791 5 948
1576 -1.0670712084854626 2.7056490876959258 6.007832700798887 77 57 50 0.45508348001736848 15 1631 18 1537 14 1899 13 1665 11 1664 10 1813 9 1740 19 1238 22 1173
2226 -2.800228760174087 0.10346038376672249 8.8907010228006715 184 187 192 1.0950444092157805 14 287 13 845 5 952 4 598
1577 -2.479645137036897 2.7968886758339506 5.8047301102206461 27 6 1 0.19357489582407572 15 1675 16 1670 18 1569
6014 1.6973671258074439 -2.6231968051852523 7.294028266845431 52 42 27 0.26384690965564173 34 777 36 1017 33 907
927 -1.9075837304240517 2.5471461582803347 6.3381828568596674 30 5 0 0.18348193743634433 16 1865 15 1838 18 1754 14 2090 13 1855 8 1967 11 1877 12 1995 10 2007 9 1932 7 1752 6 1675 3 1362 5 1487 4 1358 2 1404 1 1093
1578 -1.5569418635324264 -3.7710728058633847 8.7508573000051122 55 51 64 1.7489824044190598 8 2187 18 1678 5 1650
1579 -1.1002797890320921 -0.36482150960479492 8.046478077580808 202 203 221 1.1011039613069489 15 1806 18 1705 20 1760 11 2124 10 2259 8 2202 9 1893 11 1840 7 1722 6 1644 19 1563 21 1838 22 1592 5 1448 3 1243 4 1227 2 1290 24 1560 25 1219 26 1322
2229 0.31853967512977355 0.71223563589509176 7.2445230387987039 20 29 36 0.28911757510467162 14 991 15 864 13 857 11 867
1580 -1.1006499874989337 -0.36588962306944395 8.0241830680926434 202 203 221 1.1562954007689794 15 1807 18 1706 20 1761 11 1841 9 1894 7 1723 6 1645 21 1839 22 1593 5 1449 3 1244 4 1228 2 1291 24 1561 25 1220 26 1323 27 1176 28 1174 30 1052 29 499
2215 -0.45572062105431815 -2.6636601907435273 9.431421933216436 29 42 48 1.6500619263202345 14 114 13 785 11 787 10 870 26 447
1566 -1.4591155598000729 -0.081837635913153045 8.1359510983956369 81 109 131 1.3826217501491607 15 1383 18 1286 14 1645 20 1197 11 1433 12 1525 10 1598 21 1073 5 1169 1 985
2306 -0.78016800630266969 0.52696071954873092 7.6201565077539275 21 31 41 0.1545145890530514 8 1582 13 1455 9 1238
5911 -0.59296649150285563 0.7282461134461764 7.0749381959810043 29 37 45 0.21279464267847606 34 684 35 1064 33 815 36 1087
824 -2.0012772329781732 2.8822098998334269 5.794020023574971 28 5 0 0.30228108058463743 16 1693 15 1695 17 1708 18 1586 14 1956 20 1492 13 1946 11 1966 12 2091 10 2104 19 1279
1197 -2.4274259299289778 2.6003168348257946 6.2527876240882554 64 36 15 0.31745276621533242 16 474 17 440 14 500 12 332 10 1076 11 945
6031 -4.9125977011064332 1.9310210794120635 10.251018345994387 69 76 84 3.7347752462001806 33 411 36 144
944 -1.5587732916489307 2.6255610520847066 6.232021474372595 26 6 0 0.47963367511931088 16 1599 15 1857 17 1876 18 1765 14 2113 20 1415 13 1875 11 1897 12 2021 10 2022 8 1982 9 1946 7 1765 6 1690 19 1209 21 1522 5 1499 3 1522 4 1528 2 1555 1 1186
1595 -1.3974736157778329 -4.1419009069634152 8.3367233555213822 171 148 154 0.45401008752674432 16 7 14 5 12 1 24 5
2185 -2.2780011807139906 2.9134815328115486 5.7439092612744576 37 20 13 0.30606356366828708 14 663 13 536 5 792
2231 -0.712335269662425 0.7204079798030274 7.2093056846536481 19 27 38 0.2718667012087157 8 948 13 867 11 868 9 892
6018 0.72300038838938308 -1.0685870266685433 8.5281140430322875 76 87 88 0.1366293612052959 33 941 34 808 36 1218
931 -2.0697008106244654 2.5593175926514773 6.3370038346928261 25 0 0 0.24510058282082406 16 1583 15 1843 17 1613 18 1497 14 2098 20 1401 13 1858 11 1882 12 2004 10 2015 8 1974 9 1937 7 1757 6 1684 19 1199 21 1504 5 1495 3 1370 4 1366 2 1413 1 1100
1582 -2.4633233182704446 2.8494535604600881 5.6270921437046013 28 11 6 0.071209316548598245 15 1894 16 1890 18 1802
1565 1.5140677842781884 -1.0649184320372447 8.9662894017311352 132 160 163 0.90005020649696343 15 1543 16 1351 17 1375 18 1263 14 1817 20 1176 13 1434 11 1411 12 1700 9 1491 19 1379 21 1261 15 794 22 1243 24 1458 23 1005 25 1033 26 1159 27 1174
2116 -2.8524189404368894 1.205376328004367 8.6462433411210746 89 92 97 2.0961186158456768 18 1314 20 1221
2305 0.952327368515553 0.56092782964471122 7.5899245566160269 62 72 81 1.3555908844382332 18 795 13 1454 17 1189 11 1441 12 144 12 1537 14 975 10 1332 14 1385
5910 0.90929022554831074 -0.33753263950571177 9.0746019478064568 136 129 127 0.46996412995348302 33 961 35 1063 34 934 36 1086
823 -2.0011028549994543 2.8802479140032426 5.7895867243634243 28 5 0 0.3202172508460901 16 1692 15 1694 17 1707 18 1585 14 1955 20 1491 13 1945 11 1965 12 2090 10 2103 9 2030 8 2080 6 1784 19 1278 21 1574
1196 -1.84846589491484 2.5963420175619056 6.2974708288543475 151 124 103 0.32032214682655707 16 467 17 436 14 484 20 364 21 388 22 311
2243 -1.377487003010784 2.0358423278021713 6.5804185680386134 79 80 84 0.42588147564006401 8 995 14 1460 13 930 11 922 12 1344 10 1035 7 861 6 858 5 253 3 307 4 646 2 332
1594 1.9621186802618826 -0.43434249904919531 8.3329241465078976 28 37 46 0.93390117229794445 16 2094 17 2072 18 1978 14 2360 21 1907 22 1698 24 1666 23 1782 25 1330 26 1432
2184 -1.1112490635787662 2.9258280170507263 5.6745801100677484 47 28 21 0.098413270887351911 14 648 13 526
5971 0.93763877314807675 -1.164026519528456 8.334401982113576 49 55 54 0.45413991201793169 33 1045 35 1389 34 912 36 1386
884 -0.6535109535021304 3.2168842699663216 5.0034325703192062 36 7 0 0.31338797144379499 16 1785 15 1771 17 1804 19 1351 20 1562 21 1660
2304 1.0982925665620731 -0.29355312131908218 7.8122184031414639 55 59 60 0.44697651974688823 14 1834 13 1444 11 1430
5909 0.90929022554831118 -0.33753263950571183 9.0746019478064568 136 129 127 0.46996412995345505 33 960 34 933 35 1062 36 1085
822 -0.85532299236360254 2.8969254239109867 5.7050176134388506 25 5 0 0.26814455310377555 16 1697 15 1691 17 1723 18 1594 14 1948 13 1943 20 1510 11 1960 12 2089 10 2090 7 1841 8 2063 19 1282 21 1606
1195 -1.5097357854595572 2.5844304672017939 6.3141062522220075 41 17 7 0.31480085823774956 15 454 17 434 14 475 20 366 19 674 24 365
1593 -2.8667790959745871 1.3652698709764217 9.4142609569717202 95 97 100 1.8352577461447352 18 1321 14 1844
2183 -0.93742407718458609 2.9134116690462548 5.6424570101546534 36 17 10 0.11227949067332793 8 564 13 522 11 503
1534 -1.4074830905651852 -3.3174046186160053 8.9548661234955595 107 115 104 0.78460561633540948 15 1106 18 660 13 1121 11 1383 12 1201 10 1239 10 1542 9 1468 7 1338 6 1299 22 42 5 1125 3 1037 4 1196 2 1252
2303 -1.4183985661728515 -2.6296343485692275 9.2626886365967831 130 119 117 0.59431684247976602 18 1245 13 1426 10 1557 9 1483 18 1015 7 1352 6 1309 19 970 5 1139 2 1085
2241 0.17533523423460418 0.86390005485943022 7.0481557661583762 20 30 34 0.19712612728713522 14 1018 13 892 11 890
2113 -1.7326728474408397 2.5903175960924125 6.2720685953714206 52 37 30 0.33167742762599972 14 1728 15 1453 16 1236 17 1280 20 1065 13 1524 12 1608 19 883 22 986
2302 -1.4336370244261976 -3.839734988480346 8.4899899503962128 58 73 99 0.2845836062694192 17 1331 18 1213 13 1397 11 1376 27 801
5907 2.0862552281090889 -0.77794873049279545 8.2377428528098111 61 91 99 1.2445243587138697 33 952 34 822 35 1058
820 -2.3441109950892454 2.8382330967837195 5.7850485898347648 80 57 51 0.34212521660385553 16 1686 15 1686 17 1695 18 1576 14 1954 13 1725 11 1734 12 1839 10 1878 9 1807 7 1641 8 1863
1193 -0.77373863210514693 2.5660189912908464 6.3786086598383607 56 35 16 0.36780638076632377 16 457 17 431 18 391 14 456 20 814 15 950 13 399 11 380 12 298 19 673 22 724 24 771 23 866 25 549 26 848 27 559 28 615
1591 -1.008191060781978 -0.40484058860513028 8.0802118040247812 84 91 100 0.75558393726845519 8 195 17 224 18 762 16 241 14 222 20 183 13 189 11 190 12 93 21 760
2239 0.44036235841085769 0.82280745076431638 7.0732478549548503 16 30 38 0.10918819418744813 14 1013 13 886
2238 0.13593140968729267 0.79804088812928931 6.9825597553347221 20 31 37 0.36931270913363784 14 1010 13 885 12 1305 10 991
6025 2.2988268932115226 1.1008347000258345 6.5469686100661235 27 18 21 1.2567884056724572 28 1063 30 1003 29 394 31 1191 32 929 33 1086 32 1010 35 1360 36 1357 34 872 36 1283
938 -2.4507945108804128 2.5575810244179289 6.2997802671380834 171 144 104 0.26732786246024048 16 1872 15 1851 17 1869 18 1759 13 1867 14 2105 11 1891 12 2008 10 2025 9 1951 8 1989 7 1766 6 1704 5 1514 3 1381 4 1383 2 1427 1 1111
1589 -1.7434187640031662 2.9865968019786919 5.4628573947517829 187 155 107 0.20742546522000019 16 587 17 580 22 403
2237 -0.040136614752984023 0.87528059521568957 8.3181388963265803 17 26 33 0.40379811368203511 14 348 10 995
2236 -0.20468910170264676 0.75722697894829893 7.087426613850826 20 29 34 0.15851029767250602 8 950 13 875 10 987
6023 1.1864847070392082 1.2932025715346738 6.4144999145710857 24 30 42 1.0251453210886372 33 1209 34 1091 35 1488 36 1489
936 -2.2286669100696268 2.566337784211751 6.3387440619283817 22 7 0 0.20537966395067109 16 1585 15 1848 17 1620 18 1499 14 2099 20 1400
1587 -0.74870843507848039 -3.4624430016918986 8.7397347092332929 181 178 178 0.87032088134465391 16 56 15 52 18 54 16 1073 8 1222 17 760 20 615 11 21 11 1100 12 1190 9 18 20 45 7 1021 19 764 21 673 22 523 5 850 3 12 4 5 2 839 1 606 23 623 23 935 25 576 26 415 27 614 30 563 31 689
2235 -0.53898997210497113 0.74588081837666442 7.14925843034412 20 29 38 0.31764816752681363 8 952 13 873 9 267 7 277
1586 -0.79189787627714514 -0.67091066669786326 7.9890471827075755 37 46 54 1.6291804763954163 16 1820 15 2004 18 1699 15 2075 17 2041 20 1806 19 1384 21 1903 22 1673
2234 0.49318730721645421 0.77359486577437708 7.1320046839456772 20 34 37 0.062034043890368561 14 1003 13 872
2232 -0.20386264853477953 0.74265591626933336 7.1549624517643231 15 26 32 0.1872310649492005 14 996 13 868 10 313 9 262
1583 -0.86834865693260688 -3.9491047043722078 8.0664919963582893 160 142 142 0.56105706746531003 15 1986 18 1895 14 2270 13 2078 11 2098 12 2212 19 1545 22 1564 23 1542
2213 -1.5364538058929078 -2.6968482172322199 9.2029481189735076 89 79 78 0.27936631191222411 15 122 13 772 11 76 7 79
1564 -0.4781049237458217 -1.353061934759074 9.7560642399294686 47 46 62 0.26592246550581738 15 1353 18 1256 14 1605 13 1430 12 1503 19 979
2402 -0.79676460442049069 -3.2907806090142397 8.8082328720250906 184 180 177 0.30645782435045121 14 67 11 38 9 29 25 19 28 25
6007 -1.6845106545721582 -0.75573134881354076 8.8172204401717114 77 92 111 0.27501169164618566 33 583 34 470 35 794 36 812
920 -0.82362214220097574 2.5471958660962808 6.3652429347786406 192 150 118 0.36171323731166255 16 1858 15 1831 17 1874 18 1755 14 2078 8 1954 20 1649 13 1842 11 1864 12 1987 10 1993 9 1912 7 1740 6 1659 19 1424 21 1741 22 1469 5 1467 24 1502 23 1494 25 1073 26 1199 27 1050 28 1138
1293 -1.555997352185994 3.0991429576297405 5.2539880423332264 65 45 36 0.54584895702254277 15 1029 17 1040 20 845 13 1563 12 1120
5999 2.3273847459698236 1.182334963800372 6.42393706402697 125 111 111 0.28389039240810193 34 410 35 351 36 373
912 1.3986386794215813 0.98840615209815152 6.8176456164384147 191 152 161 0.4066046353870616 16 1840 15 1820 17 1846 18 1726 14 2068 20 1621 19 1406 21 1713 22 1441
1563 -1.7035724923217783 -3.9762095006811586 8.7828181588643091 58 77 101 1.0267986725735629 8 1517 18 1208 11 1555 22 1037 26 907
2211 -1.5168466301409027 -2.8507597574290302 9.2193990919050464 107 88 84 0.21563943942055069 17 91 13 760 10 854 9 749
1562 -1.1960558145653613 3.1333327167957377 5.1420455457634802 37 17 8 0.23461914663472083 15 1280 18 1186 19 920 16 1268
2210 -1.6233365754028037 -3.2194239615492939 9.2054268729192863 101 79 65 0.66836560736145945 8 57 15 83 13 742 9 726 7 681 6 53 5 513 3 818 4 806 1 27
1561 -0.73195156341297984 2.9405878221355501 5.5240684578960524 48 18 0 0.2984824629340464 15 1262 18 1170 14 1752 13 1548 12 1641 10 1688
1560 -0.73159721971715364 2.9431510387600204 5.5286897643402995 48 18 0 0.34035295026020146 15 1261 18 1169 14 1751 12 1640
2208 -0.50095751082432605 -3.3501011708320405 8.9405583200057599 151 150 152 0.22069271427142217 16 761 18 656 13 738 21 684 22 534 24 524 23 634 26 675 27 348 28 385
1559 -1.1822311752054004 0.49595089828190608 0.85772846187783713 123 127 130 0.38875955316145194 17 1212 18 1108
2207 -0.60131441062936897 -3.4274445030285157 8.8615598200635954 172 173 175 0.36218531978147878 18 59 13 736 11 28 4 13 25 15 28 18
1558 0.29323441010602902 0.70170252176146464 7.1036047120920109 23 32 39 0.30001560100188973 15 865 18 1093
2206 -1.0881570635172262 -3.3750564383677957 8.7376612613044955 47 103 116 0.36796153571992668 16 753 13 731 10 820 21 677 22 527 2 518
1557 -0.042407377921505729 0.69169257551854979 7.2125091415835048 19 27 34 0.39407931601621521 15 1204 18 1089 14 1401 13 1228 12 1294 10 1334
2205 -1.6289062696403449 -3.6235993086506917 9.0086528073529362 93 83 70 0.75234592150827218 8 1221 13 725 9 1140 7 655 6 641 5 494 3 803 4 478 2 8 1 361
1556 -0.62460739445312174 0.44240119553232987 1.3431899489572645 0 0 0 1.9953856078063246 16 896 17 1194
2204 -1.4643871825682497 -3.6578784862177254 8.8488759444771841 36 36 35 0.25925150746389541 15 37 13 721 11 724
2201 -0.91737757956880295 -3.9042189672607845 8.1308743030754247 85 93 102 0.32699852565907139 15 721 13 704 11 705 18 22 7 3 23 20
1552 -1.7744124422997767 -4.1187024736040367 8.7355590194564545 73 115 139 0.73102170346055095 15 1303 17 1077 18 977 14 1266 15 725 13 1098 11 1086 8 775 12 1182 10 796 9 1128 7 645 22 495 21 24
2200 -0.40962350621095545 -4.2057425559277357 8.5887418126744421 103 90 73 0.98927970416246169 16 1061 18 975 13 702 17 1324 11 1081 12 1451 19 933 24 1279 25 774
1551 -1.0639446128584833 3.0282635718326891 5.3295371411318779 38 13 6 0.10758163726582239 15 1017 18 921 14 1175
2199 -1.6142848723831236 -4.155953182936214 8.4821887783369849 141 129 125 1.5849720346528262 18 619 13 693 12 775 19 4 23 14 11 701
2198 -1.7151639311435214 3.175415127294384 5.0428954516636892 95 76 67 0.0098744249735955424 18 579 13 681
1549 -1.1505118173136122 2.9551569403278597 5.5979647013364104 47 24 18 0.3172426239487669 16 1004 17 570 18 906 19 714
2197 -0.73790440803339552 3.1983411024716402 4.9514939033596015 91 68 57 0.29724840911009509 16 696 13 673 11 669 9 637
1548 -0.8177247564573471 2.8798770667694096 5.6926363444413122 65 42 32 0.3266208740224481 15 991 18 901 19 710 20 829 21 910 22 745
2196 -1.0392938331398391 3.1594437418306671 5.0065938183557321 42 21 12 0.25310575603434821 16 684 13 662 12 726
5983 1.061232997016055 -1.1800786889130035 8.516485344718264 158 163 166 0.26847315188442111 33 1215 34 1098 35 1498 36 1485
896 -0.53059639367938893 -2.3361936526233458 9.9083571872350333 96 70 78 0.37111256535681225 16 1814 15 1793 18 1692 20 1592 12 1954 10 2250 19 1373 21 1692 22 1414 2 1524 24 1452 23 1560 25 1125 26 1233 27 1081 28 1105 30 1029 31 1220
1547 -1.4400165013468236 2.7144221485759554 6.0449595575621196 47 22 15 0.14644233748201191 16 982 17 1009 18 887 14 1095 11 962
5982 2.8670115927156328 0.36971138084846972 7.3174418211990053 61 65 58 0.28657719706230361 33 1202 34 1085 35 1483 36 1472
895 -0.46214125196896549 -2.9677683926630163 9.307834780824626 94 113 120 0.41313207442615685 16 1810 15 1789 14 2040
1546 -1.2254611221987746 2.5848848761301984 6.2791242144683519 43 19 10 0.2220265584772356 8 1017 18 871 14 1072 10 1058 4 681 2 731
2384 -2.7306532045264649 2.7489101879973994 6.0460723035140207 34 17 10 0.76754419694168574 8 2317 13 2187 11 2209 12 2290 10 2360 9 2304 7 2097 6 2014 5 1802 3 1635 4 1636 2 1672
1275 -0.84745306989997093 0.98902659131303516 6.5976176463496428 74 98 136 0.30194507430815198 8 1348 17 935 14 1434 12 1317 10 1359 9 1270 6 820 5 979 5 1205 4 904
5981 0.2821210172478853 -0.61760991947010235 9.0007173491204675 103 106 115 0.3428845598286353 33 1184 34 1067 35 1467 36 1458
1545 -1.3355644989907336 2.2951726319084882 6.7481657939390862 36 38 39 0.76615396450105966 15 421 17 1268 18 857 14 1056 20 1052 12 964 10 1385 8 1372 9 936 7 1165 6 1162 19 655 21 1150 22 973 5 663 3 938 4 648 2 707
2193 -2.0749122458589659 3.1066927943436795 5.1893150961818915 79 64 59 0.19720066868005381 8 753 13 642 12 689 10 733
5980 -2.0684755056926307 -0.39637109400719606 8.1325759427678843 186 187 191 0.98564289774877512 33 1178 34 1061 35 1465
893 -0.86272111057568257 -3.1346940888556967 8.7561609569810273 187 187 179 0.61703987503471203 16 1806 15 1787 17 1820 11 1826 21 1685 22 1403 24 1439 23 1555 26 1230 27 1077 28 994 27 966 30 942 29 417
1544 -1.5326121022465324 1.4994026952742452 6.329202496107686 48 57 64 1.7650150808285054 15 382 18 838 14 1037 20 296 21 858 22 269 17 376
2192 -1.7202352816915387 3.0747115667889515 5.3311977966588024 74 42 3 0.58837146660264805 8 703 13 611 11 1037 6 574 4 455
5978 -0.69521323814048663 -0.69397397333635846 9.0141772611950284 13 16 21 0.28092297191401916 34 1037 35 1448 33 1158 36 1434
891 -1.5820993700424326 -3.7253735122378111 8.8929731818724971 95 74 57 0.44853582920367929 16 1513 15 1782 17 1533 18 1431 14 2033 20 1339 12 1943 13 2079 19 1127 21 1432 22 1210 24 1294 23 1210
2190 -0.90669434760917667 3.0825937087033388 5.2329093777670268 96 76 69 0.16659483961235247 15 614 13 602 19 446
1541 1.8067730547807281 0.084741449514857514 8.6851382846226066 99 99 101 0.62786185335630151 15 852 17 284 18 788 14 274 13 842 10 954
2189 -2.9289851634336417 2.9464585262519729 5.7085961793940552 96 83 74 0.24678931067687349 8 661 13 564 10 631 9 1074 5 812
5976 -0.34488795688206186 -1.681553651230105 10.199727612452675 13 24 26 0.37935543351098522 33 1153 34 1032 35 1441 36 1381
889 -0.42827640416608592 -4.4495103175760748 8.5829187425088733 106 85 60 0.73470878250262039 16 1792 15 1777 14 1776 19 1353 25 769 24 1276 23 1185
1540 1.7696389226459162 -0.15521352027750443 8.4001854091810699 126 127 129 0.29223349349853023 15 845 18 777 11 1174 19 592
2188 -2.6271548269145968 2.9491916178959499 5.6719342863004361 35 22 14 0.27791111374782218 14 692 13 561 12 558 11 1015 10 623
1539 -1.1141858267950966 -0.70083212662553307 8.7025859913832342 28 47 74 0.40569717988028936 8 165 18 750 21 168
2187 -1.5991848133791957 2.9800978626222658 5.6524435002146793 45 17 2 0.36702029020230209 14 679 13 551 11 530 12 551
5974 3.2162789488725734 0.28716427515160181 7.403309326355191 77 77 69 0.51487425467413361 33 1130 34 1011 35 1422
887 -2.0301120722856836 3.205472140636517 4.9975722822787656 27 14 11 0.6606311273267329 16 1789 15 1775 17 1512 18 1414 19 1117
2186 -2.6134798602569966 2.8922591418944057 5.7143215295018326 79 65 62 0.42564286414575792 14 1155 13 542 11 1005
5973 1.9542595594541412 0.76647149787129776 6.9580225426454438 22 24 35 1.9979971046998457 32 906 35 1416
1537 1.7725234891175092 -2.4347174637291311 8.0965501979423191 127 154 155 1.1568511456302772 15 773 16 1103 18 696 22 849
5899 -0.42304206400258448 -0.68393393091896604 8.0595328733610856 117 130 145 0.55740346422623765 34 657 35 1027 33 780 36 1052
812 -2.0221230406529527 2.8374952467549872 5.8358507561816975 84 59 54 0.24547390428931307 16 1680 15 1677 17 1692 18 1571 14 1944 20 1476 13 1717 11 1723 12 1832 10 1873 19 1264
2301 -1.4336571368825033 -3.8420686491845872 8.4990999058886576 58 73 99 0.45776357784212662 17 1330 18 1212 13 1396 11 1375 29 191
5906 1.9516357749744233 -0.73247442372854443 8.266743656691844 140 151 153 0.83571054163114988 33 953 34 821 35 1057 36 1082
819 -2.3550694001585337 2.857264261477948 5.8408185825819983 80 57 51 0.35582487442726363 16 1685 15 1685 17 1694 18 1575
1192 -1.3849195901916329 2.5513520092003321 6.3193864876018528 81 51 32 0.3147963316878376 15 451 17 428 18 390 20 355 13 407 19 230 21 389 22 308
2111 1.3121625398490186 0.92921211323161834 6.9492328733763484 55 55 65 0.40813686707999813 16 1188 15 1214 17 1219 18 1104 14 1420 20 1222 15 1417 18 1312 19 830 19 1016 21 1294 22 1116
2300 -1.1361033361307813 -3.7777161994662993 8.257673937983153 96 104 125 0.36512534588530049 15 1312 13 1395 10 1525 7 1326 6 1286
5905 0.67513759222234337 -0.54204193523504884 9.1240520011622834 76 44 59 0.39785434193011437 33 949 35 1053 36 1078
818 -1.0233406180344498 2.8545321283852405 5.7154770192884916 87 65 54 0.42298828303461267 16 1690 15 1684 17 1712 18 1591 14 1942 20 1502 12 1836 19 1277 21 1594 22 1344
1191 -0.89815528059819894 2.5533548810641675 6.3947319248937244 62 28 4 0.20792200468002103 15 949 17 426 20 359 21 397 22 319
2110 1.2322398397931935 1.1430591823549126 6.467682760125828 68 46 42 0.42457770710881748 15 902 18 834 14 381 18 331 20 780 16 1209 17 1234 19 170 19 849 21 1120 22 942 24 980 23 1084 25 697 26 814 27 726 28 760
5897 -1.1539741360919171 -1.0039087695113045 9.174825089403198 73 82 83 0.59609881697578604 33 585 34 654 35 1024 36 814
810 -0.79430058283466221 2.8710926146190823 5.7691464116315387 50 27 11 0.29840375296526672 16 1457 15 1673 17 1477 18 1587 14 1937 20 1291 13 1708 12 1833 8 2051 10 1854 9 1780 7 1832 19 1080 21 1398 22 1187
2299 -1.9240270777029931 3.1076756854532444 5.2162059432970853 62 42 32 0.46199064059172362 8 1494 13 1371 10 1491
5904 1.9357151434609192 -0.89197291905004517 8.4322883311392722 0 45 57 0.73006438085588332 33 632 34 514 35 1051 36 1077
817 -1.0231996650297801 2.8539551445422742 5.7145309752490094 87 65 54 0.44414982360830069 16 1689 15 1683 17 1711 18 1590 14 1941 20 1501 19 1276 21 1593 22 1343
1190 -1.4034619171727587 2.4904625239447289 6.3981986344948014 63 31 18 0.4229010876028173 16 445 17 417 14 450 20 352 11 376 19 217 21 379
2109 2.0436407771154199 -0.37657593852792054 8.3198552945217426 88 84 81 1.0897895703968339 15 258 14 224 20 731 16 863 18 769 14 955 18 1056 21 777 22 172 22 896 24 1150 23 755 26 762
2298 -0.6210885184620657 3.1435325892492409 5.0821137429921857 47 29 14 0.4300391937160728 20 1098 13 1370 11 1330 12 1426 10 1483 9 1406
5903 2.0251676074411731 -0.99223641138747787 8.2844411890576684 8 33 47 0.316610700318886 33 800 35 1048 34 668 36 1074
1189 -2.3179161831725885 2.5067990278121397 6.4198689719989694 19 26 23 0.4676133357756781 15 445 17 415 18 376 14 1068 13 945 11 1247 10 1391 19 221
2108 -0.75494495286674979 -3.1479734953504659 8.9296479183425745 110 121 122 0.70722781061962692 8 53 15 79 20 634 17 787 18 997 14 1291 13 62 13 1413 11 751 12 1480 10 1245 9 41 9 1152 9 1472 7 680 6 49 19 948 21 1011 21 1238 22 1054 5 863 3 532 4 493 24 1093 23 62 25 803 26 931 27 820 28 675 30 582 30 791 29 207 31 447
2297 -2.2290404623846305 2.9673823102699868 5.5816233591869349 32 13 6 0.48013181367186875 16 1006 13 1349 11 1306 10 1466
5902 0.7297751041531223 -0.80185635067652017 9.2854866990829699 33 32 40 0.1217962962120045 33 796 34 665 35 1045 36 1229
815 -0.93588170992798636 2.8724897665712801 5.7539594464149024 39 20 14 0.28499874691890348 16 1458 15 1680 17 1478 14 1940 11 1717 12 1837
1188 -1.6954258664610515 1.9313422845945163 4.5391545812008918 25 21 18 1.937472308607723 15 437 17 412
2107 -3.1107911687408909 3.1418249423143747 9.521536847266141 13 51 70 1.1694911885383767 16 2126 17 2120 18 2026 20 1873
2296 -0.83152374290715669 2.9419824093931233 5.5948030771739594 36 16 9 0.43854763289485466 8 1434 13 1340 9 1365 10 1449
5901 0.7129835227525877 -0.78029524266911854 8.9415548392935627 165 131 124 0.39685388674881095 34 501 35 1043 36 1067
814 -1.5070581599745987 2.854163073189274 5.8191224024134733 27 6 1 0.3139745486398588 16 1684 15 1679 17 1703 18 1797 14 2160 20 1480 12 2081 11 1956 13 1934 19 1272 21 1579 22 1337
1187 -1.1844208611414451 2.4756781877226941 6.4602954330954487 56 34 20 0.21050556854893723 16 438 17 410 18 367 14 1062 20 346 21 374 23 445
2106 -0.85363492836157118 -0.16874636041673541 7.9034121037049205 35 45 54 1.2851690788153181 16 2115 17 2111 20 1867 21 1940 22 1713 24 1677 23 1781 25 1338
5893 0.19987903568131393 -2.7231210290489929 8.3026398050647003 89 90 84 0.41508292935230495 33 557 34 458 35 1001 36 1022
806 -1.3504136778580489 2.8450102770055388 5.8225679475338632 31 8 3 0.2029861728580574 16 1675 15 1669 17 1698 18 1577 14 1935 13 1706 11 1712 12 1828 10 1857 19 1267 20 1481 21 1580
2295 -1.2473932521802804 2.9119972020797444 5.6140818160353696 30 10 3 0.16250075406589778 14 1501 13 1339 11 1294
5900 -1.3422114191648067 -0.2731827780226177 7.7336686660426732 104 107 112 0.2376083325145148 33 938 34 806 35 1029 36 1053
813 -1.5071505827899083 2.8581047999410139 5.8312586814490244 27 6 1 0.28529781015279942 16 1683 15 1678 17 1702 18 1796 14 2159 20 1479 13 1933 11 1955 12 2080 10 2086 8 2060 9 2012 7 1836 6 1760 19 1271 5 1576
1186 -1.0467199186766349 2.4750081534331834 6.4988012248325626 58 33 18 0.38931583534087327 15 432 17 408 18 366 14 440 12 269 7 348 8 368 21 377 22 297 23 446
2105 -1.7434896486170675 -4.4594548176835707 8.6332706053841122 147 88 107 0.6639531763228167 16 2089 17 2088 18 1993 20 1842 19 1647 21 1917
2104 -2.9626444891009065 2.6380855704065453 9.8293868702202936 71 76 85 2.0476983054739124 17 2082 18 1955 20 1838 19 1641 21 1912
2293 -2.9353823628931086 2.856154227213195 5.826655750390513 120 112 101 0.30158889264712452 8 1449 13 1337 11 1295 12 1393 10 1451 9 1375 7 1252 6 1249 5 1091 4 762
5898 -1.2966166326630808 -0.67317923937663715 8.4465948505284967 75 88 114 0.70419516092337153 33 588 35 1026 34 473 36 1050
811 -2.0221230406529527 2.8374952467549872 5.8358507561816975 84 59 54 0.24547390428931307 16 1679 15 1676 17 1691 18 1570 14 1943 20 1475 12 1831 11 1722 13 1716 10 1872 19 1263
1184 -1.4910206644916659 1.3522100276473239 6.6738210181273416 60 65 70 2.0537823651817377 16 930 17 373 19 181 7 299 10 1013 2 305
2103 1.2502500362039157 -2.7317093744934815 6.6733170103778239 205 208 199 1.0439148314918687 17 1984 20 1823 18 1900
2292 -2.90769157998391 2.8521178533437954 5.8444930044434678 35 18 3 0.27362448884790758 8 1445 13 1336 11 998 12 1059 10 1130 9 1373 7 942 6 1245 5 1088 3 1007 4 1001
2102 -3.2426229752464328 3.0803657479183237 9.7650093499493433 17 45 66 0.54392666290101344 17 2051 20 1814 16 2051
2101 1.4122407891131492 -0.8830188765424396 8.985038484920242 218 229 235 1.2235184873800531 16 2038 17 2064 18 1946 20 1805 19 1626 21 1881 22 1643 24 1613 23 1671 25 1266 26 1364
2290 -0.85858036218154155 2.7656954921449541 5.9617245495716871 47 24 19 0.22970701889623116 14 1484 13 1314 11 1270 12 1376 8 1398 7 1198
5895 1.6293872830732594 -2.3617809847339859 7.4849107401081278 52 36 30 1.0681709541002509 33 1033 34 898 35 1010 36 1031
808 -1.8586865832020991 2.8294454866059087 5.8312125297004354 85 62 56 0.13231549921256322 16 1673 15 1671 14 1938 11 1718
1181 1.2987911965634522 1.1571188478174985 6.447241904610661 130 113 108 0.45215277216136424 16 927 17 366 18 332 14 382 20 292 19 172 21 310 22 688 24 700 23 346 25 700
2100 0.045236627020347364 -1.1565340103466948 9.9084761112084685 104 128 128 1.098712427985 8 2302 20 1801 9 2286 5 1787
2289 -2.9007851922719001 2.6308347427979433 6.2059256489634294 49 27 4 0.37252591910335525 8 1404 13 1308 11 1266 12 1369 10 1421 9 1327 7 1200 6 1415 5 1244 3 1145 4 1146 2 1192
5894 0.15405402795074774 -2.7397606575529023 8.4140702272219183 46 46 39 0.18987660383712257 33 559 34 459 35 1002 36 1023
807 -1.3508263429547567 2.8470558226955718 5.8272337572858124 31 8 3 0.25688622321172644 16 1676 15 1670 17 1699 18 1578 14 1936 13 1707 11 1713 12 1829 10 1858 8 2057 9 2008 7 1835 6 1756 19 1268 20 1482 21 1581
1180 1.2239263368944822 1.0893145073663435 6.5806772025091735 122 88 83 0.52382042749842594 16 388 17 359 20 288 21 298 24 268
2098 -2.0808853468830595 2.6344584739670398 6.2385966495979153 41 22 15 0.5210599106579844 14 2345 18 1922 20 1776 19 1579 21 1855
2286 -1.4250628575322848 2.0907277186361202 6.6092409826470684 26 31 37 0.13943869343964738 14 1461 13 1283 12 1345 11 1240 10 1381 13 1509
5891 0.50186045624537801 -2.951083347923638 8.1579285828163375 94 97 88 0.93596970792333367 32 676 35 992 36 788
804 -1.187316463483955 2.8504730820079858 5.8449387386448084 26 6 0 0.50067725382603545 16 1677 15 1667 17 1700 18 1579 14 2152 20 1487 11 1949 13 1927 12 2072 10 2082 8 2049 9 2003 7 1828 6 1748 19 1265 22 1338 5 1563
1177 1.2431488079346491 0.86320566363490425 7.1049035451120588 154 162 169 0.27749480527091819 16 369 17 337 18 309 20 254 21 278 22 231 24 245
5883 2.1344876765442202 1.1595782740702503 6.5216603715448267 96 69 60 0.27436429884699048 33 723 34 597 35 949
2285 -1.6648094195550009 1.3464145424975906 6.5816165758532215 20 29 36 1.2099533458686809 17 952 13 1263 11 336 14 393 12 1329 9 917 6 294 3 656 4 629
5890 1.6521167045430052 -2.7297265446167898 7.3010514696208544 43 38 33 0.28976957453362906 34 775 35 991 33 905
1176 0.55789566620689135 0.85846966119056423 6.8744544250761752 47 60 69 0.32057656730335288 16 909 17 335 12 929 11 885 13 1243 10 1352
2095 -0.39445604767768083 -3.5653065465311924 8.8434020901128392 133 127 129 0.40000045794645323 17 1983 18 1898 20 1743 13 2081 21 1827 22 1573 24 1541 23 1657 25 1199 26 1304
5882 2.0141084210465361 1.2094883087691835 6.2831635904051861 37 29 34 0.070951312430767424 33 720 35 944 36 958
795 -1.6891935541458798 2.8004603691313696 5.960382612890907 26 6 0 0.68897849145650025 16 1658 15 1654 18 1562 14 2143 17 1888 20 1460 13 1917 11 1936 12 2063 10 2072 8 2041 9 1993 7 1818 6 1746 19 1251 21 1555 22 1324 5 1567 3 1534 5 1687 4 1534 2 1568 1 1202
2284 -1.444398063961835 1.3880678138106246 6.6860902692148212 52 56 59 2.3659199968572819 16 1411 13 1262 11 1478 21 848
5889 3.664596596335151 0.81665973614077925 6.4767927779650138 61 62 54 0.8649398719618242 33 523 35 970 36 988
802 -1.363302869812407 2.796386075763726 5.8638207805048008 86 59 52 0.26380372639332939 16 1665 15 1663 17 1688 18 1565 14 1930 12 1821 19 1258 20 1466 21 1569 22 1331
1175 1.3988700095574171 0.84756428556765007 7.1067762540743802 162 170 181 0.40944874746767435 16 368 17 334 18 816 14 349 21 277 22 230 22 666
2094 -1.2103086442763094 2.6753363682608278 4.0483584659236262 25 7 3 2.2820043845438511 17 1962 18 1878 20 1725 19 1527
2283 -2.3142840198917307 1.0471926760210921 6.8868908683740395 121 125 128 0.098637130246993998 16 1203 5 982
5888 2.3220635621987191 1.2047236597777995 6.3926206942448891 122 106 102 0.42201697869340038 34 611 35 966 33 733 36 979
801 -1.3623592188789011 2.7944407680926293 5.8547463615480142 86 59 52 0.32433966010843773 16 1664 15 1662 17 1687 18 1564 14 1929 13 1699 11 1705 12 1820 10 1849 8 1839 9 1776 19 1257 20 1465 21 1568 22 1330
1174 0.73673729884261607 0.82898230671780782 6.887953705792448 25 38 46 0.32969603612926313 15 881 17 332 18 811 14 1015
1166 -0.037340221260477313 0.65536083150004487 7.3634799917564671 19 28 35 0.10589291873751799 16 337 17 304 12 166
5880 1.8695905604653422 1.2175650736564356 6.2585066840185579 110 113 122 0.32921978122130335 33 714 34 746 35 934 36 1146
793 -2.1934192348383617 2.766935262214 5.9571386200541232 81 60 55 0.1402393400274958 16 1653 15 1652 17 1465 18 1556 14 1927 12 1813 19 1247
1444 -1.288353776785905 -2.4581869250559896 10.365872959807188 105 105 113 1.3233661203036451 8 1734 16 1813 8 2196 16 2027 15 1996 17 1548 18 1691 14 1807 20 1591 20 1751 13 2086 11 1830 11 2109 12 1953 10 1964 10 2307 9 1885 7 1513 7 1983 6 1636 6 1881 19 1555 21 1255 22 1072 22 1413 22 1633 5 1320 5 1438 3 1053 3 1325 4 1319 2 1359 1 958 24 1451 24 1604 23 1720 25 1259 26 1358 27 1166 28 1163 30 1093 29 571 31 1219 32 1065
2092 1.4256419925955415 0.86611182290632016 7.1149596460412257 159 173 184 1.1111466864884014 17 1584 18 1723 20 1617 19 1401 21 1487 22 1267 23 1475 24 1355 25 1057 26 1182 27 1029 28 1125 30 987 29 464 31 1166 32 899 33 986 34 848 35 1239 36 1259
1165 0.68023106222848317 0.6359410442285055 7.3291253360499988 47 57 66 0.27518924257709304 15 323 16 333 17 302 18 287 11 858 14 978 12 158 10 963 19 136
5879 3.0652960408895646 0.45230630291933144 7.2001685901375021 74 75 67 0.11602547953370049 33 710 34 584 35 930 36 1149
1443 -1.1759002779371972 -3.5285950404550901 8.7004397131638509 42 46 50 0.34912661317910582 16 52 8 28 18 48 17 46 14 51 13 36 11 726 12 795 10 20 9 701 7 27 6 640 21 44 5 490 2 6 1 3
1997 -1.2741002117462095 -4.0824296348866076 8.4249942522048027 157 157 161 0.36849963269156577 17 1074 20 593 28 353
2538 -2.5096359328516247 2.7004959219341282 6.0925337714724819 118 89 83 0.22958707388902841 8 1831 11 1687 12 1796 14 1912 9 1765 7 1607
1151 2.0791770397514218 -0.33501906435678253 8.3410871215989975 53 52 50 0.38049073328956579 15 262 16 864 17 250 14 230 20 734 22 620 24 182 23 256 25 120
5865 0.71622436719177796 -0.42160534078200418 9.0618053796732276 89 115 141 0.31120590616384475 33 636 34 516 35 837 36 867
778 -1.2194573828960626 2.7231280951222363 6.0351615192674517 86 63 55 0.049703910131991713 16 1638 15 1634 17 1666 18 1541
1429 -0.92561314592884947 2.5901350197203232 6.3022583803583094 61 36 32 0.93635208742929843 16 2009 17 2015 18 1921 14 2304 8 2217 20 1817 13 2109 11 2139 12 2242 10 2274 9 2194 7 2008 6 1907 19 1578 21 1894 22 1658 5 1680 27 1201 28 1208 29 533
2281 0.50046907279856601 0.86052488249574821 7.7026905516321191 22 30 41 1.8072593244236597 15 1210 13 1241 10 992
1172 -0.5725684904862276 0.82360886880478379 6.9433433939960141 117 125 136 0.24352470954252547 16 365 17 328 14 354 20 248 11 319 12 212 10 324 9 277
2091 -1.5839467183384155 -0.54331895326984991 8.3381297613922403 159 168 185 0.47306902660546618 16 1825 18 1704 20 1604 11 1839 19 1389 21 1700 22 1423 24 1462 23 1575 25 1132 26 1244
5878 1.9095958162867674 0.88472282062828533 6.7371052410646053 102 90 102 0.10714311337656708 34 567 35 909 36 683
791 -1.5209241032677776 2.7856007024621525 5.9641656689519484 32 5 1 0.16639532286319622 16 1655 15 1650 17 1683 18 1560 20 1456 19 1249
2280 -0.26423337234928085 0.68576741979430478 7.2656116480051498 22 31 38 0.28521286271889046 14 1397 13 1223 10 1339 9 1242
5885 2.1554121366408237 1.1863243785877593 6.380868761395897 74 47 38 0.15373850275675643 34 603 35 954 33 726 36 966
798 -1.2000170139702917 2.7974238177213602 5.8724299748883615 113 85 81 0.23020081304737305 16 1663 15 1657 17 1690 18 1567 14 1926 13 1695 11 1703 8 1833 12 1817 10 1845 9 1770 7 1613 19 1256 20 1470 21 1571 22 1333 5 1391 23 1356
1171 -0.092784526503797649 0.7418326156095657 7.1152302503255829 24 25 33 0.4252938025865598 16 354 17 319 18 299 14 342 13 299 12 189 10 311 7 273 6 272 22 224 24 228 23 302 25 153
2090 1.9184954453215495 -0.79192713719795527 8.1618294337391912 83 100 107 1.0958736455445655 16 1819 20 1601 19 1383 21 1699 18 1909 22 1421 24 1463 23 1577 25 1040
5877 1.8228633896964492 0.91478751785633083 6.770126522707268 147 132 147 0.16482908932276014 34 565 35 907 36 681
790 -2.0228520187261076 2.7657567548719051 5.9838065181483131 81 62 56 0.24123377812718816 16 1651 15 1649 17 1677 14 1922 13 1690 11 1701 8 1842 12 1812 10 1848 9 1778 7 1619
2279 2.1875096628071438 1.0863921177855542 14.450484612359363 18 27 34 3.8797498631892635 8 1323 13 1218
5884 2.3085657050745629 1.0529706900225997 6.6331859961760875 110 72 83 0.92863340136804096 34 595 35 951 36 741
797 -1.1998825477333583 2.79684205644869 5.8713701120294761 113 85 81 0.23848709375179572 16 1662 15 1656 17 1689 18 1566 14 1925 20 1469 13 1694 8 1832 11 1702 12 1816 10 1844 9 1769 19 1255 21 1570 22 1332 23 1355 24 1388
1170 0.38159155966154401 0.70164109114851503 7.2540313239726952 61 70 77 0.2452881979462424 16 349 17 318 18 295 12 911
1162 0.34973168701611401 0.63707201988685658 7.7265307562327346 40 49 56 1.0884986867307909 16 329 17 298 9 225
5876 1.3668810685975235 1.0689354770361443 6.6076649499138282 137 108 105 0.30502609676687453 34 560 35 903 33 690 36 927
789 -2.0230663369283786 2.7666460402522852 5.9861223550734071 81 62 56 0.24312439193560703 16 1650 15 1648 17 1676 14 1921 13 1689 11 1700 12 1811 10 1847 7 1618 8 1841
1440 -0.60893643673521458 2.6595346492584557 6.3818036632724429 17 18 20 1.606190585875511 16 2104 17 2099 14 2394 22 1715
2278 -2.8047682726244187 -0.0037857540296736547 9.0756798905079883 168 172 175 1.0568255565161733 15 1564 13 1206 11 1603 9 1691 7 1389 6 1515 5 1348 3 1085 4 1331 2 1299
2088 0.076285313305798463 -2.7610667610676911 8.3886543473958142 156 156 158 1.0100605630041535 16 1808 18 1687 20 1583 9 2173 8 2193 6 1963 5 1745 3 1583 2 1617 1 1244
5875 0.51147044874007086 0.88474422655002583 6.8582680210067393 21 26 32 0.18524798635329132 32 590 35 886 36 911
788 -1.3606464071535354 2.7743997765233135 5.9663873865368453 29 4 0 0.32189205098072982 16 1652 15 1647 17 1682 18 1786 14 2138 20 1458 13 1910 11 1928 12 2054 10 2064 8 2034 9 1984 7 1809 6 1732 19 1246 21 1559 5 1550
1439 1.1957381101089606 3.9547663272307529 11.246403041208476 81 77 65 1.6967526947208607 15 2123 16 2103 17 2098 18 2012 14 2403 13 2216 11 2229 19 1676
2277 -0.95365084579956716 -0.36936223515600652 7.8577049796530352 54 63 71 0.98707477015655465 15 1169 13 1195 11 1168
2087 -1.582084323906485 -3.393529715007956 9.078619979704694 129 106 88 0.45198034047037694 16 1803 17 1817 20 1578 18 1684 19 1363 22 1400 24 1300 23 1416 25 1001
1160 2.2186922093219912 0.12670388036299704 8.6247334738969084 119 129 131 0.38266605110850149 15 301 17 288 14 276 24 665 22 648 23 287 25 455 26 536 31 844 32 593
5874 1.4225288732894446 -0.063198108741291642 8.8045830135003875 92 46 18 0.21514948004523954 33 669 34 542 35 875 36 902
787 -1.8657662840701046 2.743989033138809 5.9643477542547538 85 63 57 0.2856737666317678 16 1649 15 1645 17 1674 18 1549 14 1918 20 1450 13 1688 11 1695 12 1810 10 1841 9 1768 7 1610 21 1548 22 1169
2276 -1.1736817877765398 -0.58699558431058607 8.4207492844391645 44 61 89 0.87078058503373268 14 1357 17 880 13 1191 7 1101 8 893 6 1093 5 934 3 883 4 870 2 620
5881 3.186134606157808 0.42642094601150815 7.0426888766494322 41 41 33 0.63454689312874202 33 712 35 936 36 953
794 -2.1934192348383617 2.766935262214 5.9571386200541232 81 60 55 0.1402393400274958 16 1654 15 1653 17 1466 18 1557 14 1928 12 1814 19 1248
1167 -0.39360609695230148 0.71219269083904269 7.5350656508605969 23 32 41 0.34962241615917627 17 308 6 268
2086 -0.64524914931582811 -3.3868085697411674 8.8824620879524812 175 175 175 0.30960053096044099 16 1801 20 1576 21 1680 24 1437 26 1227 27 1075
5873 -0.38319711612554014 0.72445858003923136 7.2433364120887465 26 33 41 0.31447147981316692 33 657 35 864 36 891
786 -1.8658084387519458 2.743401337057497 5.9634303067181991 85 63 57 0.28677150161005943 16 1648 15 1644 17 1673 18 1548 14 1917 20 1449 13 1687 11 1694 12 1809 10 1840
2275 -1.5067728485158356 -0.66225352856282915 8.6068468294557086 57 88 135 1.4619578326646276 18 1049 13 1189 11 1158 9 815 21 1063
2085 -1.0341309747230887 2.7863501605169811 5.8714345468340525 86 63 55 0.31697337990076263 17 1685 20 1471 19 1253 21 1572 22 1334
1158 -2.1842486075742658 0.076984702011730785 8.8070462288134319 137 139 150 1.0585671859635843 8 253 17 279 13 238 11 242 9 189 2 247 19 123
5872 -0.437105413304401 0.7617200666026559 7.1152474424806371 30 34 43 0.11817082204837601 33 656 35 862 36 890 34 537
785 -1.2085308905154926 2.7692223671142053 5.9706170984783888 34 6 2 0.29446676890601886 16 1882 15 1643 17 1681 18 1785 14 2133 20 1459 13 1905 8 2029 11 1923 12 2051 10 2062 9 1981 7 1806 6 1724 19 1245 21 1561 22 1481 5 1539
1436 -1.5428566215659649 3.1190556239403242 5.2986628251185053 40 20 9 1.2983123554502005 8 2322 17 2053 18 1958 20 1818 13 2192 11 2216 10 2365 19 1612 21 1895 22 1659
2274 0.25708471957140888 -0.87324443768592608 9.6387129835420655 44 51 57 0.34335072983701292 14 1350 15 1155 13 1182
2084 -1.5509020504612931 2.6517291999259158 6.1269461290743958 87 65 59 0.28936128532471689 16 1612 18 1513 20 1428 19 1219 21 1368 22 1303
5871 -0.3335567557648651 0.65081287497615026 7.2737778958626134 26 35 42 0.24036028942203375 33 653 34 532 35 858 36 886
784 -1.7034084435644115 2.739897645162674 5.9827648504396134 108 82 77 0.2812029547445743 16 1645 15 1642 17 1672 18 1547 14 1915 20 1452 13 1685 12 1807 10 1836 19 1244 21 1550 22 1171
1435 -1.9554605387008861 -0.095656001243654781 8.4677362873387985 185 186 197 0.13752435889907941 15 2056 17 2044 12 2285
2273 -0.85445844767013046 -0.89702845006194654 9.2791372730320809 129 129 131 0.25504463260511145 8 1293 13 1173 10 1294 9 1202 6 1330 5 919 3 874 4 857 2 1103
5870 -0.32668145576668856 0.67292184542524802 7.1325483916972372 28 37 44 0.14523742430005804 34 530 35 856 36 884
783 -1.7034743273821986 2.7414486065419443 5.9869153290260142 108 82 77 0.26226838528672702 16 1644 15 1641 17 1671 18 1546 14 1914 20 1451 13 1684 12 1806 10 1835 19 1243 21 1549
2272 -0.27850375525213084 -0.95953445036620255 9.3584783573928885 97 102 106 0.23808848315566061 8 1563 13 1169 12 1244 10 1291 9 1498 7 1363 6 1324 5 1158
2082 -1.0941996404054692 -0.1509341387180988 7.993525523901245 168 174 186 0.89486771758369943 16 1551 17 1572 20 1373 22 1254 24 1340 23 1456 25 1045 26 987 27 1012 28 900 30 967
1155 -0.90869162979807161 -0.074409428273791545 7.7867974521893188 80 87 97 0.75451671536055764 15 847 17 262 18 781 14 967 13 225 11 225
5869 -0.50862491749468053 0.66285051640260173 7.3195457439107958 29 38 45 0.16888642915022209 34 529 35 850 36 872
782 -1.8676772317377739 2.7226957831092693 6.0744704161085661 32 13 6 0.31429846848845133 16 1636 15 1638 18 1535 17 1659 14 1908 20 1440 13 1899 11 1680 12 2042 10 2059 8 2027 9 1979 7 1804 6 1729 19 1239 21 1535 5 1546 3 1411 2 1451
1433 -1.3303959490478214 -0.9478581199820687 9.085848097890727 73 84 89 0.87383824879229111 15 2071 17 2038 18 1944 11 2199 8 2303 12 2278 10 2350 9 2287 7 2086 6 2000 5 1790 3 1628 4 1621 2 1657 1 1281
2081 2.0005739186777856 -1.0147713703631367 8.2626004760386902 119 153 152 0.329595957413441 17 1561 18 1697 20 1365
5868 -0.50862491749468053 0.66285051640260173 7.3195457439107958 29 38 45 0.16888642915022209 34 528 35 849 36 871
781 -1.367311332411971 2.7210948555574777 6.0082171081048354 94 69 64 0.19428733416190858 16 1640 15 1637 17 1664 18 1539 14 1904 11 1674 13 1671 12 1798 10 1823
2080 -2.110845959089366 -1.0050198836302675 9.0716170558357909 123 128 131 0.42968592619471957 16 1541 17 1559 20 1362 19 1152 21 1258 22 1076 23 1258 24 1132 25 611 26 719
1153 1.768350256768461 -0.23305749422162841 8.405411678214266 108 112 115 0.18008437572174585 15 274 17 259 18 246 14 253
5867 -0.67771962122145313 0.69372898559971896 7.111136712887193 48 56 64 0.13568816156492908 34 525 36 869
780 -1.367311332411971 2.7210948555574777 6.0082171081048354 94 69 64 0.19428733416190858 16 1639 15 1636 17 1663 18 1538 14 1903 13 1670 11 1673 12 1797 10 1822
1431 -0.26949478789097531 -1.6912991919200397 10.083739481309355 26 36 46 1.1875012776418286 8 2266 17 2031 18 1966 11 2166 10 2252 9 2175 7 1984 6 1968 21 1871 22 1634 5 1750 3 1589 2 1527 24 1605 23 1721 25 1302 26 1359 27 1220 28 1216 30 1144 29 572 31 1337 32 1068
2269 -2.2614690350303515 -1.1384828206902182 9.3029630307583187 102 110 112 0.29705163814058783 14 918 13 1159 9 1193
2079 -0.2165135294865691 -3.9045616125343372 9.0780077830208974 17 32 35 0.57380880925573152 17 1532 18 1216 20 1338 13 1399 21 1430 22 1040
5866 0.83192422980810499 -0.10008184182681237 7.9044316238115906 61 65 68 0.91204342957007345 33 393 35 839 36 1084
779 -2.3572579117962063 2.6898326511725763 6.0829680170906588 88 67 62 0.21152507498901985 16 1628 15 1635 17 1644 18 1526 14 1906 13 1675 12 1791
1430 -0.66881040492765464 3.1665177999745744 5.0334477748944471 185 152 106 0.24133625743595077 15 2028 17 2023 20 1783 16 2016 19 1586 22 1621
2078 1.4642473998759127 -3.4445615310512721 6.974506685940197 159 162 167 1.0705767600706804 17 741 20 1331 22 1566
2077 -1.4489245347358197 -4.300242114471799 8.3451170325745299 134 87 97 0.41015950346055424 17 1515 20 1324 21 1205
1150 -1.3060976948443219 -0.23382096912732925 7.849634177011219 84 88 103 0.43042768019286337 15 273 17 247 20 196 23 225 25 109
5864 0.64490788255574383 -0.60706346702750547 9.0550476946224236 75 45 43 0.60209448193903603 33 631 34 673 35 835 36 584
777 -1.2217363736549771 2.7487729599146715 6.1115441774052659 86 63 55 0.26294066832771695 16 1637 15 1633 17 1665 18 1540 20 1447
1428 -1.2779555893328338 2.5114311887145142 6.7797370695505581 23 21 19 1.3724587423974046 8 2286 20 1775 9 2268 7 2072 6 2007 21 1854 22 1607
2266 -0.64734546096159828 -2.7648177650249317 9.2358509396615673 130 146 146 0.43806225830883405 14 1309 13 1140 10 1258 9 754 7 1055 5 529
2076 -0.77000014019938479 -4.1701512034512334 7.9946056108112247 155 128 101 0.65261225196301775 16 1791 17 1514 18 1418 20 1322 21 1669
5863 1.9488545713678262 -0.8448597783791284 8.0710523241508785 76 85 84 0.31586546467722121 33 630 34 513 35 834 36 860
776 -1.7022328775227984 2.7122836420401502 6.0769807263186211 28 3 0 0.37340345078799086 16 1634 15 1632 17 1658 18 1534 14 1902 20 1441 11 1671 10 2050 19 1236 21 1536 22 1309
1427 -1.3730101610542145 1.8472541025041589 6.8323156778996168 54 60 60 0.78411825175297323 15 2020 17 2012 18 1919 19 1607
1977 -0.9851568558282745 2.926705606618198 5.5750009630614521 45 26 19 0.17853503435203064 17 569 18 492 20 460
2518 -1.4516794164848112 -2.9654038309685302 9.1511705342880969 45 58 45 0.28781504924930074 14 1585 11 1390 10 1550
1409 -0.91262881767479387 2.9962843622216688 5.4802574433152405 36 22 11 0.49241050204328446 16 1732 17 1759 9 2054
1913 -0.79404425932934941 -4.0020195590519307 7.9457348296697328 158 127 105 0.37056947032465753 16 4 17 16 20 5
2454 -0.82365235112399793 2.8462748782603442 5.7829103898971708 109 91 82 0.16746066063739296 14 597 11 478 12 454
1903 -1.4869543609343365 1.4076966066330141 6.7132525600143964 59 63 69 2.1953443578735032 8 981 18 836 14 1444 16 1213 15 1232 17 1240 13 1264 11 907 12 940 10 342 9 918 21 311 2 696
2444 0.099908467161953562 0.791441496612175 7.0004256265080711 70 79 86 0.27471855443761534 17 323 11 308 12 203
1335 -0.89160642002424861 3.1467481877864936 5.0421778699098416 31 13 3 0.17614279842965855 15 1282 16 1274 17 1313 18 1189
2345 -2.8133686353790264 2.9836211404581165 5.6205608630000885 26 8 0 0.13067511106966745 8 2140 13 1767 9 2094 7 1909
5950 -0.90886303531756729 -0.66129505674540356 7.9212531485169668 26 34 45 0.41866642623204314 33 930 34 799 35 1301 36 1210
863 -1.1636827397076461 3.0403402090867235 5.2805924277416869 92 69 59 0.36062895394036659 16 1754 15 1742 17 1781 18 1644 20 1545 19 1494 21 1641 22 1374
1236 -2.0771075070986993 3.214827670037343 4.9999088657280488 107 98 93 0.22501322738259436 15 694 17 701 18 594 19 515
2320 -0.79861307958788874 -2.524729190887383 10.075589305202913 37 41 52 0.66987792088191356 16 1337 18 1441 13 1589 12 1689 19 1141 22 1229 24 1116 23 1251 25 822 26 951 27 840 28 868 30 606 31 735
5925 0.249337212709838 -2.7930536872283769 8.1471666196914629 99 102 95 1.5979690382802136 33 908 35 1176 34 778 36 1302
838 -1.0989169946672757 2.9513770205204195 5.5219548535981477 68 48 37 0.29070730573508391 16 1719 15 1711 17 1746 14 1969 20 1519 12 1867 11 1748
1211 -1.2766165408255423 2.8550473342768994 5.8179427704687461 85 65 58 0.1125061466595898 15 520 17 531 18 466
2288 -1.518854903161075 2.6334157858423297 6.1870615407870408 34 16 6 0.31572914321354573 8 1388 13 1297 11 1259 15 1253 12 1364 7 1180 6 1179 5 1019 3 955 4 948 2 976 1 714
2264 -1.1878272737749005 -2.7620864421154891 9.1071715581125705 63 68 72 0.26583975259761172 15 770 13 1138 10 859
2263 -0.88835945043794462 -3.914325138630411 8.0773500715629929 162 152 151 0.31855902610500936 14 1552 13 1093 11 1364 12 1452 21 982 22 802
2262 -1.3598438004823454 -4.0788970934635529 8.413412744985612 164 152 159 1.5002588109935437 17 1073 13 1092 19 535 18 20 23 597
2260 -2.3934585631173757 3.1735866848350143 5.1803207005134544 29 14 7 0.42832334053963822 15 1052 13 1074 11 1069
2259 -1.0635655849236776 3.1549947979499731 5.0949396734718615 88 70 61 0.48678034519834884 8 726 13 1064 12 705 7 605
2257 -1.4768011316347698 3.0647083349196458 5.2748719913682889 183 158 153 0.10272896496333243 14 1194 13 1040 11 1035 12 1110
2254 -0.80113665110697463 2.9408712366822134 5.5659237919056492 65 43 35 0.24715330764927113 8 1092 16 1003 13 1005 11 1001 10 1124 9 1035
2253 -2.9062941392039194 2.8715542640214671 5.807341564056955 43 22 1 0.47104549608324381 8 1451 13 1004 11 1002 12 511 10 1134 9 1376 6 1254 5 1093 4 1003 3 1010
2252 -1.8094261281593464 2.884966465108644 5.7479336764811944 42 19 11 0.34769993429354346 18 474 13 999 12 499 10 554
2251 -2.9582870816037063 2.8408635861541311 5.8566245559737151 17 12 6 0.46442769824933272 8 1444 13 998 10 1129 9 1372 7 940 6 1244 5 1087 4 999
2250 -1.5812137775523398 2.852022017990981 5.7242874979937612 33 13 4 0.24319817283465259 14 622 13 994 11 993
2249 -2.4856462934058081 2.804833620927607 5.9267181090161314 35 15 7 0.1138296330727878 16 520 13 988 11 983 12 1038 10 1442 7 929
1899 -0.6596098195924931 3.1421830326095268 5.129554187405339 32 10 2 0.48115938096485017 16 1949 15 1951 14 2245 16 1770 17 1798 18 1657 20 1723 13 2040 11 2052 12 2179 10 2184 9 2114 19 1521 21 1792 22 1542 24 1536
1898 -0.086973659452378005 -0.95578232330696811 9.4127904017470314 160 160 165 1.0155231391031279 8 872 18 168 14 165 15 191 18 167 4 545 5 98 2 594
1896 -1.4174201958238637 2.0442389301153128 6.6752910499646445 45 46 51 1.1814831230716882 15 2090 14 2392 13 2205 12 2332 10 2375 8 2339
1895 -1.4174201958238637 2.0442389301153128 6.6752910499646445 45 46 51 1.1814831230716882 15 2089 14 2391 13 2204 12 2331 10 2374 8 2338
1893 -0.80625106130733692 2.420701304523091 6.4599325648058459 20 15 11 1.5540144371112585 17 2086 18 1989 14 2371 20 1839 19 1645 21 1914 23 1767 25 1318 26 1413 27 1264
1892 -1.0320279929609617 -0.84403011304692943 8.9849673345771297 44 64 88 0.23579175605715846 15 2052 14 2339 13 2151 11 2174
1891 -0.76532278695545486 -0.96161731286328045 9.3638104977906504 147 145 147 0.4531903447298789 8 2273 14 2333 13 2147 11 2170 12 2279 10 2316 9 2251 7 2056 6 1972 5 1755 3 1595 4 1594 2 1627 1 1250
1890 -0.97541924700799121 -1.4315119142186075 10.015676804670322 38 46 69 0.90529690939634933 8 2267 14 2327 13 2141 11 2111 12 2272 10 2309 9 2244 7 2049 6 1969 5 1751 3 1622 4 1614 2 1652 1 1278
1889 -2.006549124509041 3.0264483044971882 5.4037786060212545 177 142 97 0.62935868215019386 8 2239 16 2012 14 2314 11 2148 10 2282 9 2209 7 2023 6 1937 5 1725 4 1578 3 1578 2 1611
1888 -0.68291545030045953 2.9678374010741373 5.4648225188917268 199 162 110 0.14843047656657857 18 1822 14 2310 20 1679 12 2246
1886 -1.4715912992776783 0.054255778383136416 8.1044994699392152 179 178 188 0.81078355840498617 16 2001 17 2005 14 2297 6 1894 21 1843 22 1598 24 1563 23 1678 26 1252
1885 1.8332523045769813 0.048672118222259156 8.2577851520450167 163 168 171 0.62442650074307404 16 2002 14 2296
1884 -2.0959730283435891 -0.81286948756149591 8.9528199262278232 32 53 72 0.67124238388356317 8 2201 16 1994 14 2290 13 2093 11 2120 12 2232 10 2257 9 2179 7 1991 6 1887 5 1665 3 1599 4 1503 2 1631 1 1253
1883 0.25352058152674217 -1.1774687120930913 9.8023909872468682 94 118 120 1.0813257291219434 8 2268 14 2286 20 1599 17 1830 13 2089 11 2116 10 2255 7 1986 6 1970 19 1380 22 1239 3 1590 24 1456 23 1570
1882 -2.1285264184365076 -1.1244687967590119 9.2094925146914992 83 89 89 0.70075196455552924 17 1829 18 1907 14 2285 16 1817 18 1695 11 2115 12 2228 10 2256 7 1988 22 1581 2 1365 24 1606 23 1664 29 489 32 1022 30 1032 33 1036 34 986 35 1384 36 1308
1881 -1.0499910121618066 -1.1583313345279929 9.1463991320771179 108 114 112 0.67130155419861803 8 2199 14 2283 13 2088 11 2114 12 2227 10 2254 9 2177 6 1883 19 1559 20 1596 22 1417
1880 -2.3060749731794754 3.0841352922904242 5.3465083688308548 25 8 3 0.31163831393824371 15 1944 14 2242 13 2037 12 2165 10 2201 8 2166 9 2128 7 1943
1879 -2.3057955576161935 3.0848834087838504 5.3474875212398967 25 8 3 0.32582543279828374 15 1943 14 2241 13 2036 11 2051 12 2164 10 2200 8 2165 9 2127 7 1942
1878 -2.307221234173805 3.0195294781454933 5.4708130574418004 19 6 0 0.20762733366385491 16 1916 18 1827 14 2217 12 2143 11 2028 13 2007 10 2169
1877 -2.3424375847372687 2.8229876927101096 5.9090608182699667 28 9 2 0.24513241646591774 17 1895 14 2157 13 1935 11 1953 12 2074 10 2092 8 2071 9 2019 7 1846 6 1774 5 1592
1876 -0.89209155277224417 2.7693642530524647 6.036470438527723 26 7 0 0.4192883090615287 17 1678 14 2129 18 1553 20 1455 13 1673 11 1675 12 1804 21 1564
1873 2.1232509994886146 -0.61531977383379954 8.3982653250094614 83 89 82 0.2628998373455067 15 1804 14 2050 19 1387
1872 -0.57531771899751849 -1.2852699179825575 9.6040816629439849 41 48 76 0.84013258184646589 16 1532 18 1446 14 2043 20 1595 11 1582 9 1670 21 1454 22 1233 5 1325 24 1316 23 1565 25 1129 26 1236 27 1087 28 1110 30 1036 29 433 32 956
1870 -0.91310841425306677 2.9779603044150114 5.4416325839999704 42 22 15 0.2625297829079562 16 1733 14 1978 12 1876
1869 -2.4116321426722238 2.930772695052088 5.6889419385359599 41 20 15 0.086693424594249183 16 1465 14 1973 18 1385
1868 -0.72115134709739426 2.8176373726205259 5.8517418444948959 39 12 0 0.17622238427449882 17 1474 18 1378 14 1924 11 1699 10 1838
1867 -1.5048028539325986 1.9192023103952205 6.6559138527771529 67 68 67 0.72472085248238949 15 1575 14 1852 12 1736
1864 -0.99967319273011768 -0.49414298115087896 8.1615345581161307 13 42 95 0.65408696396135824 18 1278 14 1831 20 1183 13 1613 19 1166 22 1094
1863 1.8505391756946059 -0.51040303353929628 8.450988904688284 122 124 122 0.61314318996864359 16 1549 17 1568 18 1462 14 1830 20 1187 19 1167 21 1272 22 1253 24 1147 23 1272 25 646 26 755
1861 -1.1926713483702522 -0.76364725701889724 8.8234851534133529 137 158 181 0.49635732220482726 16 1547 17 1566 18 1455 14 1826 20 1370 12 1706 10 1754 19 1161 22 1246 21 1466
1860 -0.50686547577334384 -2.7993393862833518 9.3335512377878604 109 128 132 0.78657581393337428 16 1330 14 1803 20 1153 13 1422 10 1553 6 1303 5 1134 3 1213 2 1081 1 951
1859 1.3305955450441029 -2.2090894364769502 6.9572768416383077 37 33 41 1.5531350300157492 15 1791 14 1801 20 1350 17 1352 18 1008 21 1691 22 1408 23 968 24 872 27 830
1858 -1.5999661059152182 -3.0093094435990291 9.2716350553010862 107 77 53 0.97450576086426588 8 1728 14 1800 13 1582 11 1571 10 1734 19 1137 22 1061 3 1210 2 1356 23 963
1857 -0.89500919244133481 -3.0839812922151375 8.8580519608806938 98 127 145 0.58023233623252668 17 1538 14 1798 20 1345 11 1569 10 1732 9 1653 6 1478 19 1134 22 1214 3 1320 2 1255 23 1420 25 1004 27 971 28 1100 29 321 32 836
1856 -0.14649083269443014 -3.9631117522691577 9.040520931478996 59 79 80 1.8988124183907786 15 1316 14 1790 19 1358
1855 -1.1206766071458674 -4.0874870362929929 8.136596229958295 137 104 111 0.60652503534384827 16 1505 17 1322 18 1422 14 1779 19 1121 21 1422 24 1067 25 772
1854 -1.879078851052578 3.1391429756006555 5.1556539507455819 32 17 10 0.61669127211592156 17 1310 14 1773 12 1657 15 1502 10 1705 9 1432 7 1486
1852 -2.3989562829130144 3.0595789670017042 5.4373150203045784 34 16 9 0.51721793631148316 15 1494 14 1765 13 1561 12 1650 11 1786
1851 -2.4238113148920433 2.9608454503234678 5.6289371790203822 57 40 32 0.1951636273026266 15 1481 14 1757 11 1761 13 1754
1850 -1.4070745844412997 2.5716682916302549 6.2930565423028577 130 101 87 0.12261215134971401 15 1450 14 1725 11 1503 10 1664
1849 -1.7490511425383759 1.3339313814298488 6.6486805677393086 78 79 84 1.8151058773888176 16 1563 18 1475 14 1697 13 1626 12 1730 10 1767 9 1702 7 1543 19 1029 22 683 3 1341 4 1343 2 1386 1 1074 4 1246 23 800 24 261
1848 -2.6438777675794465 0.98270344888242767 6.5987369551410211 104 106 105 1.0973040950391515 17 1217 14 1695
1847 -0.14083041413929331 0.83242171659151543 7.0003262877923769 24 28 38 0.36409732743766826 8 1619 14 1688 13 1480 11 1466 10 1638 9 1552 7 1417
1846 -0.42333704039229975 0.76062508989205346 7.0543503669474417 19 28 37 0.43580003397389833 17 1204 14 1684 12 1562
1845 -0.1102710767160141 0.72884682877047369 7.1436649378906782 21 31 37 0.73084257025346366 16 1396 18 1302 14 1677 13 1471 12 1555 10 1617 7 1406 6 1360 19 823 25 1053
1844 -0.4553861971986905 0.71637271684362458 7.1670583655650093 20 29 36 0.30859680317995003 15 1404 14 1674 13 1466 12 1550
1843 -0.45378565419465744 0.71785922501296651 7.1780914683199093 20 29 36 0.33148566158287651 15 1403 14 1673 13 1465 8 1604 11 1452 10 1626 7 1412 5 1195 2 1138
1842 -0.33750230992624697 0.71934500240732835 7.178972530430979 18 28 37 0.30972698577458113 15 1405 14 1671 12 1551 11 1453 10 1614 8 1597 6 1361
1841 -0.060560652638271817 0.63083670300385708 7.3485258786838621 21 30 37 0.38692989439021674 8 1583 14 1668 13 1462 12 1546 10 1606 9 1527 7 1396 6 1348
1840 -0.054042503802105513 0.63541644348943094 7.3834041307806224 21 30 37 0.23980254630060216 17 1195 14 1667 20 1001 12 1545
1839 -2.6608165261057266 -0.021419923996749357 8.9209242174804508 67 70 77 0.54171957824884698 8 1575 14 1650 9 1515 7 1387 5 1174
1838 1.9065902038566303 -0.70321985415453014 8.3954585176275778 41 63 74 0.5077706589373604 16 1144 14 1623 18 1050 17 1163 22 606 20 715
1837 -1.3587085215976571 -0.84133989772413897 8.9562271335497705 40 54 83 0.37571213678972815 18 1041 14 1620 20 1179 13 1437 11 1422 12 1515 10 1584 9 1502 7 1369 6 1332 19 989 21 1052 22 1085 4 1062 23 1261 30 816
1836 2.0600723367516083 -0.8574619208585299 8.1267081357723345 113 135 132 0.83458661841966075 16 1543 17 1153 14 1612 19 1155
1835 -1.3590885576933527 -1.5851430377846984 10.534385535412687 182 190 195 0.43870015546709212 15 1537 14 1604 19 978 22 1230
1834 1.0168037616757357 -2.2639492066987645 7.0338389192938662 189 189 189 0.75208870337095368 15 1117 16 1518 14 1587 20 1349 11 1392 22 1222
1833 1.0161975592864589 -2.2646205539235411 7.0313529929993557 189 189 189 0.77032571487373602 16 1517 14 1586 20 1348 11 1116 22 1221
1832 -0.94903283968624685 -3.4331669612386015 8.6406070327876101 84 105 124 0.70922782919223382 16 748 14 1569 11 1563 10 1533 7 1333 6 1475 5 1301 3 1197 1 774
1831 -1.133970211556286 -3.5136094516950616 8.6752337423443144 39 54 66 1.9992904819370181 16 1072 14 1568 20 614 15 1091 11 1099 12 1466 7 1019 21 668 21 997 22 519 5 1117 3 1026 3 1027 2 1059 1 772 23 619 27 8
1830 -0.7649612990409036 -3.8149244094439134 8.0771114927307277 162 142 115 0.69525361236079875 16 1510 17 1524 18 1675 14 1554 20 1567 21 1672 22 1389 24 1281 23 1399 25 989 26 1216 28 977
1829 -1.4400199887184806 -4.1871940466531301 8.3444938349386941 143 98 103 0.23284590507510847 16 1297 14 1550 17 1320
1828 -1.9365821753761656 3.1333266532366282 5.1730887742778622 21 5 0 0.61280033945350199 16 1269 14 1543 12 1429 9 1431 19 919
1827 -0.56585831691708577 3.1676707214726276 5.100396355691438 26 17 10 0.39359489406310133 16 1271 14 1538 12 1427
1826 -1.0926659115895778 3.1102019164660213 5.2044741292798644 139 122 112 0.48023452981805159 8 1480 14 1529 13 1048 11 1045 12 1125 10 1169 7 970 6 997
1825 -2.0329963359846843 3.0812774362297408 5.3787708787097914 36 14 1 0.078217908833289343 17 1038 14 1524 20 838
1824 -0.73360487302547317 3.0882683588679476 5.2234285374813565 51 25 5 0.41046149040780194 16 1261 14 1522 13 1360 11 1322 12 1414 18 1183 10 1472 7 1281 19 914
1821 -2.4300191507282807 2.5213295405447682 6.3711412087756765 43 29 16 0.24596927960892973 15 1250 14 1470 13 1294 12 1353 10 1396
1820 -1.4307051661880994 2.0294796328462343 6.6035416434168184 29 30 34 0.12788120606678094 15 1241 14 1459 13 1507 11 1488
1819 -1.3886706780858755 1.9203237060699938 6.5323808893942052 97 101 104 0.34224380854387182 15 1238 14 1457 13 926 11 918 12 953 10 1031 8 993 7 328 6 315 4 642
1817 -0.84709588434117 0.98877291666283695 6.5988632842948336 77 105 155 0.36671834427133959 17 936 14 1435 12 1318 9 1271 6 821 4 905
1816 -3.0101371804852226 0.84368322240069327 7.9044704680901878 197 198 202 1.147909535984488 16 1182 14 1419 20 1215
1815 0.064547921224357263 0.69460456167122697 7.1850730631757367 19 30 36 0.42501137623581031 16 1178 14 1404 11 1208 12 1296 7 1120 6 1120
1814 -0.27164710545684945 0.68007793166325647 7.2260010953647713 19 30 36 0.30751087025375662 16 1175 14 1398 13 1224
1813 -0.086003143014294681 0.63951127599331237 7.3318418964561074 23 32 39 0.25906426516005465 16 1171 14 1392 9 1240 19 606
1811 1.8648672640417021 -0.35969629945869158 8.5252913458920752 128 137 142 1.0114491493760773 16 1152 17 1174 18 1060 14 1364 20 985 11 1169 21 1279
1810 1.0745619262961963 -0.85131026967367496 9.2912205867315691 88 106 108 2.3670988320809037 17 870 14 1346 13 1610 10 1295 19 1160
1809 0.34510537436158284 -0.88562833683400588 9.5280333980479277 124 138 144 0.80043623873510683 8 1565 14 1343 13 1176 11 1148 12 1254 10 904 9 1200 6 1327 5 1338 3 1233 4 1217
1808 0.22499800326768649 -0.91917456272687847 9.6857578116615581 164 168 175 0.68838605439911127 17 1157 18 740 14 1342 16 834 20 1180 13 1175 12 1252 9 1201 7 1087
1807 -0.74589073688701579 -0.98257822960461383 9.0341270740157213 99 102 106 0.0039830705639581519 18 1034 14 1339
1806 -0.86551310103547963 -1.5546708998129892 10.127870785368041 73 75 76 1.0977758976999665 8 853 14 1328 13 789 11 791 10 1279 9 773 7 727 6 1065 22 860 19 561 18 132 4 528 24 566
1805 -0.44463498175334382 -1.6158500992047116 10.174231521422048 73 75 82 0.59058736466503381 8 1553 16 1118 18 709 14 1327 13 1151 11 1137 10 1278 9 1486 6 1312 21 718 5 1144 3 1220 4 1208 2 1270
1804 -0.75966762085097228 -2.4057427838588681 10.093423144688147 62 49 53 0.19055899983876878 8 1269 14 1325 11 1134 10 1275 10 1562 6 1310 5 1142 3 1054 2 1088
1803 -1.6864791512949759 -2.6805245490398666 9.2903336409140227 33 32 40 0.53966673938273013 17 1358 14 1311 20 931 21 1027 24 878 23 101 25 599 26 700
1802 -1.6120925818369543 -2.8665345790387424 9.3415193041631408 80 67 65 0.47750205419331238 16 785 17 805 14 1306 11 1122 10 1256
1801 -0.692877898681861 -2.8860562142362252 9.1475224727789612 142 156 163 0.3106191359825603 17 1116 18 1007 14 1302 20 924 10 851 21 699 22 841 28 687 30 797
1800 -0.56762358878730323 -2.927764606346003 9.2027637840593428 134 150 150 0.40806543858790739 15 1120 17 801 14 1300 20 646 13 757 7 65 6 75 21 698 22 547 3 542 2 67 23 649 28 686
1799 -1.5218050500438531 -2.9546473602055419 9.1819030711027292 86 58 54 0.29312360656520625 17 794 14 1299 20 641 13 1132 11 1115 10 1551
1796 -1.3001142863937627 -3.9412450261276959 8.3644141062976018 96 118 141 0.98476463153964333 15 1304 16 733 14 1267 17 744 13 1390 12 783 9 1448 24 835 23 605 25 569 26 1 28 357
1795 -0.41018931651157053 -4.1016750907909385 8.6224076560563923 102 88 75 1.3271776791703249 16 1064 14 1265 11 6 20 22 24 1280 22 1206 25 987 26 1118 17 1810
1794 -1.317440389836309 -4.07740594015028 8.3210908972524091 121 112 119 0.52088618148478305 15 1077 14 1257 20 882 13 1085 11 1078 12 1178 21 645
1793 -1.317440389836309 -4.07740594015028 8.3210908972524091 121 112 119 0.52088618148478305 15 1076 14 1256 20 881 13 1084 11 1077 12 1177 21 644
1792 -1.4385540430114294 -4.1311955736987418 8.3307951100917652 177 151 156 0.77619964341882175 15 1075 14 1255 13 1082 21 1210 18 1203 23 913
1790 -1.5762566830362905 3.1454927132893036 5.1628480714447935 32 18 9 0.26083167638811283 15 654 14 1232 12 1142
1789 -1.5978955573973517 3.1371350790255135 5.1614925074952529 133 117 108 0.38129585301902752 17 665 14 1230 12 1141
1788 -1.9548641403124005 3.1103270931360498 5.2622750919886414 29 12 5 0.55478117615827216 15 1036 14 1214 12 1419
1787 -2.2394438557857566 3.1083133475816012 5.3251395126087058 36 17 10 0.24064391508834981 15 1035 14 1212 10 1182
1786 -2.2383479628606588 3.100549476725813 5.3106986647160568 36 17 10 0.25252516140787479 15 1034 18 540 14 1211
1785 -0.79509923609813116 3.1209270256443498 5.1620504106761507 41 21 12 0.37534535296661753 15 1033 14 1204 13 1050 12 1128 19 734 17 1045
1784 -1.6177215815485972 3.0901643117119137 5.2575825694250371 69 42 21 0.27292545400059132 15 1028 14 1203 11 599 13 619 10 688 19 450 17 632
1783 -0.83681413512285996 3.0753267500676063 5.1933081715053993 79 57 46 0.33366536464565527 15 1026 14 1193 7 964
1781 -2.2396442930512137 3.0343377874740662 5.435774383855942 37 20 13 0.37041028879660792 16 601 14 1183 12 614
1780 -1.5796006170103132 3.0290079042681683 5.4302173695727411 153 118 77 0.26732381887537537 8 1137 17 592 14 1174 11 567 9 1075
1778 -2.2597547949903047 2.8603206530482912 5.9129323862205867 34 16 10 0.1617745918585172 15 989 17 1018 14 1133
1777 -1.2564272072000153 2.8486771179843959 5.7496552258076532 39 20 13 0.2110865802332805 18 899 14 1128 17 1021 12 1047
1776 -0.69500795318099884 2.768442323715385 6.0055605215459815 49 26 11 0.1182367063141873 18 891 14 1097 17 1015 19 693
1775 -1.1194326003274337 2.7231683750102529 6.025641655982362 41 18 12 0.33520757969874371 8 1044 16 501 14 1094
1774 -1.3658266505083856 2.6695015452482398 6.1270561126289813 42 19 11 0.37008397317861336 18 878 14 1087 20 817 13 965 9 970 19 272
1773 -1.4399567870946564 2.6579015870424882 6.1356885692618341 47 27 18 0.22685141207091991 15 472 14 1085 11 948 12 1000 10 1075 9 1318 8 1391
1772 -2.3932950701777043 2.6263872908689128 6.3450217558615201 71 48 38 0.2862089619880066 15 961 14 1082
1771 -2.0035259952479842 2.601121837885747 6.2831288191013002 144 121 103 0.35395266071996506 18 399 14 1080 13 426 11 402 14 488 12 323 19 245 21 386 22 307 5 294 8 429
1770 -2.0320114344060478 2.5894831697628042 6.2919392347822605 55 33 14 0.40225449672716562 8 1033 14 1079 9 1311 21 383 4 696
1768 -1.3158682019790695 2.3232480870162129 6.7380895225235715 93 96 101 0.37128042991345711 8 999 14 1058 13 936 11 930 12 965 10 1041 9 938 7 866 6 863 5 664 3 674 4 923 2 711
1767 -1.4145593587438796 2.1585681742239582 6.6614899859541579 27 30 35 0.49786668116892469 15 933 14 1050 13 1285 11 925 12 1346 10 1382 9 1292 8 996 7 334 6 861 3 1120 4 1119 2 958
1766 -1.6266301599077568 1.302383312642541 6.4146604641981932 76 81 87 2.0509245802042568 15 908 16 395 13 335 22 251 21 295
1765 1.2754564537833111 1.0764471191434568 6.6213575645181395 166 132 131 0.52667612330191316 17 946 18 324 14 1028 20 285 22 936 24 267
1764 0.51102351133776469 0.88565171451848257 6.7988912589389994 25 39 48 0.4054992191824211 16 914 14 1022 10 1003
1763 0.18268278684270789 0.81559487725232349 6.3048141978946273 25 36 41 0.10653508635232185 18 813 11 892 12 221
1761 -0.53101398901785535 0.6381847067652815 5.3875458956451263 17 26 31 0.95448940457573106 15 873 14 995
1760 -0.49778930363618551 0.67429677687637213 7.2113610529702221 23 27 36 0.18398927563649972 15 862 14 990 13 855 11 1202 10 1344
1758 -0.20221720038264895 0.63467390189472994 7.3502472186264498 19 28 33 0.41874596608231895 18 1082 14 979 20 998
1757 2.2065543689519642 0.006262918482854346 8.5930089672960168 178 192 195 0.016037910976846238 16 300 14 969
1756 -2.4820502559758637 -0.22992414691730317 8.714498376326695 88 87 98 0.19846429133757218 17 249 14 965 7 772 5 592 2 645 23 223
1755 -2.4800287799969261 -0.23001427425663984 8.7057867402877012 88 87 98 0.17041411897043277 17 248 14 964 7 771 23 222
1752 -1.3720480655711023 -0.23896568369930177 7.7724234109587966 93 97 109 0.69487283753157481 16 867 18 233 14 960 13 834 10 222 9 178 12 111 6 211 21 190 17 897 22 164 5 181 3 213 4 587 2 223 1 161
1751 -2.0599410834259211 -0.34718685433026203 8.3558013722052138 62 51 50 1.1607108414468579 8 231 14 959 12 877 10 212 7 206 28 117
1749 1.9757747307944329 -0.62680594582064686 8.2051755350754032 30 41 42 0.8066009172003058 17 1166 18 757 14 946 16 1147 20 977 22 607 24 161
1748 0.91189612471679216 -0.86931098661933204 9.2512587133839475 109 127 127 1.1942308637699548 16 832 17 188 14 934 11 142 12 849 10 902 9 125 7 741 6 133 22 600 5 906 3 121 24 607 23 720
1747 0.19136043246971657 -0.96082430385455042 9.5899271250046194 136 134 139 0.49075608055390046 16 179 18 734 14 932 11 138 12 848 19 63
1746 0.24037739067952857 -0.97911517836197326 9.6444125426825131 127 128 133 0.40054548730032064 8 868 14 931 11 136 18 172 12 846 9 121 6 715 5 558 3 572 4 544 2 591
1743 -0.26882492350208176 -1.2719974312144302 10.067864566844602 54 73 77 0.64505686392544703 16 1127 17 147 18 717 14 913 20 950 11 118 7 115 24 104 23 150
1741 -0.82852350650425743 -1.2504782253058355 9.24685371359773 44 41 49 1.0924797580483376 16 1123 14 909 17 1367 18 1445 13 1153 13 1432 11 1139 12 1694 10 1568 8 1557 9 1488 7 732 8 1276 6 1315 5 1329 3 854 3 1060 4 1212 2 1090 1 635
1740 -1.4162761850533072 -1.4489912986108591 10.163174095237073 100 107 116 0.67329996838093209 15 155 14 908 13 792
1739 1.2661050385059278 -1.3409332638966602 8.6440497376277285 157 170 174 1.8098922726409914 16 137 17 138 14 906 7 723 21 124
1738 -0.35478368178932834 -1.622046176761887 10.128114972707985 62 72 82 0.26214394501772853 17 135 14 905 20 122 13 113 10 877 9 772 6 701 5 540 2 576
1736 -0.68461888352388878 -2.6131231218460158 9.2497208987848296 96 105 111 0.91455468760192671 17 833 14 902 11 786 28 79 33 36
1734 -0.81648015338587754 -2.6317907810842409 9.1353967056032417 152 163 167 0.42530565668068904 16 121 17 828 14 898 20 658 10 866 7 81 6 88 22 556 23 106 28 695
1732 -1.6567209846317197 -2.839861613001577 9.3632124652787763 32 27 34 0.81950750264953098 16 103 14 885 13 766 11 66
1731 1.7522610269296819 -2.3110730863706022 7.4305891614478261 173 188 187 0.3837343998388838 16 787 14 879 20 928 22 844 24 1108
1730 -1.5181597258872634 -2.8494852451113544 9.2144112873078985 107 90 81 0.27613066810603476 17 92 14 877 13 761 11 768 10 855 9 750 2 869
1728 -0.5162290209183964 -2.9899431676546904 9.194904271250417 64 75 79 0.44903407888065916 16 774 18 675 14 871 13 79 11 55 12 817 10 848 9 739 17 797 7 63 6 73 19 25 21 78 22 543 3 48 24 869 25 595 26 693 27 362 28 52
1727 -1.4086120052005784 -3.0910146901159199 9.0978959560611479 70 93 87 0.93547812120765728 8 811 16 92 18 85 14 866 13 72 11 759 15 89 12 814 10 840 2 542 2 857 5 869 1 37
1726 -0.44704258350260123 -3.4354329987418644 8.9171015698647569 146 139 146 0.61841197976950857 8 792 14 855 13 1115 15 1100 9 711 22 823 3 807 4 482
1724 -1.4095615899477818 -3.4274321405694348 8.9210576059744966 104 124 119 0.22178179399351927 8 794 14 853 13 735 10 823 9 1145 7 1026 6 1025 2 846 1 612
1723 -0.90425363371546907 -3.3522638548944816 8.6725458287150765 184 185 179 0.33983901701014041 15 740 14 851 20 617 11 26 9 24 7 36
1722 -1.1763578966770241 -3.4680037728063753 8.7328206311173613 84 91 101 0.28649358279525849 17 53 14 846 15 45 13 726 11 728 12 797 7 656 5 851 3 509 4 790 2 840 1 363
1721 -1.0483451884731569 -3.5211443139396632 8.6744682885169055 12 53 68 0.35245541972129979 15 41 14 845 13 34 10 812 9 704 22 522 3 506 24 510 23 37 26 413
1720 -1.5947912421268757 -3.6344313604231893 8.9212211275074953 70 50 41 1.0387874374713444 16 51 18 47 14 842 20 41 13 1110 8 1523 11 1098 17 1085 12 793 10 1226 9 1137 7 1018 7 1329 6 1289 21 667 5 1298 3 1194 4 1021 4 1191 2 1245 1 940
1718 -1.4838776089589349 -4.0832539458797088 8.3358570171201247 147 130 126 0.40437923018336391 17 735 14 828 20 16 13 697
1717 -1.8994993505268831 3.1547272622613232 5.2040391702833473 37 24 15 0.22363652602350342 18 566 14 807
1716 -1.3012286749887625 3.1296068173800085 5.1519526798084376 128 109 102 0.18941814526977771 15 647 14 785 12 684
1715 -0.73651143552174791 3.1382083690035842 5.0972127148721151 96 72 62 0.20582449444964518 17 676 14 783 11 610 12 688
1714 -1.1310454612077581 3.1233031184090598 5.1702595874403885 98 80 70 0.3439843491661751 16 649 14 778 13 628 12 670 8 712 10 689 19 468
1713 -1.8834948792731394 3.1022930996289544 5.2618521147902246 69 39 15 0.51669850469614698 16 634 18 548 14 777 17 636 13 624 11 606 12 665 10 1176 9 1099 8 1492 19 455
1712 -1.9194742873638599 3.0942614395751566 5.28459656593731 52 26 13 0.51294763893731632 17 631 14 774 13 1051 8 1172 11 1048 12 1122 10 1173 9 1097 7 1301 6 1272
1711 -1.5253468158908441 1.0323846721981571 0.98795625199912052 37 23 12 0.55716156122340088 15 543 14 772
1710 -1.455937038196863 3.0891434538876363 5.294924831411584 40 20 13 0.1317518367797911 15 616 14 764 13 613
1709 -2.2354767542546399 3.0563174498579788 5.416251178467463 79 60 54 0.33546483026062507 8 710 14 756 12 627
1708 -1.5870352921463902 3.0721694431210667 5.3460712740704359 102 73 37 0.47488534985449321 8 694 14 752 11 584 10 672 9 575 5 457
1707 -0.78774044306328894 3.0674837715458034 5.290599662587014 57 38 31 0.19508521390575537 17 622 18 535 14 741 20 844
1706 -1.9420886728341582 3.0352222615727342 5.4645103874445873 150 116 71 0.44651966044243119 18 515 14 734 12 605 10 655 8 679 7 560 3 475 4 442
1705 -1.1017259552206518 3.0348990149234751 5.3642682014673024 40 20 11 0.17332641938883273 18 522 14 729 20 490
1704 -0.78814552165956009 3.0401801165865612 5.3574046894990124 140 119 113 0.24784375832081831 17 604 14 721 20 500 12 601 21 544 22 427 19 422 24 439
1703 -1.1353362479110387 3.0021078955668488 5.4449468290020828 50 28 21 0.25900403199378641 16 589 14 706 12 582 13 571
1702 -1.4047298561414037 3.0034227647381009 5.5202647660499462 38 17 12 0.022794620950825156 17 578 14 701
1701 -2.5866142533646443 2.9046841355154931 5.726551687233691 70 52 50 0.24027703818384433 8 631 14 672 13 543 11 526 7 526 6 546 5 436
1700 -1.5825823921497615 2.938086451902107 5.6306597170860995 39 21 10 0.17464548924987713 16 573 14 668 13 540 15 550 11 524 10 587 9 498 7 515 6 514
1698 -1.1351994387059794 2.9327565082566771 5.617537042839726 122 102 95 0.29230334835010302 16 570 18 490 14 657 12 524
1697 -1.9164707897223034 2.8865614160814763 5.7452764710397473 34 16 6 0.15772276517134576 8 593 14 644 9 484 6 501
1696 -2.2833304076776129 2.8695517383825382 5.863202322014577 29 10 6 0.15413740627214392 15 528 14 632 13 513
1695 -1.9425010978076522 2.806593190226367 5.9001207314683004 98 79 73 0.19092481582959103 8 532 14 600 12 443 5 366
1694 -2.440991398706251 2.7870533225892018 5.9813961556425665 86 67 60 0.19929650903434498 8 542 14 593 11 475 9 442 6 476 5 376 3 754 4 379
1693 -1.7649423668836928 2.7719528070392014 5.9237964881499598 62 44 34 0.19567076992184596 16 514 14 576
1692 -1.9534423659738422 2.7309877700603233 6.0428288013782971 99 79 72 0.15775299699153017 18 431 14 553 11 447 10 464 19 299
1691 -0.82883564986011093 2.7821138894275741 5.9505982277197171 114 87 80 0.15811433318639276 15 494 14 550 11 444
1690 -1.6602335069254424 2.7418032221131083 6.0318755691431507 127 109 99 0.33042723907163346 16 504 18 434 14 546 12 391 21 439 22 344
1688 -1.0117914592867023 2.7242870526519534 6.0748259968537068 133 114 107 0.13753395689550318 18 428 14 520 17 485 12 368
1687 -2.610400041062003 2.6110412445190558 6.213048635224296 36 12 2 0.0097464841365192262 18 403 14 506
1686 -1.8298431197401639 2.6098509100517129 6.3147371172456284 40 17 3 0.13644377642627559 16 468 14 485 11 399 19 247 21 394
1684 -1.5458988243087519 2.6075793957177642 6.2904633089430053 39 17 9 0.22154040002214223 17 444 14 482 11 939
1683 -1.6820499493398282 2.5887995872768732 6.3044662003596672 148 124 107 0.24813412364552714 17 435 14 480 18 396 20 365 13 418 12 315 19 241 21 391 22 312
1682 -1.3641344874850374 2.5614849213832649 6.3253455024875249 147 117 91 0.35097589599780282 17 429 14 467 22 313 26 332
1681 -1.963796471604073 2.5246581406702591 6.4174561802682719 56 34 16 0.26764894527415789 17 420 18 382 14 463 19 224
1680 -0.88563822014426918 2.572426916009888 6.3369358761839898 62 35 16 0.35174029769504683 15 448 14 462 11 390 12 306 10 381 9 949 7 876 6 340
1679 -1.851804011289905 2.5026106603229059 6.4124308209076242 132 122 110 0.26628920612454526 15 440 14 458 13 396 11 382 12 289 10 384 9 336 6 347 19 219
1678 -0.75912764356056273 2.544893330003752 6.4127871812834565 126 109 99 0.19919011300399231 8 375 14 452 12 290 10 373 9 325
1676 -1.2567573581936486 2.492105557095341 6.4343743477889834 59 33 19 0.20561340640653811 16 442 18 373 14 447
1675 -1.326850443725077 2.4845527581194218 6.4558095633378274 45 19 7 0.12690567694137864 18 368 14 445 20 810 11 373
1674 -1.167942934337016 2.334277269549538 5.9548500114466805 64 36 25 1.5358613092521713 14 443 13 389 25 254
1673 -1.3262957347916977 2.4443873005824952 6.7805490793372236 60 63 68 0.40102678024164579 8 363 14 438 13 377 11 368 10 369 9 315 22 290 19 209 5 258 3 324 24 344 23 435
1672 -1.39035754164924 2.3192762638691535 6.7193394202709031 73 77 81 0.25607414824333941 15 427 14 436 13 373 11 365 12 262 10 367 7 340
1671 -1.3761638537870235 2.3077224892501396 6.7560083488096412 40 43 48 0.3388796489006019 18 354 14 435 20 330 12 261 21 354
1670 -1.7102591296985161 1.3430954229507646 6.542461090712969 27 31 38 1.0966212228962484 16 399 14 394 17 372 12 939 5 645
1668 1.1981802832562516 1.1300944044735952 6.3876478487340389 73 48 44 0.22064458782315358 18 330 14 380
1667 -2.9497723224424788 1.0466031589021576 7.4597157762397854 63 65 65 0.97458141450275448 17 343 14 379 5 641
1666 1.1826854215063696 1.0795580296250553 6.5757636768538603 100 69 70 0.32923007568209756 15 363 14 373 20 286 21 297 22 250 24 266
1665 1.2301904942007096 1.0471821518916431 6.68271831619011 104 69 75 0.39423750399504015 16 384 18 319 14 368 20 282 19 163 21 293 22 247
1664 0.73484064757762735 1.0033263880802457 6.562588006534078 37 54 61 0.44880161505216154 16 382 18 317 14 367 20 275 21 288 22 675 25 474 26 223 28 197 31 312 32 146 33 442 29 137 34 103 35 219 36 231
1663 -0.043777091119672651 0.92472121922503003 6.7608252378757765 46 53 61 0.82704064012959921 16 379 14 365 9 286
1662 1.3605043877988012 0.96083316679003306 6.9073650145326919 162 140 151 0.41864165855384433 16 380 14 361 20 270 22 241
1660 -0.18571761684546917 0.67392100744466943 7.3083110862043394 56 65 72 0.41615725582426605 15 340 14 332 11 288
1659 3.6529148439769563 1.7159268693756515 28.189021753269131 56 65 72 1.7248228870744196 18 294 14 331
1658 0.053707836029897815 0.67453021275195313 7.1862926418057276 21 28 36 0.013752115463781946 15 338 14 330
1657 -0.49855897696579715 0.64923052361653999 7.3434676873356679 20 29 38 0.43504198901726332 16 336 14 327 13 285 11 280 12 165 10 293 9 243
1656 -0.24025131180289799 0.64124539240913392 7.3522916848322062 64 73 78 0.27724182336309661 16 335 14 319 13 283 11 274 12 164 10 287 9 235
1655 0.58931929458723575 0.62935827652994525 7.3416179419463017 43 52 59 0.37658110576539938 15 321 14 308 13 274
1654 0.19362814929908811 0.64516032332618589 8.208141695043091 41 51 58 1.1382094123025648 12 154 22 210 14 306
1653 0.98130528014333385 0.63321318062527676 7.4045672449210365 48 55 61 0.18984379960698627 16 332 14 303 21 252 22 651
1651 -0.94760735276998753 0.52182770454568184 7.6878266353350897 111 116 122 1.0331863608435972 8 1322 14 297 10 961 9 1526 7 239 4 215 3 247 2 258
1650 -1.5100760308578092 0.12475444892467408 8.3499511888123745 78 42 38 0.39702005431177811 8 252 17 282 14 286
1649 -2.8506262473017081 0.052757413022787226 9.1586487295147023 183 186 190 1.9567451259991024 8 911 14 280 11 239 9 190 5 950
1646 -1.4567941845115719 -0.22053609386276374 7.9223703523745934 100 99 107 1.3378075041770476 18 234 14 259 20 198 13 835 12 113 7 767 9 1220 19 103 21 766 11 217 22 166 5 939 2 642
1645 1.7872983215041285 -0.20282846949267769 8.4821096485119813 84 85 90 0.33604828654415969 16 274 14 256 18 249 11 212
1644 2.228652315390272 -0.20313851126719901 8.4707288554033351 73 93 93 0.38591738367416645 16 276 14 255 25 444 23 765 24 648 26 770 33 971 31 1154 34 835
1642 -1.9230912480322715 -0.33557906218282618 8.650045716289732 74 56 49 1.6813272484926487 16 248 13 204 17 239 19 98 23 731
1641 -1.8483631231843578 -0.36500653126869637 8.4339850353461561 93 90 101 0.88296095166894717 17 229 14 239 11 199 16 246 6 203
1639 -1.4769224542519535 -0.39355323917127411 8.0528835423204672 118 131 152 1.5915233127304715 17 221 18 220 14 227 13 193 7 764 4 577
1637 -1.6224044552210297 -0.41801708607331245 8.12985994029167 123 136 157 0.99920852388984638 18 217 14 223 5 154
1636 -1.1082745384767951 -0.4285816707545762 8.021545766750009 24 53 97 1.6074485489574275 18 214 14 217 17 218 11 1164 7 763 6 742 3 601 4 875 24 154 16 232
1635 -1.6623310652138175 -0.63843661820194242 8.5712714279175728 37 52 72 0.26881495653264526 8 172 16 208 14 200 11 168 12 80 9 143 7 163
1634 -1.7509348535067382 -0.6946004297416728 8.6697686748305305 140 155 174 0.14679657780942171 16 200 17 195 14 197 22 138 23 183
1633 -1.7544351882822773 -0.69268460509095175 8.6550268018131433 140 155 174 0.59056415525820805 16 199 17 194 14 196 13 164 10 160 7 154 6 160 21 161 22 137 3 143 24 598 23 182 25 408 26 727 27 673 28 717 30 616
1632 -2.5562025442218537 -0.73073459599590851 8.7496326537153735 91 107 135 0.83946666922001079 18 184 14 192 10 158 22 131
1631 -1.7493319963595635 -0.74266583028359656 8.8714946595848438 40 56 79 0.40724751861070613 8 167 14 191 13 161 11 164 12 76 10 157 9 139 4 565 2 616 1 451
1630 -1.5278027023933314 -0.78868498658640185 8.9146745889739289 106 122 155 0.23466894197302102 16 190 18 180 14 186 20 161 13 158 11 161 12 71 7 755 6 733 5 927 3 591 4 864
1629 1.1779119761868415 -0.76212992088746323 8.9571092143809583 52 65 71 0.33175075275423577 16 198 17 203 14 184
1628 -1.5506546815230688 -0.80755611165286001 8.7900025226925678 30 47 74 1.7057679491312336 17 179 14 178 13 152 12 66 10 151 9 134 5 112 26 81
1627 1.8267749293089381 -0.70773524108918717 8.3646069169677126 58 42 43 0.45073793240577953 16 197 18 202 14 177 17 876 11 154 10 135 21 180
1625 0.99421030449503467 -0.87308169247057033 9.250559757942673 91 109 113 1.6427107868862891 16 833 18 183 14 168 13 144 11 143 12 1248 10 133 9 789 19 575 22 144 5 100 5 557 1 92 24 608 23 721 28 734
1624 0.37605258599996683 -1.0104767588533985 9.7828615284089917 112 126 129 0.24905801274822209 18 170 14 162 17 177 10 127
1623 -0.36526821693397515 -1.2568340169328924 9.9274075399349755 48 59 65 0.63037759935267546 18 147 14 148 19 569 21 723 22 570
1622 -1.1256137773499164 -1.4856992507893594 10.130362446703206 95 108 129 0.30089985615401765 16 140 18 135 14 135 20 127 13 117 12 49 10 93 9 97 6 112 19 43 22 102 4 530 2 577
1621 -0.39614162589368584 -1.6538182511151924 10.141841313728372 18 27 36 0.588145540456805 8 101 15 785 16 807 14 129 20 668 13 111 12 831 10 876 9 1181 6 1063 22 561 5 894 4 70 4 1051 2 108 2 882 23 677
1620 -0.92252094532664874 -2.4914879098117257 10.174673020985042 96 95 99 0.41374724303452309 16 126 17 127 14 122 20 112 7 85 3 82 4 64 2 99 23 119
1619 -0.87141457462765048 -2.5190625966143934 10.134452159735824 93 97 99 0.32163095780098649 17 122 14 121 11 89 6 697 4 519
1618 -0.88337018595201733 -2.5402515483752728 9.0891719463498806 97 108 114 0.97602875255323018 8 90 14 118 11 84 12 35 6 93 7 82 1 411
1617 -1.6802733724664152 -2.598735955091358 9.2732652146512056 47 50 61 1.7886012128923403 15 132 14 116 19 38 3 74 9 77 7 715 23 110
1616 -1.1376178494080436 -2.5947662065711867 9.115809352833498 37 38 33 0.14319331099420704 15 779 14 111 9 75 2 90
1615 -1.5371401409834751 -2.7329632464649403 9.2035959135972849 80 67 66 0.3731211864019362 15 114 14 108 11 774 12 821 9 68 6 681 21 703 5 52 3 548 2 85
1612 -1.5766411892627685 -2.7954388551446558 9.2006955977463818 64 53 59 0.4569058968314228 8 1258 14 100 10 858 7 702 5 528 4 824
1611 -1.4096426085330607 -2.9658860788634076 9.1337581295116781 67 90 78 0.61315290081640428 8 71 14 93 13 78 11 56 9 740 7 64 6 671 4 48 2 65 1 622
1610 -1.5012391402586149 -2.9874038487349095 9.1368677565348388 121 101 93 0.18218859303414053 15 95 16 96 14 92 11 51
1609 -1.01813307626834 -2.9967595872297443 8.9030254245622569 147 150 159 0.81481287221362531 8 813 14 87 9 733 7 684 12 25 6 665
1608 -0.95527357833739279 -3.0132329263444375 8.8818437956694289 148 162 178 0.9683338000494689 8 68 14 86 10 48 5 30 4 36 2 49
1607 -1.4095715595389779 -3.168574580218845 9.0517216212806471 101 125 119 0.24310681716288721 16 83 17 76 14 81 20 67 18 77 13 66 11 752 12 809 10 836 9 44 8 808 7 54 4 494 2 537 1 378
1606 -1.4858943282933179 -3.2395669504462568 9.0970152022462969 121 90 73 0.34939704706409341 16 77 14 78 20 60
1605 -1.1774192726584434 -3.4107514698016081 8.7575851765742456 86 93 103 0.3673766247578597 15 56 14 58 20 47 16 59 17 761 18 643 13 44 11 733 12 799 10 816 9 706 7 663 6 31 8 35 21 50 22 34 5 498 3 513 4 795 2 516 1 366
1604 -1.1765662862766981 -3.5295099380255963 8.6989417150480737 77 85 96 0.32972443414007313 8 29 18 49 17 47 14 52 13 37 11 727 12 796 9 702 7 28 5 491
1603 -1.3323054736398445 -3.5660861328963094 8.7693932745811782 140 137 135 0.22285869142486478 8 26 14 50 9 700 13 724 6 639 5 489 4 788 2 513
1602 -1.6377447923324877 -3.6612219787291411 8.970108750965256 78 65 59 0.85999175614690926 8 25 14 49 13 31 10 17 10 19 7 26 5 3
1601 -1.3093345303082085 -3.5880160680864512 8.7490985566310364 101 94 96 0.36751862119194545 8 23 14 47 10 16 9 15 6 20 5 2 3 7 4 2 2 5 1 359
1600 -1.3626961524091561 -3.6604058924796443 8.7529407722724102 28 39 41 0.7492964913642457 15 735 16 745 14 42 13 29 11 723 10 1222 9 698 7 652 22 22 5 488 2 1058
1599 -0.39577526376625483 -3.9601965339064398 8.7201052038261349 95 83 69 0.40913563623268429 18 981 14 32 23 924 25 571
1598 -1.5888323774890956 -3.9252401964636059 8.564131560047489 93 107 130 0.48251685283313567 17 32 14 23 16 30 20 31 13 21 6 6 22 15
1597 -0.81130225399484646 -3.82965795879552 8.0686271694218856 92 106 118 0.63813737419073457 15 16 14 14 10 2 9 3
1596 -1.1940609827197082 -4.0738468070446059 8.5556723353832425 96 126 151 1.5437681313477811 15 723 14 10 13 12 21 21
1584 -0.54925900552342 3.1234323888853845 5.2490837866467706 23 21 24 0.90512441294753598 15 1942 18 1926 13 2023 11 1781 12 2251 13 2117
1581 1.7888412666017404 -0.1887185007251127 8.7350380497561915 49 47 50 0.45173889714741461 15 2011 18 1711 14 2055 11 2126 10 1971 10 2260
1553 -1.095426143696276 -2.8459131770071671 9.0054863468828259 173 174 168 0.2616550989822754 15 1119 18 1006 14 1301 13 1133 11 1119 12 1216 10 1253 9 747 7 692 6 676 5 523 3 543 4 502 2 549 1 392
1507 1.807458558791724 -0.20633141348893497 8.5367386614037368 86 87 91 0.33769523222129633 15 276 18 250 14 257 20 212 11 213 16 275 17 261
1482 -1.1922658704159241 -4.0360534614907131 8.2483014479839269 114 108 110 0.40104099382624891 15 714 17 20 18 15 14 829 20 591 13 698 12 777 21 14
1425 1.2035587947742492 0.025238992892661738 8.1008858534066999 173 174 176 1.3201418304775747 16 1833 17 2006 20 1765 21 1847
1424 -0.44509219948868356 -0.92753056961766001 9.3025405589743091 165 164 170 0.65720099972570756 15 2003 17 1997 14 2289 11 2119 12 2231 22 1584 24 1554 23 1669 25 1263 26 1361
1423 -1.1470656274831219 3.2269654215648518 4.8653139543297099 85 62 51 0.29965410568300782 16 1976 17 1976 19 1541
1422 -1.1292538892223019 3.1887883209035319 4.9154106004453961 26 9 0 0.289778090255504 16 1974 17 1975 19 1540
1421 -0.9686618069840649 3.2121776646835767 4.9823397435959178 26 6 0 0.64098441694444708 16 1972 17 1973 19 1539
1420 -0.9686618069840649 3.2121776646835767 4.9823397435959178 26 6 0 0.64098441694444708 16 1971 17 1972 19 1538
1419 -0.98138412806128295 3.1671287712421905 5.0275430395001557 91 71 64 0.30699767077289486 16 1962 17 1971 18 1888 19 1533 21 1795 20 1727 22 1547
1418 -0.98138412806128295 3.1671287712421905 5.0275430395001557 91 71 64 0.30699767077289486 16 1961 17 1970 18 1887 20 1726 19 1532 21 1794 22 1546
1417 -1.6194674659504873 3.1209927601085656 4.9744297415604883 25 11 8 0.33385293120597492 16 1960 17 1965 18 1881 15 1966 19 1530
1416 -1.4495643105026073 3.1048236088108667 4.9564818677756497 23 11 5 0.4683633442783226 16 1959 17 1964 18 1880 19 1529
1414 -2.1776373407350675 2.8146418253205558 5.9130369639991285 25 6 0 0.32676994453659725 15 1880 17 1894 18 1792 16 1667 14 2156 13 1931 11 1951 12 2071 10 2088 9 2015 8 2064 7 1838 6 1768 19 1259 5 1584
1413 -2.3549929649955685 2.6536199527234698 6.1705315888700465 25 6 1 0.24566626222427207 15 1860 17 1882 13 1893 11 1916 8 2020 12 2033 10 2047 9 1970 7 1793 6 1723 5 1545 3 1407 4 1409 2 1450 1 1196
1412 -1.3621079553058328 2.4351100564125985 6.5075414863984236 22 16 18 0.72806083463694415 16 2008 17 1852 18 1734 14 2303 13 2107 11 2137 12 2240 10 2336
1411 -2.1386815508784056 3.2018482391295042 4.9970143377203957 53 44 38 0.26207167014019239 15 1774 16 1788 17 1802 18 1666
1408 -1.5042335889626091 2.925819468528482 5.5542437152135147 83 60 54 0.45671879199225085 16 1713 17 1741 18 1610 20 1513 12 1862 19 1298 21 1402 22 1350
1407 -2.153128901062817 2.9553585030664671 5.6456909575152112 28 10 1 0.29641374542372545 15 1714 17 1736 18 1609 14 1977 13 1749 11 1755 12 1869 10 1907 8 2118 9 1831 7 1668 6 1599 19 1297 5 1618 3 1464 4 1467 2 1498 1 1150
1406 -1.3351964342798488 2.9089094020807589 5.6749719948424238 28 8 1 0.37374238643137109 15 1889 16 1892 17 1728 18 1806 14 2168 20 1664 13 1953 11 1971 12 2098 10 2105 8 2078 9 2027 6 1776 19 1458 21 1599 22 1500
1405 -1.5050124308348876 2.884854765949469 5.7384658850540378 97 77 68 0.18972772615849967 15 1693 17 1717 14 1952 11 1731 12 1843
1404 -1.5057195399958121 2.8759785998567775 5.7183266819393328 97 77 68 0.3116263398666031 15 1692 17 1716 14 1951 20 1497 12 1842 11 1730
1403 -1.3552544339295998 2.8915531811294524 5.7873637896364087 77 57 50 0.10091303339425957 15 1688 17 1714 18 1589
1402 -1.3523436948802481 2.868272234336791 5.7306815118772221 77 57 50 0.29422506443328089 15 1687 17 1713 18 1588 20 1495 21 1591
1401 -1.6718121002652047 2.8563087203563575 5.7935717717940669 27 7 0 0.49877901644567829 16 1688 17 1705 18 1583 20 1486 11 1958 13 1940 12 2084 19 1274 21 1577 22 1488
1400 -1.050218514633263 2.7629643911101596 5.9892704459159258 28 8 1 0.43865896736690158 16 1646 17 1679 18 1551 15 1867 14 2130 13 1900 8 2014 11 1920 12 2047 10 2054 9 1971 7 1800 6 1719 19 1445 20 1657 21 1562 22 1482 5 1533
1399 -1.7713521387596503 2.7590092041778962 6.0142329905951284 49 29 22 0.37194670060281831 15 1646 17 1675 18 1550 13 1686 11 1692 12 1808
1398 -1.535007220518636 2.7293983199013088 5.9946727059815768 93 70 63 0.34813893639284543 15 1640 17 1670 18 1545 14 1910 20 1446 13 1679 11 1684 12 1803 10 1828 9 1752 7 1594 21 1552 22 1321
1397 -1.535007220518636 2.7293983199013088 5.9946727059815768 93 70 63 0.34813893639284543 15 1639 17 1669 18 1544 14 1909 20 1445 13 1678 11 1683 12 1802 10 1827 9 1751 7 1593 21 1551 22 1320
1396 -2.3541278685471632 2.7429329975480146 6.0445978913817422 26 6 0 0.29915419122866072 15 1872 17 1662 18 1543 14 1920 13 1912 11 1931 12 2053 10 2071 8 2046 9 1992 7 1816 6 1752 5 1572 4 1431 3 1431 2 1468
1394 -2.1972503152493625 2.6865058716000574 6.0915403398535757 76 55 50 0.32281300574032717 16 1627 17 1647 18 1523 20 1275
1393 -2.1972503152493625 2.6865058716000574 6.0915403398535757 76 55 50 0.32281300574032717 16 1626 17 1646 18 1522 20 1274
1392 -2.3573490819939251 2.6900876256427551 6.0829076874164558 87 67 58 0.21418900329962384 16 1629 17 1645 18 1527 14 1907 13 1676 12 1792
1391 -1.7145672129782938 2.6649487773496698 6.1245946374565881 94 70 63 0.22120261061383437 15 1619 17 1639 18 1515 20 1426 19 1223 21 1530 22 1301
1390 -1.7145672129782938 2.6649487773496698 6.1245946374565881 94 70 63 0.22120261061383437 15 1618 17 1638 18 1514 20 1425 19 1222 21 1529 22 1300
1389 -1.5504109177956344 2.6512988567729625 6.125224236940606 88 65 57 0.2736729620758353 16 1611 17 1637 18 1512 20 1427 19 1218 21 1367 22 1302
1388 -2.4351227465388985 2.6387141373809757 6.2824733212775046 46 24 10 0.15881932588386871 16 1601 17 1623 14 1883
1387 -2.2255171269945158 2.5603552480574323 6.3258873002670022 28 6 0 0.27733405669730471 15 1849 16 1584 17 1619 18 1498 14 2100 20 1399 13 1862 11 1886 12 2005 8 1980 10 2018 9 1942 7 1761 6 1692 19 1200 5 1505 3 1377 4 1374 2 1418 1 1104
1385 -2.0696776912972634 2.5593833239918253 6.3371030674221469 28 6 0 0.25334565409098164 15 1842 17 1612 18 1496 14 2097 20 1402 13 1857 8 1973 11 1881 12 2003 10 2014 9 1936 7 1756 6 1683 19 1198 21 1505 5 1494 3 1369 4 1365 2 1412 1 1099
1384 -1.211541470984034 2.4341737925522451 6.4565950491413435 21 16 13 0.39778938393376267 15 1577 17 1598 18 1485 14 2076 20 1388 13 1836 11 1629 8 1786 12 1745 10 1779 9 1712 7 1552 19 1050 5 1366
1383 1.5633294412594996 1.0405303686090437 6.5055035169236364 46 35 43 1.6423733338890727 16 1843 17 1587 20 1624 19 1408 21 1716 22 1444 24 1487 27 1191 28 1194 29 518 30 1066
1379 -1.6221994444629289 -0.98633133928900307 9.050705150332039 66 79 87 0.96834104861103065 15 1549 17 1563 12 1703 11 1592 19 1154 21 1460 23 1259 24 1134 25 1028 26 1156 30 811 27 660 29 344 31 1115 32 695 33 575 34 796 35 1193 36 1037
1378 1.9874075272906682 -1.0132239281561106 8.2139295286001097 123 156 158 0.52204195742232518 15 1797 16 1538 17 1562 20 1366 19 1377
1376 1.1276250072934171 -2.0728290805825935 6.8758674491261731 176 182 180 0.82191178569954948 15 1342 17 1544 18 1241 14 1593
1375 -0.010959772500624521 -2.7866638471685068 8.4155270083169817 79 100 101 1.5925702813782869 8 1538 17 1541 11 762 10 846 9 1474
1374 -0.73417369171061919 -3.0281321783235593 9.0046902963065492 30 46 69 0.65726215476694105 8 1537 17 1539 2 1075 1 784
1373 -0.93085214204277311 -3.6169573723916715 8.2230255414248656 154 106 128 0.32870030500084801 15 1780 17 1531 20 1572 9 1878 5 1430
1372 -0.96804026734907178 -3.7347785816680159 8.1773713983092104 94 112 136 0.67158985779485447 15 1521 17 1528 18 1211 20 1334 12 1671 10 1527 19 1124 24 1284 23 1404 25 991 26 1121 28 982 30 931 29 312
1371 -0.96479288646833172 -3.7201605670875466 8.1451515935417476 94 112 136 0.30330851365313638 15 1520 17 1527 18 1210 20 1333 12 1670 10 1526 24 1283 23 1403
1368 -2.0370628789398721 3.1436842045596367 5.1282213709381805 34 19 12 0.90869485353676949 15 1767 16 1496 17 1509 18 1661 11 1807 12 1658 19 1347
1367 -0.65837378935190061 3.0827215850876142 5.2867744458577688 45 14 0 0.2687554662201776 15 1493 16 1488 17 1507 18 1407 20 1315 19 1108 21 1416 22 1380
1366 -0.65846457453430818 3.0817099138702693 5.2850141963276496 45 14 0 0.27198756069730173 15 1492 16 1487 17 1506 18 1406 20 1314 19 1107 21 1415
1365 -1.5234530115682983 3.051157373311165 5.38855204893503 36 5 0 0.13927514889346265 15 1490 17 1502 20 1081 21 1181 22 1007
1362 -1.5211991912728497 2.969375859528149 5.5064043969132852 41 10 0 0.42813600737829255 15 1716 16 1474 17 1490 18 1618 14 1983 8 2113 20 1518 13 1752 11 1757 12 1875 10 1908 9 2064 7 1666 6 1592 19 1304 21 1409 22 1194 5 1614
1361 -1.0597647883242085 2.9048437150060811 5.6915160224673658 40 17 10 0.32657723323446675 15 1472 17 1484 13 1543 12 1633
1360 -1.8478663863367317 2.8836423280181966 5.68836181497044 93 67 59 0.44049488508237367 16 1462 17 1480 14 1748 20 1289 19 1082 21 1394 22 1182
1359 -1.7582485837198969 2.8309789314120692 5.8905625101972632 46 26 19 0.38856355156562639 16 1453 17 1471 20 1285 21 1389
1357 -1.0794746716203152 2.6375789690767228 6.1721191298541163 82 59 52 0.38240441100598593 15 1458 16 1605 17 1456 18 1367 14 1876 20 1273 13 1526 11 1646 12 1766 10 1803 19 1070 21 1372 22 1166 23 1340 24 1237 25 941 26 1077
1355 -1.3083727607227682 2.0969617589517977 6.7091056028174476 26 26 25 1.5936045879653864 16 1569 17 1439 18 1480 14 1710 13 1508 8 1371 5 661
1354 -1.5070242245695757 1.9281397856708264 6.6635971065076056 62 66 69 0.094091856126602869 16 1567 17 1435 18 1477 19 1034
1353 -0.75674892464156984 1.3770164509658076 4.9563148144185156 65 64 60 0.84897193069719257 16 1414 17 1432
1352 1.3550631598647516 1.084653013670785 6.568935809354481 171 144 141 1.2272275589804733 15 1424 17 1427 18 1325 14 1436 20 1232 19 842 17 357 21 1309 22 682 22 1125
1351 -2.8842628495786253 0.97431105885556035 7.1471007621495648 107 111 110 0.70936696239517227 17 1422 14 1692 17 1210
1350 1.2934460331447366 0.80699141576580891 7.2491022270985122 44 53 59 0.48207965718895357 15 1412 17 1419 21 1291 22 1266
1349 -0.17960453768837892 0.77619931754159255 7.0847667723610179 21 28 34 0.4212298912793257 16 1399 17 1418 20 1216 13 1479 12 1567 10 1629
1348 0.23004169833000276 0.73824038269580861 7.1051511732723274 19 28 35 0.33763389654362885 16 1398 17 1414 18 1305 14 1683
1346 0.0047691607613480347 0.73704748194367509 7.1548400917818302 19 30 34 0.32919662270628364 15 1410 17 1412 14 1679 8 1596 13 1472 11 1458 12 1557 10 1618
1343 1.8635017783386925 -0.86758074108958494 8.2685103937126723 22 42 49 0.61947358510552131 15 1550 17 1382 18 1272 16 1135 14 1823 20 1178 19 1156 21 1060 22 880
1342 -0.49872269060436836 -3.0973169241548857 9.1362029300874532 32 37 56 0.1677387322750172 15 1334 17 1346 14 1582 20 1145 11 1388 7 1036 17 1109 21 1240 24 1098 23 1236 25 809 27 823
1341 -0.63680820845118669 -3.4456068792163643 8.8023962512468596 125 125 127 0.37625451816824507 15 1323 17 1338 18 1220 14 1572 11 1380 12 1468 10 1535 21 1229 22 1047 4 1023 23 1217 25 791 26 919 27 809 28 836 30 781 29 197
1340 -1.3408993618971561 -3.8115096157591695 8.449495238918125 64 68 95 0.45321383982884633 8 1718 17 1333 18 1215 14 1788 13 1577 11 1558 10 1724 7 1495 21 1222 22 1039
1339 -1.3451052450501899 -3.782259490642399 8.3834803732469148 64 68 95 0.99318363110208419 8 1717 17 1332 18 1214 14 1787 13 1576 11 1557 10 1723 7 1494 21 1221 22 1038 27 800
1338 -1.7388237682650023 -4.0859512386969516 8.7535840483716818 37 80 112 1.3328741489543827 17 1327 20 1120 11 1088 10 799 21 1215 22 496 23 23 24 12
1337 -0.88712361497737513 3.2099605257450357 4.9034870461531916 33 13 2 0.16016450756411407 16 1285 17 1318 18 1196 15 1293 20 863 19 925
1336 -1.321375426177049 3.1190835395381407 4.9235398524741703 73 58 55 0.49238381865452518 16 1278 17 1314 18 1191 15 1506
1334 -1.781283557188861 3.160162742493386 5.1015607812374135 30 13 3 0.49371116874278664 16 1275 17 1312 11 1063 13 1069
1333 -0.76931882932474083 3.1228369990893285 5.1265311732342056 72 52 43 0.3374674329671527 16 1267 17 1311 18 1185 14 1533 20 1095 13 1365 11 1326 10 1170 19 918
1332 -1.5877015145435887 3.0919919934266091 5.3113110744269347 50 24 6 0.37477521380140877 16 1260 17 1306 14 1525 20 842 18 539 13 1042 11 591 12 1115 10 1479 9 1088 8 1481 7 1297 6 1450 19 913 21 534
1330 -0.69953571127149439 2.7350756467486748 6.084163056075405 66 46 27 0.48169359924376098 15 1256 17 1286 18 1163 14 1483 20 1070 16 981 13 1307 11 956 12 1374 10 1077 7 1189 6 892 19 889 21 895 22 738 24 789 23 880 25 744 26 866
1329 -2.4272968534179746 2.6950119219573221 6.1102017820416732 44 25 21 0.25653637282586372 15 1463 17 1285 18 1373 14 1740
1328 -2.4287955685500719 2.6970853851497725 6.1129232650691847 44 25 21 0.29145244132926107 15 1462 17 1284 18 1372 14 1739 10 1833 11 1681 12 1790 9 1757 7 1602
1327 -0.90936362704847662 2.6164490804119191 6.2666553996584762 48 25 17 0.34212962975816796 15 1251 17 1282 18 1160 14 1471 12 1358 10 1394 8 1378 19 885
1326 -2.2766879480553057 2.6066235774602626 6.2849131544909751 56 27 4 0.27177878696374902 16 1237 17 1281 18 1159 14 1477 20 1062 12 1361
1324 -0.7630215553734212 2.4893859201938251 6.4464603302101429 55 46 40 0.27210523395127506 15 1441 17 1273 20 1262 19 1052 21 1355 26 1071
1323 -0.99716773864541319 2.4352747465534752 6.4779428225902471 74 57 49 0.49100533123553219 15 1440 17 1270 18 1150 15 1246 14 1715 20 1055 13 1513 11 1494 12 1597 9 941 14 1061 19 876 22 977 21 1154
1322 -1.3984200099328632 2.3244165597942361 6.7280672300378717 75 76 78 0.20202709149867348 16 1232 17 1269 18 1146 19 871
1321 -1.4610857316976902 1.9639674773938771 6.5594270761842504 60 65 69 0.54312489010265608 16 1226 17 1259 18 1336 20 1047
1319 0.76696830206602196 1.0214510791189286 6.5393925865888161 78 97 103 0.37688870973056249 16 1204 17 1227 18 1110 20 1027 21 1104 22 929 24 957 23 1061 25 676 26 795 27 710 28 751 30 693 29 258 31 848 32 756 33 839 34 713 35 1092 36 1116
1318 1.4855572286564636 0.97411492935036226 6.849353839834885 133 101 102 0.63552972378128569 15 895 17 1223 18 822 14 1025 19 629 21 839 22 925 24 689 23 1065 25 481 26 562 27 492
6030 0.64955077549351647 -0.78782569398398128 9.0945146539658239 69 83 77 0.43197704458035202 30 158 33 76 36 577 34 506 35 822
943 -1.5587732916489307 2.6255610520847066 6.232021474372595 26 6 0 0.47963367511931099 16 1598 15 1856 17 1875 18 1764 14 2112 20 1414 13 1874 11 1896 12 2020 10 2021 9 1945 8 1981 7 1764 6 1689 19 1208 21 1521 3 1521 4 1527 2 1554 1 1185 5 1498
1316 1.5512835420568818 0.86593783369652177 7.1397176504044975 114 82 93 0.62462986318288249 16 907 17 1214 18 1101 20 1014
6029 0.75872257098089768 -0.71707555948273061 9.1222526026012112 115 142 143 0.29941279954994998 31 535 32 316 33 376 34 280 36 583 33 626 35 829
942 -0.79331599947165565 2.6278331212143544 6.2229541697779398 202 178 141 0.30184298156309902 16 1874 15 1855 17 1880 18 1770 14 2102 20 1651 11 1888 12 2017 19 1436 21 1743 22 1471 24 1505 23 1620 25 1180 26 1286 27 1136 28 1140
1315 -0.3822254266823466 0.67731934378596526 7.2712218546805989 17 26 35 0.34737583972944119 15 1201 16 1173 17 1198 18 1087 14 1395 13 1226 11 1206 12 1289
6028 2.3744062915179356 1.0756966018241336 6.614180039783653 82 65 68 1.327599556037566 24 285 25 212 26 591 27 526 28 592 30 750 29 164 31 665 32 647 33 729 34 605 35 959 36 743 36 971 32 234 34 181 35 335
941 -0.79368763537737785 2.6280140077117475 6.2198834865076922 202 178 141 0.15043895942215657 16 1873 15 1854 17 1879 18 1769 14 2101 20 1650 13 1863 11 1887 12 2016 10 2010 19 1435
1314 0.74121782746035103 0.599064398685902 7.6239398099196505 28 36 47 0.54196901411406406 15 1396 17 1193 13 1458
6027 2.1897052586706085 1.1835978932780566 6.4183160192524049 128 101 90 0.31142378162518919 31 1078 32 805 33 886 34 751 35 1140 36 969 34 604 35 957
940 -2.3800916216844441 2.5670665265819883 6.3196689844588416 28 8 0 0.24242929057161919 16 1587 15 1853 17 1617 18 1501 14 2108 13 1870 8 1988 11 1894 12 2011 10 2024 9 1950 7 1769 6 1701 5 1513 3 1380 4 1380
1313 -0.62535477624038804 0.61822081663222095 7.3876238532193987 23 32 41 0.13247800686694666 15 1196 17 1191 14 1663
6026 1.2058890071326598 1.0389850273543217 6.6766633782122478 30 21 21 0.34721697668572638 34 718 35 1241 31 1168 33 846 36 1122
939 -2.3801912973039188 2.5677702590845204 6.3219706593877882 28 8 0 0.25187082797180022 16 1586 15 1852 17 1618 18 1502 14 2107 13 1869 8 1987 11 1893 12 2010 10 2023 9 1949 7 1768 6 1700 5 1512 3 1379 4 1379 2 1425 1 1106
1312 -0.62411484456635891 0.61573743287568716 7.4044162257707722 23 32 41 0.45052678538075647 15 1195 17 1190 14 1662 8 1588 20 997 13 1460 12 1283 10 1609 9 1532 4 1090 3 1099
6024 2.3083566455394271 0.9604162845705424 6.857298276036647 52 53 62 0.39452947165408631 29 284 34 747 35 1131 36 1151 32 427 33 715 34 590 35 937
937 -2.4524414305820175 2.5612168716284054 6.3140585271217606 171 144 104 0.18381067874962242 16 1871 15 1850 17 1868 18 1758 14 2106 13 1868 11 1892 12 2009 10 2026
1310 1.8909173112021533 -0.36789664280687218 8.4219636872340207 19 26 34 0.6813797147560442 15 1377 17 1173 18 1059 14 1636 20 201 22 618 24 934 23 756
6022 -0.3522903906990234 -0.77003700968331901 9.1982882788861318 133 131 136 0.35263355624691139 33 1216 34 1099 35 1499 36 1486
935 -2.2980560402840022 2.5541721120126253 6.295965062749036 175 138 92 0.3261930385697468 16 1870 15 1847 17 1870 18 1760 14 2104 13 1866 11 1890 12 2007 10 2020 8 1986 9 1944 7 1763 6 1698 5 1509 4 1376 2 1424
1308 -1.0455009616743105 -0.68053720797257766 8.5506529994405032 133 162 194 0.38511546238511102 15 1161 16 1146 17 1159 18 1048 20 972 11 1423 12 1518 7 1373 19 797
6021 1.1128419116228163 0.74985224852081545 7.4605911013660302 166 170 173 0.71196571908904271 33 1208 36 1476
934 -2.2981809108324209 2.5545448677527505 6.2994426574936826 175 138 92 0.27357146477112254 16 1869 15 1846 17 1871 18 1761 14 2103 13 1865 11 1889 12 2006 10 2019 8 1985 9 1943 7 1762 6 1697 19 1433 5 1508
1307 -0.85419765594340724 -0.79157666233200552 8.3625699579733617 128 129 131 0.76461164917874813 15 1146 17 1152 18 1040
1306 -0.80229747642730387 -1.0377669724934626 9.320980435003376 96 95 93 1.2183101955707818 8 1281 17 1141 18 726 14 1337 20 692 13 802 11 1145 9 1195 7 736 6 1074 1 428 24 578 23 688 26 462 27 401
6019 3.0759768482041294 0.31311638192033331 7.3681358137617305 50 53 45 0.58500271269948545 33 998 34 857 36 1275
932 -2.1428443356769167 2.5535159249665549 6.3145209355521104 182 149 108 0.40305968511132551 16 1868 15 1844 17 1873 18 1757 14 2095 13 1859 11 1884 12 2001 10 2016 8 1977 9 1940 7 1758 6 1685 19 1431 20 1641 21 1726 5 1500 3 1373 4 1370 2 1414 1 1101
1305 -0.38242406556082442 -1.4245385230348382 9.8625881483600573 44 57 70 0.51366892732969727 15 1352 17 1131 18 1254 20 945 22 864 23 1255
1303 -0.37325841106451474 -2.821777623813813 9.5763648676851272 19 36 46 0.25027599753445312 15 776 17 1118 18 1011
6016 0.70732550072997113 1.0371845691853161 6.4974078340972401 107 111 122 0.12645379164593462 31 1041 33 679 35 1091 36 1115
929 -1.9858763462744053 2.5428571983749024 6.315473327081385 175 142 99 0.5296638371519482 16 1863 15 1840 17 1866 18 1752 14 2092 20 1643 13 1853 11 1879 12 1999 10 2012 9 1934 7 1754 8 1969 6 1679 19 1428 21 1728 22 1457 5 1491 4 1361 3 1367 2 1408 1 1097
1302 -0.63180175560749841 -3.1446173408050102 9.0189808831052876 29 48 71 0.36570756246888747 15 755 17 1106 18 664 14 864 20 73 10 837 6 52 21 689 22 834 3 33 28 678 30 584
6015 -0.06275642606243792 -0.98827240194100752 9.3456074714345494 28 27 32 0.21544518194205373 33 783 34 809 36 1056
928 -1.9073600174613747 2.5474550337856177 6.338995699597084 30 5 0 0.1999643903014208 16 1866 15 1839 17 1867 18 1753 14 2091 11 1878 13 1856 12 1996 10 2008 8 1968 9 1933 7 1753 6 1676 19 1429 5 1488 3 1363 4 1359 2 1405 1 1094
1301 -0.50136451567174467 -3.2390726249898556 9.0381607863009155 36 39 48 0.48634738243111181 8 1241 17 1102 20 913 10 1243 6 657 21 63 22 831 3 30 2 530 24 859 26 682
6013 1.0465253159025014 -2.896239840752536 6.6825735992205431 133 128 132 0.072828185537446535 30 559 35 984 36 1004
1299 -0.80541240675406656 -3.5473249789812731 8.2339386799564114 44 34 38 1.0201849084171144 8 1521 17 1082 13 1107 12 1185 11 722 9 1459 6 14 6 1288 5 1115 3 1024 2 1056
6012 1.9180381264888045 0.96394640465461479 6.8327585543278087 140 126 139 0.24960688354541727 33 700 34 575 36 941
1298 -0.77520107122867377 -3.6795937807063126 8.1288313079773538 146 133 111 0.56302018171585866 15 731 17 1081 20 894 13 716 10 1220 8 1216 9 696 7 1013 24 839 23 608
6011 2.1197458127075115 -0.74823779126435608 8.2805889415013514 28 59 64 0.53809903289839867 33 809 35 838 36 868
924 -1.663742283548113 2.536375128851303 6.3400570357801387 184 139 87 0.22896930783316777 16 1860 15 1835 17 1864 18 1750 14 2087 13 1848 11 1872 12 1992 10 2002 9 1923 19 1423 20 1646 21 1731 22 1461
1297 -0.59697675678626549 3.2203729180390495 4.9090895802502308 123 106 92 0.30671364913364485 16 1048 17 1060 18 956 15 1062 20 1103 19 927 21 1198 22 1023
6010 1.0682430323956673 -0.66858768159781146 9.0342186913210103 124 105 107 0.67788559895564138 33 805 36 865 34 818
923 -1.6638265071157812 2.5365306488508379 6.340768379309349 184 139 87 0.23711568501238464 16 1859 15 1834 17 1863 18 1749 14 2086 20 1647 13 1847 11 1871 12 1991 10 2001 19 1422 22 1462 21 1732
1296 -2.2195751164201427 3.1560075609844831 5.029236108656673 55 44 38 0.24997988266768248 15 1289 17 1052 18 950
6008 -1.3435035992787969 -0.30294826805753933 7.6708322458228801 184 187 192 0.9858470520883561 33 600 35 1028 36 823
921 -1.5074864282717548 2.522016628708899 6.3438603255236083 187 154 113 0.44353870105524729 16 1856 15 1832 17 1859 18 1745 14 2083 13 1844 8 1957 11 1867 12 1988 10 1999 9 1918 7 1743 6 1663 19 1420 5 1473 3 1354 4 1349 2 1395 1 1085
1294 -0.95986113500254133 3.1206922701471203 5.1508766038829767 48 26 20 0.29082535099202822 15 1037 17 1044 19 735
6006 0.16778714365710823 -2.6937701120592048 8.4309369742141449 115 124 117 0.26909436997643704 33 561 34 461 35 490 36 792
919 -1.346286831683942 2.5146246864897943 6.3677398973785309 181 142 92 0.21962352090526177 16 1855 15 1830 17 1857 18 1744 14 2080 13 1841 11 1866 12 1986 10 1997 9 1916 19 1419
1292 -1.4260788187530471 3.0178160066600324 5.4677096784453667 33 10 2 0.32740949452292817 15 1013 17 1035 18 512 14 1169 13 1022 11 1019 12 1091 10 1148 9 1066 7 956 8 1131 6 981 19 720 21 516 5 802
6005 3.9214759403023014 0.7858054382019507 6.5748580675292567 28 31 24 0.24454687079346404 34 203 35 754 36 771
918 -1.3457331395085994 2.5158957781875264 6.3740142480412132 181 142 92 0.29227814825834209 16 1854 15 1829 17 1858 18 1743 14 2079 20 1631 13 1840 11 1865 12 1985 10 1996 19 1418 21 1736 22 1464
1291 -1.2423417552562468 2.9805400934092234 5.4827513891568023 34 15 5 0.19372816453532396 15 1009 16 1010 17 1034 18 915 20 834
6004 2.072468557237134 0.87662192376917081 7.0871426014882992 26 34 45 0.52786254724164372 31 351 33 192 36 697
917 -1.1953042631032829 2.5114316519003221 6.3870568696468979 174 131 86 0.24102403850407902 16 1853 15 1828 17 1856 18 1742 20 1637 11 1862 12 1984 19 1417 21 1737 22 1465
1290 -0.91168749216882028 2.9645419421059329 5.489414501426924 36 17 10 0.020278187061234493 15 1006 17 1032 18 913
6003 -0.52059236519015806 0.73177805150328079 7.1695038353800093 58 63 74 0.066760317475249395 32 348 35 592 36 617
916 -1.1943600536822867 2.5087893382528765 6.3713268869856545 174 131 86 0.45092172976099537 16 1852 15 1827 17 1855 18 1741 20 1636 11 1861 12 1983 10 1787 9 1720 7 1563 6 1533 19 1416 21 1738 22 1466
1289 -0.6293706535025001 2.9591332747892687 5.522577414292968 50 29 12 0.47664350826106339 15 1002 17 1029 18 912 14 1151 12 1072 19 715 24 428 23 513
6002 0.088597154995835314 -0.70397543524170503 9.0760342175196218 68 70 82 0.30398192012004616 33 67 35 538 36 561
915 -1.0765457589159406 2.4157418209373867 6.4866109375449925 16 15 11 0.42634169403659589 16 1850 15 1826 17 1851 14 2075 13 2106 12 1980 8 1951
1288 -1.1024736841736047 2.7793437974364257 5.9334603506872847 45 25 18 0.11761257644304096 15 498 17 1016
6001 0.23293734017962386 -2.7488657526189009 8.3749711851723561 97 100 95 0.86793114387203596 33 558 36 516 34 457
1287 -2.421393192740513 2.7600179357298709 5.9620493015617324 37 17 10 0.40043769849461275 16 988 17 1012 18 889 13 1322 14 1487 11 1279 12 1384 10 1432 8 1668 9 1348 7 1215 6 1423
6000 3.7497269721524362 0.72467309044944106 6.6129705125773519 73 77 70 0.4697467952012751 33 271 34 194 36 409
913 1.1921748635446572 1.0285744415397706 6.7331292235040641 85 59 68 0.57858555574778847 16 1841 15 1821 17 1847 18 1727 14 2069 20 1623 19 1407 21 1715 22 1443 24 1485 23 1598 25 1159 26 1266 27 1032 28 1040 29 380
1286 -0.96644737551486581 2.7101534127630278 6.1344639669143826 39 19 12 0.18883146113836363 15 972 17 1005 18 883 19 685
5998 2.0840720897823855 1.1399909312088026 6.4694251544522716 70 42 31 0.18976755063936213 30 313 35 318 36 338
911 1.2285810084140598 0.91636435471564659 7.0062189132045143 51 57 69 0.50379859410454764 16 1560 15 1819 17 1845 18 1725 14 2067 20 1620 19 1404 21 1711 22 1268 24 1479 23 1476 25 1155 26 1263 27 1030
1284 -1.337133612730224 2.6757809736676625 6.1071142061082151 66 46 37 0.18894886688881152 15 967 16 976 17 1003 18 880 14 1480 20 818 11 953 12 1001 13 967
5997 1.7648184547574397 1.2406951693153356 6.2519984377341764 42 45 54 0.26323906132130531 33 220 34 151 36 309
910 1.4178909493763654 0.88180047091358382 7.0782024185734773 165 177 186 0.36462490385948526 16 1839 15 1818 18 1724 14 2065 20 1618 19 1402
1283 -1.5146704677214538 2.6031546236592287 6.2225516095535784 67 46 37 0.1916008510151678 16 966 17 996 18 873 14 1078 11 1256 19 676
5996 1.962227564325862 0.88370531596535107 6.8568158269524826 140 129 143 0.3827758780031999 28 222 36 279
909 -0.96841346558153363 0.1721178565343236 7.7662061757353422 147 151 162 0.5201641300325468 16 1836 15 1817 17 1841 18 1719 14 2063 20 1613 21 1707 22 1433 24 1475 23 1587
1282 -1.4759533301350605 2.5635361164944643 6.3392398316692526 67 37 18 0.29027111496367247 16 462 17 993 14 469 20 354 13 410 22 304
5995 1.1975654144646981 1.1345435428706852 6.5148896579731286 124 95 87 0.47963444159253249 31 336 35 234 36 245
908 1.911754315197125 0.19231849604622886 8.5146298527354922 118 123 127 0.50475135419445827 16 1837 15 1816 17 1843 18 1722 20 1614 19 1398 21 1710 22 1436 24 1348 23 1465 25 1151 26 1179 27 1026
1281 -1.3419425501481315 2.1573530298574042 6.4398673998944513 23 26 33 0.16389273555895997 16 943 17 975 18 853 19 868
5994 1.3260138358604441 0.91157892604026713 6.9655109332473195 31 34 46 0.11446280387906678 33 171 36 236
907 1.2960688113989254 0.12944537355322661 8.4454933592705412 64 46 52 0.25448148537545506 16 1835 15 1815 17 1842 18 1720 20 1768 19 1397
1280 -1.3547911665952541 2.0924966366864362 6.635885594086993 66 67 71 0.70217920316819926 15 928 17 970 14 1048 8 353 13 366 11 358 12 256 9 308 6 318 3 308 2 335
5993 0.81085418240548723 0.78282687779883986 7.0439846839313445 57 61 70 0.079888793919580078 34 94 36 223 33 160
906 1.596152984152349 -0.065387770597703343 8.9328026101269327 35 27 27 0.89760683510897399 16 1832 15 1812 17 1840 18 1716 14 2059 20 1763 12 1716 13 2098 11 2128 10 1973 19 1569 21 1845 24 1565 23 1680 25 1223 26 1331 27 1105
1279 1.3013694992079889 1.1837767959958669 6.4040639268609993 61 51 54 0.55400395311037332 16 928 17 951 20 1035 21 852 23 817 27 205 28 231 30 498
5992 -5.77119838156489 2.8496447284296842 11.695949313496001 43 47 54 2.2761914208857297 34 86 35 186 36 199
905 -1.0406656462688586 -0.091796114703460607 8.1232298019221911 75 79 90 0.62486301440555603 16 1829 15 1810 17 1838 18 1710 14 2058 20 1607 13 1828 8 1763 11 1845 12 1966 10 1975 9 1899 7 1730 6 1512 19 1393 21 1703 22 1429 5 1346 4 1074 3 891 2 1115
1278 0.85217695768422763 1.1694980368438603 6.3451027375951297 166 180 181 0.21704214517678028 15 374 17 950 14 384 24 281 23 339
5991 0.22116129268223028 0.72314297840070885 7.2416998867028113 63 67 76 0.016580825984242199 33 140 36 188
904 -1.0397919326784908 -0.29438065132000568 8.1174557090401791 56 64 77 1.9828237233500567 16 1826 15 1808 17 1569 18 1708 14 2293 20 1190 15 1380 13 1196 13 2094 11 1842 8 1935 12 2234 10 1313 10 1970 9 828 7 1724 6 201 6 1889 7 205 8 227 19 805 19 1390 21 1270 22 1251 5 1450 6 1646 3 1246 4 1329 2 1293 1 983 24 1145 23 1269
1277 0.76000440220863841 1.0545729907169665 6.5362788859230632 34 53 62 1.4142121315037539 16 922 17 944 18 320 11 896 19 631 21 842 22 679 25 179 24 259 26 800 27 713 28 753 31 314 29 58 30 232 34 360
5990 -0.10469669985438268 0.75102134405324594 7.121072969541868 31 33 43 0.058608359908058488 31 287 32 112 36 171
903 2.1204825284691524 -0.61365632179505702 8.392286387054213 87 87 85 0.29905712814422303 16 1824 15 1805 14 2051 19 1388
1276 0.65753548788059868 1.0126906255753227 6.4876893458551548 29 46 54 0.93050673134676642 16 920 17 942 22 927 23 1058 29 257 32 594 30 228 34 358 35 1089
5988 2.1757906487873142 -0.71993716771576721 8.1862063975219499 58 79 83 0.27972244124921009 33 95 35 103 36 128
901 -0.98633558315059189 -0.64092032909706242 8.470131480143376 131 154 168 0.28602585455774371 16 1822 15 1802 17 1833 18 1701 14 2052 19 1385
1274 1.4534460304706616 0.94910292944470942 6.8872271483103304 121 77 87 0.50709017481884555 15 357 17 933 19 628 22 242 21 287 24 252
5987 1.0973890559200168 -3.0479050897058659 6.6571128465642628 156 160 155 0.35979265204098154 34 0 36 0
900 0.48787746050214531 -0.79809764160496521 9.0408980276295363 26 49 62 1.1799069530789055 16 1546 15 1801 18 1457 20 712 11 2175
1273 1.5660799918193447 0.88213985198150191 7.0659772382086583 69 41 47 0.39760814184256787 16 912 17 928 18 818 20 767 21 1101 22 233
5986 1.6525602885766091 1.0014774984922425 6.5119934878630099 145 135 142 0.82055468616841032 35 1342 28 1195 30 1121 29 519 31 1263 32 995 33 1073 34 956 36 1266
899 1.7675010843710863 -0.92758995621595164 8.5128307388426236 179 189 193 0.44142394445816668 16 1818 15 1800 17 1832 18 1698 14 2047 20 1600 11 1834 10 1966 19 1381 22 1419
1272 0.31922261811545161 0.8596511294282686 6.8620819601481573 47 57 66 0.29088390885738513 15 885 17 925 18 815 20 765
5985 2.0130823771903605 1.1859025814323774 6.3442364410899703 161 139 123 0.90815127757057923 23 1691 24 1577 25 1236 26 1342 27 1196 28 1204 30 1127 29 528 31 1329 32 1056 33 1136 34 1016 35 1357 31 1274 33 1084 34 967 36 1355
898 -1.311379566072858 -1.4003876523307892 10.01100393578551 46 54 72 0.75226093326109766 16 1816 15 1795 17 1549 18 1694 14 2282 20 1357 13 2087 11 2113 8 2300 12 2226 10 2311 9 2245 7 2050 6 1995 19 1375 21 1451 22 1231 5 1784 3 1623 4 1615 2 1679 1 1300 24 1313 23 1433 25 1023 26 1152
1271 0.13376989084139979 0.7691522395567596 7.0599735849088026 19 28 35 0.3410501527757358 15 877 17 923 14 1008 11 874 13 876 12 925 10 985
5984 1.5915787598786943 1.1961986066248271 6.329332742695061 50 52 56 1.4560771966958717 24 710 26 825 23 1101 27 746 30 725 28 778 32 622 33 701 34 577 31 361 35 1253 24 1205 25 913 26 1048 27 900 29 387 31 1267 32 999 33 1077 34 858 36 942 36 1343
897 -0.53064964031164741 -2.3362723413983852 9.9076327474754375 96 70 78 0.37446931192216598 16 1815 15 1794 18 1693 20 1593 12 1955 10 2251 19 1374 21 1693 22 1415 2 1525 24 1453 23 1561 25 1126 26 1234 27 1082 28 1106 30 1030 29 430 31 1221
1270 -1.0061307107719852 0.30605615544420772 8.005061541602414 34 44 54 0.60087135405665704 15 855 17 913 18 793 14 974 16 319 20 755 13 251 11 857 12 894 7 233 19 601
5979 2.8117756812097685 0.60968464186857352 7.0398427232973511 60 62 59 0.35511518245945495 33 1166 34 1048 35 1455 36 1440
1265 -1.1712124710177081 -0.5887514493417938 8.4351785358598796 52 65 82 0.88130673482967237 15 825 17 881 11 831 8 894 10 928 14 1358 9 818 7 1102 6 1094 3 884 4 871
5977 -1.5452822303680005 -0.41653087254658827 7.9972153386031346 62 89 134 0.5494826016448735 33 1179 34 1062 35 1444 36 1430
890 -0.75801628482943439 -3.7088471203704874 8.1208374230353879 159 134 107 0.98160708746466774 16 1512 15 1778 20 1568 11 1556 8 1518 19 1355 24 1427 25 1102 26 1218
1263 0.90151923423584834 -0.79892158709691186 9.2453956588312494 36 54 58 1.3065945892647499 15 815 17 873 13 1438 12 74 10 913 9 801 7 1090 21 1471
5975 1.3660090907119344 -2.7141670050277482 7.5877033839735519 45 35 26 1.4662719705898251 33 1172 35 1435 36 1422
888 -2.0301120722856845 3.2054721406365192 4.99757228227877 27 14 11 0.66063112732675733 16 1790 15 1776 19 1118 17 1513 18 1415
1261 0.67991742070699057 -0.82775421766172597 9.1607859269541656 155 169 172 0.79794950175511914 15 199 17 867 18 188 11 148 21 173 22 145 24 912 23 202 26 736
5972 0.78214643159529851 -0.91602184487757266 8.8357251749318433 108 116 117 0.69129290495486906 33 1109 34 995 35 1393 36 1391
885 -0.65330394576435724 3.217382135760031 5.0065328112826091 36 7 0 0.26383663804905105 16 1786 15 1772 17 1805 19 1352
1258 -2.2016827732735811 -0.77195376400704563 8.9953264752298168 59 89 133 0.76295667693798508 15 818 17 861 18 1044 14 947 13 819 11 827 12 75 22 590 23 699
5970 -0.57644801122413725 -1.504542326536257 10.23693336203138 21 35 36 0.78335759048492559 33 1040 35 1387 36 1383
883 -2.1415870984411773 3.1450999832325137 5.1089676883336841 70 53 46 0.3533019126871611 16 1778 15 1769 17 1511 18 1660 12 1928
1256 -0.11529381182199022 -1.0397214492190776 9.5099366707695125 101 120 124 1.7191570198490589 15 183 17 847 18 160 17 170 13 135 19 58 21 144 22 125 21 146 24 118 23 172 26 79 27 85
5968 -0.69513056647121729 -2.3976283165490071 10.120410901636667 69 70 74 0.59606884302961016 33 1101 34 1030 35 1382 36 1375
881 -1.9744407988549582 3.148720039128166 5.1171262263253237 63 48 43 0.28974404536923626 16 1776 15 1766 17 1797 18 1663 12 1925 11 1809 10 1950 19 1344
1254 -0.55788030001201749 -1.2389148383280388 9.6215019748794273 40 45 75 0.92075618035847206 15 790 16 1125 17 840 18 145 14 912 20 679 13 124 11 800 12 1238 10 886 8 859 7 112 5 896 3 855 4 533
5967 1.2818639984190665 -2.2027691537521688 7.0737690324414508 63 73 72 0.49299179233756374 34 981 35 1379 33 1098 36 1424
880 -1.9744407988549582 3.148720039128166 5.1171262263253237 63 48 43 0.2897440453692362 16 1775 15 1765 17 1796 18 1662 11 1808 12 1924 10 1949 19 1343
1253 -0.83331798528457457 -1.3787907868676172 9.7532260658715497 142 131 135 0.25954293843384107 15 156 17 838 18 712 20 672 13 119
5965 0.8712246191358427 -2.7152050273266717 8.0083369414870464 140 142 139 0.45541856541337677 34 1025 35 1376 33 1148 36 1371
878 -1.7187423891271174 3.1540532552368714 5.1663548545706393 61 30 17 0.52329107179057088 16 1773 15 1761 17 1795 18 1656 14 2027 20 1559 13 1795 11 1803 12 1922 9 2147 7 1959 6 1870 19 1341 21 1414
1251 -1.4525321333312884 -2.6468281032367296 9.1593420377140262 70 53 54 1.0284972437845206 8 1262 17 825 14 895 11 781 10 1262 9 761 6 687 21 1028 22 846 5 884 4 829 1 628 24 555 23 667 25 49 26 44 26 701 27 643 28 421 30 601 29 101 31 728 32 500 33 565 34 464
5964 0.31144310057637148 -2.9072678807785515 8.1863709799797544 47 43 38 0.22090300350325176 33 1093 34 980 35 1374 36 1369
877 -1.1521019360027724 3.1031995653692421 5.1420527287912003 84 64 57 0.29691466734888056 16 1768 15 1757 17 1793 18 1653 14 2025 13 1793 11 1799 12 1920 10 2191 9 1864 19 1339 20 1556 21 1651 22 1382
1250 -1.4461388736202143 -2.9594927437357574 9.1773106680113106 48 55 48 0.42196489445359869 8 825 17 796 14 1298 20 642 13 755 11 1114 12 1211 9 742 7 1043 6 675 5 522 3 828 4 817 1 391
5954 1.9696711762311732 -0.91688904912725244 8.0808600370675769 146 147 148 0.4507238410617701 33 1055 35 1311 34 922 36 1318
867 -1.8259826914803177 3.0629710311849658 5.3728741927544936 47 9 0 0.31766438387157431 16 1752 15 1746 17 1774 18 1638 14 2010 20 1541 13 2018 11 2038 8 2150 12 1905 10 2175 9 2107 7 1926 6 1848 19 1327 21 1631
1240 -1.7278956689861942 -4.1518144330491937 8.4604656671862646 146 138 133 1.0970578840740519 15 707 17 733 18 13 20 12 16 11 17 19 12 774
5947 1.1621165579687069 -2.8277268597905927 6.9882024179995952 84 89 83 0.2209149987254273 33 898 34 767 35 1290 36 1300
860 -2.1548619225427474 3.022356124584952 5.3672431071200339 67 50 43 0.35871344043306913 16 1743 15 1738 17 1765 14 2008 11 1782 10 1930
1233 -1.3007609988001119 3.1258734287966345 5.1393897062664466 119 100 93 0.14205053626771313 16 658 17 663 18 567 19 473
5930 -1.239746500504088 -2.7541127640415723 10.239188132845049 37 42 46 0.11016258390394403 31 965 35 1186 36 1202
843 -1.6680840272097606 2.995804208960803 5.5367715380907212 38 4 0 0.37183790052495963 16 1728 15 1719 17 1752 18 1621 14 1987 20 1522 13 1759 8 1884 12 1879 9 1834 7 1887 6 1818 19 1307 21 1613 22 1360 5 1615 4 1464
1216 -1.9656553146078299 2.9172940903975562 5.7672124398932754 142 124 114 0.12053929066476811 16 555 17 554 14 653
5929 1.4821728191105263 -2.3582499521802958 7.5775367743703521 125 118 110 0.85239963886614856 34 899 35 1183 33 919 36 1199
842 -1.0100673705385503 2.9795296526080031 5.4466060952789075 85 66 59 0.40937700897790524 16 1731 15 1718 17 1756 18 1625 14 1982 20 1532 12 1877 19 1310 21 1626 22 1368 23 1524 24 1411
1215 -1.9645638559908516 2.912908442829536 5.7567502020281935 142 124 114 0.11553293745227267 16 554 17 553 14 652 20 437 21 476
5928 0.76522206516827296 -2.6201464577312201 8.0705997473119293 88 41 36 0.61365645745779407 33 914 35 1179 34 785 36 1197
841 -1.0110445959996235 2.9810236548653166 5.4502265427011798 85 66 59 0.33359592788537518 16 1730 15 1717 17 1755 18 1624 14 1981 20 1531 19 1309 21 1625 22 1367 24 1410
1214 -1.6298985218315396 2.8940531736959563 5.7533857867136966 137 117 110 0.20772979819190707 16 549 17 550 18 476 14 639 20 440 13 520 12 501
5922 1.0750641626415587 -2.9343778713178517 7.1038459568687138 86 88 81 0.60632121244316217 33 743 35 1166 36 1006
835 -2.3406023316363269 2.9135511695206699 5.6633266971613319 85 65 58 0.24563875223520334 16 1708 15 1707 17 1725 18 1600 14 1971 13 1744 11 1750 12 1860 10 1901 8 1880 9 1826 7 1664 5 1416 6 1595
1208 -0.80712908100648373 2.7710394984025282 5.9642886172528442 53 28 10 0.13547413441838368 16 508 17 508 20 411 18 444 11 439 12 399 19 316
5920 3.8596280166449994 1.0771079707707303 6.422679354455556 71 76 69 0.20414910642416287 34 879 35 1159 36 998
833 -2.1675510810205529 2.9035119956410607 5.6609389083749653 72 54 47 0.32072046459286163 16 1706 15 1704 17 1719 18 1598 14 1966 13 1740 12 1857 19 1288
1206 -0.67400677631651229 2.6995173227725648 6.1526635134536791 47 30 23 0.49364867415091285 8 1029 15 471 17 480 18 422 14 1084 20 389 13 961 11 944 12 345 10 1070 7 886 6 370 19 279 21 448 22 345 24 390 23 479 25 284 26 361 28 328
1204 -1.3052858940525534 2.6357914829301885 6.2155815029760113 38 19 13 0.2112831572305037 15 463 17 453 14 493
5915 2.0824061869424249 -0.1209436527731807 8.2857854209484536 138 142 145 0.42086935723205948 33 970 35 1084 36 1248
828 -1.5011529196780455 2.9181810366421734 5.6752181292170016 30 9 2 0.24680123142915039 16 1704 15 1699 17 1732 18 1602 14 2173 20 1505 13 1958 11 1742 12 1849 10 2110 9 2033 8 2086 7 1860 6 1787 19 1290 21 1598
1201 -1.8612802452593544 2.609766231003126 6.2498501114417957 53 29 19 0.43743314357670404 15 461 16 473 17 446 18 402
5896 -2.1204967952906273 -0.63564348776826018 8.5594568854911568 129 147 169 0.2965088000972585 33 774 34 651 35 1018 36 1041
809 -1.8600579755088811 2.8346742280724468 5.8432709264754372 85 62 56 0.21563566398629072 16 1674 15 1672 17 1475 14 1939 12 1830 21 1388
1182 -1.6369965596396652 1.2946687218073425 6.6118530330014842 65 64 69 1.4790605918587501 15 907 17 370 18 333 14 1033 13 1260 19 177 3 932 20 291
5892 0.57731764974021205 -2.7769765634981867 8.1849501278730337 101 103 98 0.87678550642388886 33 910 34 779 35 994 36 1195
805 -1.1873240889908574 2.8446516093106613 5.8279167914949896 26 6 0 0.50239779305778776 16 1678 15 1668 17 1701 18 1580 14 2153 20 1488 13 1928 11 1950 12 2073 19 1266 21 1584 22 1339 24 1395 23 1508
1178 0.71599177737104791 1.0634647912445705 6.4974735889271384 31 50 57 0.37949009397084887 16 386 17 353 18 322 21 843 30 231
5887 3.230801974328859 0.59358973885601263 6.8115630553313533 49 50 40 0.50407698969475778 33 511 35 962 36 976
800 -2.3463437881744471 2.7588706344885252 5.9170148306123727 86 66 59 0.099981830806098793 16 1657 15 1661 18 1555
1173 -0.57347406727066907 0.82317784847851605 6.9359479431840887 117 125 136 0.28243402218087349 16 366 17 329 14 355 20 249 11 320 12 213 10 325 9 278 6 281 3 260
641 -1.2242424255777427 -0.096729089502595594 7.8258776264467302 181 180 190 0.81633200590302102 16 1374 15 1382 17 1399 18 1285 14 1374 20 1194 13 1201 8 906 11 1179 12 1522 10 952 9 833 7 773 6 218 19 1002 21 1277 22 1104 24 1151 23 1274 25 860 26 988 27 868 28 899 30 835 29 239 31 993 32 715
5728 0.64866217943635485 -2.9158147869881761 8.1137686392540793 131 133 127 0.96440016490067249 31 704 32 480 34 229
642 -2.5842566582006827 0.010152433785148324 8.8669329088145545 88 91 100 0.29888742453387102 8 1576 15 1386 17 1401 18 1287 14 1652 13 1450 11 1436 10 1600 9 1516 7 1388 6 1345 5 1175 3 1084 4 1077 2 1119
5729 1.081451536214054 -0.62233010384027221 7.7393056726855098 109 109 117 0.29198618887896521 31 777 32 547 34 271
643 -2.6753799867746948 0.045178204760263831 8.9888952406199056 169 174 180 0.50715629183796196 8 1577 16 1377 15 1389 17 1402 18 1289 14 1653 20 1201 13 1451 11 1604 12 1719 10 1601 9 1517 7 1390 6 1516 19 815 20 989 21 1076 21 1281 22 1105 5 1350 3 1086 4 1233 2 1302 24 1161 23 1032
5730 2.2036881682859106 -0.54084711015410836 8.1749939394843008 37 45 47 0.56737889336596348 32 336 34 303 36 156
644 1.9222261033163148 0.12034492115391182 8.6181596323045628 150 158 161 0.53076055521501497 16 1379 15 1390 17 911 18 1292 14 1651 20 1205 19 1003 21 1084
5731 -0.59019972544251531 0.77798174533381659 7.0767039598878414 52 59 67 0.13040505801162272 32 351 34 308 35 589 36 614
645 1.4435214952020496 0.14741132851031433 8.6784748048948455 172 167 171 0.42912184116214669 16 1381 15 1391 17 1581
5732 -0.31589328601324063 0.74404971045395241 7.1719241992931124 48 53 59 0.30726802052248137 32 361 34 322 35 607 36 629
648 -0.52197424024681238 0.61540397758772092 7.3919399309894489 22 31 40 0.38994082622404708 16 1388 15 1399 17 1407 18 1299 13 1461 11 1445 12 1539 10 1610 8 1590 9 1534 7 1399 6 1353 5 1188 3 1096 4 1091 2 1132
5735 0.54516145723892329 0.87278600701886355 6.8879935405301591 52 55 62 0.21009693460131043 32 137 34 350 36 213
649 -0.52172384158310925 0.61514748999439628 7.3921174454247884 22 31 40 0.40327963524545729 16 1387 15 1400 17 1406 18 1298 14 1664 11 1446 8 1591 12 1540 10 1611 7 1400 6 1354 5 1189 4 1092 3 1097 2 1133
5736 1.2992173184845361 0.98164125566553806 6.8453669236305306 111 66 77 0.19636526313981964 32 386 34 364 35 668 36 671
650 0.0091455647155860298 0.73624083466606283 7.1742411088487659 22 31 40 0.29895965892530374 16 1397 15 1409 17 1411 18 1303 14 1678 11 1457 12 1556
5737 1.923142590826008 0.85542409336131353 7.0795717768046975 83 83 91 0.19848890671816788 32 395 34 375 35 910 36 936
651 1.3240337948923595 0.86217321051018581 7.0893144159722947 159 164 174 0.24227014745193731 16 1401 15 1415 17 1423 18 1310 14 1687 20 1218 19 1013 21 1293 22 1115 24 1178 23 1473
5738 1.8452490287340635 0.92594650932789457 6.7122699060036197 119 102 118 0.15024047417896935 32 164 34 376 35 687 36 262
652 1.2398015499250894 0.96919629259273121 6.8765861324293462 194 158 172 0.60401135208091283 16 1402 15 1419 17 1424 18 1316 14 1690 20 1225 19 1020 21 1297 22 1118 24 1184 23 1296 25 1059 26 1016 27 1031
5739 2.1991246874938244 1.2167624578916052 6.2975880437530805 118 96 92 0.18733109083280094 31 668 34 408 35 961 36 744
653 1.2272865729842382 0.9678081321352483 6.8256110234527601 194 158 172 0.16299414981057542 16 1403 15 1420 14 1691
5740 -1.0783971336620619 -1.0565059293156387 9.8326045611448691 104 102 105 0.58233225161589752 32 707 34 476 35 797 36 819
654 1.4254844257658918 1.0551387627202948 6.6751254030123288 72 51 56 0.3148544332619807 16 1405 15 1423 17 1425 18 1324 20 1231 21 1308 22 1122 24 1196 23 1306 25 900 26 1028
5741 -1.2903174790775496 -0.51058018780984837 8.0698906530204706 66 76 88 0.43026365056998489 32 709 33 594 34 478
655 1.4408717673801759 1.0917829212853323 6.5729244794937181 175 161 163 0.4170899990512425 16 1406 15 1425 17 1428 18 1326 20 1233 21 1310 22 1126
5742 0.65486434136630278 -0.77786914888539616 9.0094629203794661 167 130 122 0.410135037428147 30 459 34 500 35 1042 36 1066
656 1.1758311280375611 1.1480642156280831 6.4263438688697203 176 147 146 0.84922543182508736 16 1408 15 1427 17 1429 14 1696 20 1235 19 850 21 1312 22 1129 24 1200 23 1310 25 905 26 1035 27 725 31 337 33 451 34 366 35 233 36 246
5743 -0.59709603660174115 0.84057235811687325 6.905539067642124 33 37 46 0.44614175455515848 30 686 32 577 34 534 36 888
660 -0.84685909130633119 2.5034377066673659 6.4483983565044563 35 9 0 0.34467104618532235 8 1787 16 1432 15 1442 17 1448 18 1354 14 1716 20 1265 13 1514 11 1495 12 1598 10 1660 9 1713 7 1553 6 1528 19 1054 21 1356 22 1159 24 1229 23 1331 25 1072 26 1070 27 924 28 1073
5747 0.41878890784602707 0.87753823277819598 6.897705829215643 42 46 51 0.4315852292549815 32 376 34 548 35 651 36 908
661 -1.5936921211097514 2.4698402629064944 6.3827375348712057 100 67 65 0.41893625643215882 16 1431 15 1443 17 1447 18 1353 14 1717 20 1261 12 1600 14 1466 19 1051 21 1351 22 1152
5748 2.8310756623479651 0.29972426154408599 7.2265341530339047 83 88 82 0.69182286248836944 32 762 34 562
662 -1.9968922705129786 2.4766922135790637 6.4108519721904385 17 18 20 0.3907099752403117 16 1433 15 1444 18 1486 17 1602 14 1862 20 1259 19 1053 21 1347
5749 2.3663203929124159 0.90900009638669221 6.9299540607978027 84 53 61 0.28443375701817553 32 633 34 588 35 935 33 228
663 -2.0745306095861529 2.4915210968496919 6.3702539102598079 81 56 50 0.11002077191669223 16 1435 15 1445 17 1271 14 1720 20 1058 19 878
5750 0.55665350339838982 -2.9083361141984909 8.1770100801148349 153 154 148 0.15017214492952022 31 943 32 680 34 631
664 -2.0723461375595118 2.4863063439985065 6.3544682494516405 81 56 50 0.21734375287093985 16 1436 15 1446 17 1272 14 1721 13 1518 11 1499 12 1601
5751 -0.20100959523883888 -1.6827139340227131 10.166420425965491 98 119 120 0.66904582918143596 31 970 33 771 34 646 35 1192 36 1039
665 -1.1689890344776068 2.5535762165765208 6.3375302907792506 61 30 10 0.26884900589608601 16 1437 15 1447 17 1277 18 1156 14 1722 20 1061 13 1519 11 1500 12 1605 10 1663 8 1647 9 1584 19 880
5752 1.9959367858999975 -0.52760889147217116 8.1435258849922754 29 26 17 0.49105631128714933 31 1146 32 883 33 814 34 683
666 -1.3250020312231872 2.5767845536714629 6.3505030175106878 57 32 19 0.34260875980024341 16 1438 15 1448 17 1449 18 1357 11 1641 12 1758 19 1060
5753 2.1900275103773157 -0.55445887132168137 8.1866688093304134 39 48 49 0.32113668687730373 32 736 33 816 34 685
667 -0.79754799246724373 2.5924834588967567 6.3178381898858555 37 8 0 0.33257955705990699 16 1439 15 1449 18 1360 13 1641 11 1640 14 1866 10 1794 19 1064 22 1162
5754 1.4353791275643775 1.1819140523259404 6.4128095992653114 118 101 103 0.40184183145667673 32 773 34 729 35 1114
668 -1.6379534182670592 2.5783993852158562 6.290698990678937 49 20 6 0.32479035558071989 16 1440 15 1451 18 1157 14 1726 20 1063 13 1523 8 1649 11 1504 12 1607 10 1667 9 1585 7 1438 6 1540 19 1063 21 1161 22 983 5 1383 3 1282 4 1269 2 1323 1 1014
5755 2.0606428361953411 -0.71200303655391095 8.2191712927022262 25 39 42 0.42020410129218383 32 880 33 954 34 823 35 1215 36 1237
669 -1.8070553755166276 2.6038868823724401 6.3073363081407159 51 24 8 0.27798829841436984 16 1441 15 1452 17 1451 18 1359 14 1729 20 1267 13 1525 12 1609 10 1668 8 1806 9 1733 7 1576 6 1542 19 1065 21 1358
5756 -1.0239687909728135 0.7136983848627223 7.3650066890417065 35 39 42 0.12839257521877251 32 884 34 825
670 -1.8980028277132304 2.5960946496549075 6.2716789594115525 86 57 53 0.10436432628129358 16 1442 17 1452 18 1361 15 1454
5757 2.2881626397424961 -0.11185898045177595 8.5433516695370155 10 19 19 0.38194111501315531 31 1033 33 972 34 837
671 -2.1276449113573421 2.6135639781300175 6.273349361657294 50 25 7 0.47737350861470923 16 1444 15 1455 17 1453 18 1363 14 1730 20 1268 13 1527 8 1809 11 1506 12 1610 10 1806 9 1735 7 1579 19 1067 21 1357 5 1385 3 1286 4 1271 2 1326 1 1107
5758 2.5299708437965673 0.81831150624018045 7.0505225434794703 158 164 164 0.6831233002392727 32 792 34 866 35 1262
673 -1.0807684391616954 2.6392639235595055 6.1788247568402115 87 62 55 0.31706939711172255 16 1604 15 1457 17 1455 18 1366 20 1272 19 1069 21 1371 22 1165 23 1339 25 940
5760 -1.1620084710221437 -2.5784386042085372 10.330290290312709 18 22 26 0.50208555774404162 32 953 34 901 31 1217 35 1012 36 1033
674 -2.2142579328177239 2.6155727044847814 6.2403299133799672 76 56 49 0.27875521344762244 16 1445 15 1459 17 1454 18 1364 14 1732 13 1528 8 1655 11 1510 12 1611 10 1671 9 1591 7 1444 6 1407 19 1068 21 1160 20 1269 5 1234 4 1138 7 1188
5761 -1.1500059323142326 -1.2757895963217614 9.5437095492258255 157 158 162 0.67841914623564947 31 971 33 1037 34 904 36 1310
675 -0.7375722322735998 2.7580553340648004 6.0348599168678732 42 13 0 0.20926543640200154 16 1449 15 1464 17 1462 19 1073 21 1386 20 1282 23 1353
5762 -0.42263531393718423 -1.1685876096925787 9.7446886854880432 55 60 63 0.5347757845279375 31 1230 32 965 34 911
676 -0.7375722322735998 2.7580553340648004 6.0348599168678732 42 13 0 0.20926543640200154 16 1450 15 1465 17 1463 19 1074 21 1387 20 1283 23 1354
5763 0.88017763237502999 -0.71695815499152171 9.2255144028405027 13 12 10 0.27050055458188044 32 980 34 925 31 1242
677 -1.2834196841980217 2.8472536454012194 5.8380272152880872 71 51 44 0.24443999197527977 16 1454 15 1466 17 1476 18 1379 19 1078
5764 2.0152542865580521 -0.59893139014614605 8.0627450818691369 126 127 126 0.41682989846700386 32 982 33 958 34 931 31 1145
678 -0.69264595528798156 2.9001867759596927 5.7395067130069561 37 9 0 0.25391911555489194 16 1459 15 1469 17 1481 18 1381 14 1743 20 1293 12 1626 21 1403 22 1190
5765 2.1333469312903128 -0.60747372514721942 8.1655899557137666 86 95 96 0.51465569589476468 31 1245 34 935 35 1326 33 1112 34 1000 36 1332
679 -0.69308152907402054 2.9001390382617918 5.7392406313408433 37 9 0 0.27928513845836977 16 1460 15 1470 17 1482 18 1382 14 1744 20 1294 12 1627 19 894 21 1404 22 1191
5766 -0.96411042445923245 0.85131296921947175 6.978061032646913 31 36 42 1.0829451954360663 31 1253 32 986 34 938 35 1400
680 -1.696111645751166 2.9157896265524776 5.6489588523733234 36 7 0 0.64847241037346681 16 1463 15 1474 14 1964 17 1730 18 1603 20 1292 13 1549 11 1522 8 1868 12 1853 10 1891 9 2044 7 1655 6 1796 19 1083 21 1172 21 1596 22 1188 5 1597 3 1448 4 1450 2 1479
5767 1.1675957837683306 -0.11537884651689551 8.8057748670768721 144 135 131 1.6245713077606032 32 987 33 1067 34 944 31 1254
681 -0.67119669378097446 2.9539708081466305 5.5793155001681365 42 13 0 0.21557944183684136 16 1466 15 1475 18 1391 14 1749 12 1638 11 1520 13 1545 10 1686 19 1088
5768 -0.90636021513082543 0.45239563369928865 7.5841433818848047 170 171 176 1.2165024408363163 31 1309 34 999 30 974
682 -0.66967924450165517 2.9700610791078135 5.6182134944303499 42 13 0 0.1621663124649195 16 1467 15 1476 18 1392 19 1089
5769 1.8468359828556089 -0.22546636493741867 8.4062710222431001 107 49 12 0.65806126445521385 32 1043 34 1001 35 1404 36 1336 35 1332
683 -2.0891923673636019 2.9455446803818157 5.6315953924225735 76 57 50 0.16450800257182041 16 1468 15 1477 17 1485 18 1386 14 1975 20 1295 13 1746 11 1752 12 1866 19 1086
5770 3.5144384529361026 0.88646405403018536 6.5454647757600055 65 66 60 0.92427585042961258 32 1096 34 1053 36 1446
684 -1.7467134058566667 2.9575582340899351 5.5976124142966128 96 63 18 0.18866732680838474 16 1471 15 1478 17 1487 18 1389 14 1753 20 1300 12 1642 19 1090 21 1174 22 1192 21 1400
5771 1.4707270180230654 -2.8909001757322454 7.3797227109957255 44 45 40 1.5853510272949101 31 1381 33 1191 34 1074 35 1459 36 1451
685 -1.7466058045731687 2.9570858425069622 5.5961009824926249 96 63 18 0.18367960445413609 16 1472 15 1479 17 1488 18 1390 14 1754 12 1643 13 1747 11 1753 10 1902 19 1091
5772 0.72665692743734234 -0.67173102573150423 9.0889164315979993 170 131 130 1.2399671262650098 31 1377 32 1103 34 1079 35 1481 36 1470
687 -1.8271971226280521 3.0073363038324445 5.5329884320351912 40 8 0 0.26823664597472696 16 1475 15 1484 17 1491 18 1393 14 1994 20 1302 13 1764 11 1765 12 1884 9 1841 19 1095 21 1407
5774 1.1966963741379515 0.17153230084752774 8.6872564096312814 81 76 74 0.23550212508762094 28 520 30 209 32 121 34 81 31 295 33 145 35 183 36 202
688 -1.8288898539714462 3.0133329902567181 5.5441112960326455 40 8 0 0.43109291068512834 16 1476 15 1485 17 1492 18 1394 14 1995 20 1303 13 1765 11 1766 12 1885 9 1842 6 1830 19 1096 21 1408 5 1619 3 1469 4 1471 2 1500
5775 1.9586836748127388 1.019614276416942 6.7331229487560442 105 95 104 0.26498155992279693 28 247 30 279 33 475 34 129 31 357 32 179 35 274 36 293
689 -1.5766101897999474 3.0085829189269977 5.4507588866507746 82 46 12 0.17086147154611767 16 1477 15 1486 17 1493 18 1395 14 1996 19 1097
5776 2.4666337380453855 1.0658286159028449 6.6317788078770699 85 71 73 0.66270468432364815 27 754 28 962 30 920 34 874 31 1079 32 807 33 890 35 1269 36 1286
690 -1.5774892447256308 3.0152376074050817 5.4630761696909982 82 46 12 0.27617942433823217 16 1478 15 1487 17 1494 18 1396 14 1997 11 1767 12 1888 13 1768 10 1919 8 1890 7 1674 19 1098 5 1420 9 1843
5777 1.8818516259261391 1.1883426922943485 6.3699061026733084 105 101 107 0.37184948183904964 31 380 32 208 34 156 30 528 33 495 35 295 36 315
691 -1.9031937722732013 3.0269565377858543 5.4381477182022211 83 47 11 0.16380144449150741 16 1483 15 1488 17 1497 18 1399 14 1761 20 1306 19 1103
5778 1.7975601832729553 1.1742742570622209 6.3487468392974771 188 186 194 1.1017400543881533 22 266 24 711 23 827 27 902 22 1446 24 1491 23 1604 25 1167 26 1190 28 1056 30 998 29 473 31 1185 32 1004 34 742 32 790 33 871 35 1125 36 1139
692 -1.9018216891717343 3.0241901998230709 5.4310480815205242 83 47 11 0.14079526243073545 16 1484 15 1489 17 1498 18 1400 20 1307 19 1104
5779 -1.744966636469004 -3.8636536922157965 8.7168462363857877 119 117 120 0.39820758321582811 33 283 35 4 36 503
694 -1.7377368493783951 3.0870171935306399 5.3023052410199307 61 32 5 0.18351937422291745 16 1489 15 1497 17 1503 18 1404 14 2020 12 1916
5781 -1.3355044748339218 -0.1111492133167909 7.8550562766337437 122 121 127 0.3170001098032727 34 259 35 57 36 85
696 -2.2188564739486742 3.1022546960468977 5.307907675567872 31 12 6 0.21669480733345009 16 1262 15 1499 14 1769 18 1180
5783 -0.50174182692634783 0.61133738088273293 7.4164167705763653 27 34 42 0.1042296597453204 31 268 35 117 36 138
697 -1.053279312939094 3.1056619648640185 5.1584061884819503 42 22 15 0.35621852379082952 16 1494 15 1500 18 1410 13 1791 11 1534 19 1114 20 1317
5784 1.826352583048731 -0.4705325985119494 8.3487646198639389 79 76 67 0.70812893629148521 34 527 35 120 33 644 36 613
699 -0.91429643349991374 -4.0516490841740174 7.9797767274627729 184 133 144 0.44903550263375208 16 1503 15 1512 17 1319 18 1420 14 1777 20 1327 19 1119 21 1207 22 1203 24 1277 23 1394 25 984
5786 0.067578943555477555 0.80565144645658004 6.9922270413565455 26 33 39 0.36500798482455954 33 137 35 167 36 640
700 -1.034752878993431 -4.1278874019817735 8.1421465533932942 181 138 148 0.37580465917856776 16 1504 15 1513 17 1517 18 1419 14 1778 20 1326 21 1421 22 1202 23 1395
5787 0.83296679667870432 0.64958407739827351 7.3402657621233605 54 57 65 0.12339426488418517 33 149 35 194 36 209 34 89
701 -0.84311048286162094 -4.0253926127371891 8.0051970811006452 135 88 93 0.23022630440326242 16 1506 15 1514 17 1519 14 1780 21 1423
5788 0.54669304243939487 0.8716794438524843 6.8850750172390827 53 58 64 0.04823657236133308 32 136 35 200 36 212
702 -0.84405881566439556 -4.0142471648858837 7.9879802507207094 135 88 93 0.32675764348823955 16 1507 15 1515 17 1520 18 1423 14 1781 20 1328 19 1122 21 1424 22 1204 24 1068 23 1189 25 773
5789 0.70377759752631397 0.89576689049682767 6.7622731446859126 63 67 76 0.20004129789676175 33 161 35 211 34 98
703 -1.1076673620418671 -3.7367040443406063 8.2954318243571468 61 71 100 0.53125138163481478 16 1310 15 1522 10 1725 6 1471 28 827
5790 0.81429235650552834 0.86679803408303113 6.8330659218274841 54 60 68 0.21514097078614902 34 100 35 215 36 228
704 -0.36772667649346019 -3.4316004453498032 8.9327951479936551 121 121 124 0.33919583547123494 8 1722 15 1527 17 1536 18 1434 14 1795 20 1341 13 1578 11 1565 12 1679 10 1730 9 1649 7 1501 6 1476 19 1129 21 1437 22 1212 5 1303 3 1200 4 1195 2 1250 1 943 24 1298 23 1414 25 1000 26 1130
5791 1.8813676019579559 0.44878958846420397 6.0921721584649928 24 29 35 1.5510918743006368 33 164 35 218
705 -1.2418078660038259 -2.6570050796062206 9.1986475409097412 37 36 42 0.56136310110537535 8 1731 15 1531 17 1359 14 1804 13 1585 11 1575 12 1685 10 1738 9 1658 7 1507 6 1483 19 967 22 1068 5 1312 3 1214 4 1202 2 1264 1 952 24 1113 25 1017
5792 1.3088793756605761 0.98215757250497837 6.8041471845138748 151 105 116 0.099184446014295505 34 113 35 229
706 -1.7561512431479951 -2.5162575390455233 9.5139490035481309 75 82 92 1.321773441634442 16 1335 15 1533 17 1547 18 1247 14 1599 11 1578 9 1660 19 972 24 1115
5793 2.0067057632358054 0.89334425279201868 6.9737912796711798 74 72 83 0.23007357216022475 33 191 35 260 36 691
707 -1.2733600641733678 -2.7272112992707287 10.281495411182028 67 74 84 1.2595121055795115 8 1928 16 1336 15 1534 17 1362 18 1248 14 1806 20 1159 13 1818 11 1579 12 1952 10 1963 9 1484 7 1510 6 1486 19 1372 21 1450 22 1228 5 1437 3 1324 4 1318 2 1358 1 1054 24 1450 23 1430 25 1124 26 1232 27 1080 28 1005 30 1028 31 966 33 1034 34 984 35 1187 36 1203 34 641
5794 2.0173997302470554 0.98637037196654476 6.4773046469785003 140 126 139 1.0102742807799674 33 473 34 127 35 273 36 701
708 1.1260054926631162 -1.2317664297522026 8.5049093920476011 167 168 173 0.65954551914319115 16 1530 15 1536 17 1550 18 1442 14 1808 20 1356 13 1592 12 1956 9 1665 7 1517 11 1406 19 1143 21 1453 22 1416 24 1315 23 1438 25 1027 26 1237 27 1001 28 1013
5795 2.1108307746620874 0.97152642933685496 6.6651427115300157 99 79 90 0.20399393716748859 33 206 34 139 35 282
709 -0.28656451733444421 -1.4253856258978894 10.047863143993409 13 36 44 0.32423667917347287 8 1742 16 1531 15 1538 17 1551 18 1443 14 1809 20 1358 13 1593 11 1580 12 1692 10 1741 9 1668 7 1520 6 1493 19 1144 21 1452 22 1232 5 1323 3 1326 4 1211 2 1361 1 1056 24 1314 23 1434 25 1024 26 1153 27 998 28 1111 30 1037 29 434
5796 2.0305532084726376 1.0321209610316306 6.6636741427306898 100 83 91 0.28569173941561193 33 208 34 141 35 287 36 304
710 -0.20224635842680172 -1.3397199118474261 10.106592691247993 158 171 177 0.89480098504619698 8 1745 16 1533 15 1539 17 1554 18 1447 14 1811 20 1359 13 1596 11 1583 12 1958 10 1743 9 1671 7 1522 6 1495 21 1457 22 1236 5 1327 3 1225 4 1321 2 1363 1 1057 24 1319 23 1566 26 1238 27 1170 28 1166 30 1098 29 492
5797 1.8894535452762935 1.1236624972586116 6.5429086749317946 62 49 66 0.73129307838735302 32 198 35 288 36 302
711 -0.2033194784354993 -1.340420523033532 10.115496431759322 158 171 177 0.83949978729802666 8 1746 16 1534 15 1540 17 1555 18 1448 14 1812 20 1360 13 1597 11 1584 12 1959 10 1744 9 1672 7 1523 6 1496 19 1376 21 1458 22 1237 5 1328 4 1322 24 1320 23 1567 25 1130 26 1239 27 1171 28 1167 30 1099 29 493
5798 1.7846757846674568 1.2159579809447325 6.3090364899370712 94 94 102 0.17419659053830469 33 216 34 148 35 291 36 305
712 -0.077781251671592555 -1.3031886488849138 9.9949221330310767 159 178 184 0.28621691364525265 8 1747 16 1535 15 1541 17 1556 18 1696 14 1813 14 2044 20 1361 13 1598 11 1585 10 1745 9 1673 7 1524 6 1638 9 1886 21 1459 5 1330 3 1327 4 1323 2 1364 1 1058
5799 3.3333323987305516 0.31783135016376407 7.3632099221890748 77 78 70 0.068590300769464402 33 494 35 301 36 334
713 -0.50594883513623456 -1.2202432072463245 9.5880043432239717 140 146 158 0.77663417038201865 16 1536 15 1542 17 1557 18 1449 14 1814 13 1599 11 1586 12 1697 19 1146 29 228
5800 1.9180529270890854 1.1875297944228458 6.4221255388528737 61 46 49 0.11679176401858381 33 231 35 302 36 320
714 1.7255615403337012 -1.0151418271737409 8.5798663797282497 35 58 72 0.52955617256680099 16 1349 15 1544 17 1376 18 1451 14 1609 20 1173 13 1603 11 1587 10 1746 19 1148 21 1262 22 1078 24 1137 25 844 26 969 27 677
5801 3.1618075277398168 0.4338095666523808 7.1552574647899263 71 72 65 0.21693320834048702 33 225 35 304 36 333
715 1.8612114909014577 -1.0217598491242477 8.577710204928426 52 79 88 0.52273700707693138 16 1539 15 1545 17 1564 18 1452 14 1815 20 1367 11 1588 10 1747 19 1149 21 1464 22 1244
5802 2.9511618942974835 0.57275471051462334 6.9668368949907808 93 95 92 0.1679798002194004 34 158 35 306 36 330
716 1.8418049935473082 -1.0129952359569945 8.51943303253843 52 79 88 0.85989640351506136 16 1540 15 1546 17 1565 18 1453 14 1816 20 1368 11 1589 10 1748 19 1150 21 1465 22 1245 24 1460
5803 2.9511618942974835 0.57275471051462334 6.9668368949907808 93 95 92 0.1679798002194004 34 159 35 307 36 331
717 -0.13267509640375075 -1.2106859507677528 9.9098329538881238 91 112 117 0.68627513389022854 16 1348 15 1547 17 1372 18 1260 14 1819 20 1171 13 1604 11 1590 12 1699 10 1751 9 1675 19 983
5804 3.2749414640113903 0.51380344617110796 7.1233816229844837 75 75 65 0.32239884056394386 33 508 34 407 35 338 36 745
718 -2.0293182764707125 -0.88058856843946187 8.9768466392475972 87 90 97 0.7209132606940496 16 1544 15 1551 17 1831 18 1454 14 1622 11 1835 19 1382 21 1462 22 1242 23 1441 25 1030 26 1157 27 1002
5805 3.2158318214880111 0.56075845033210303 6.9694136537456712 78 79 71 0.71183949953261905 33 248 34 180 35 339 36 365
719 0.62907201924881451 -0.84988934120677151 9.0999207001732483 165 163 168 0.74301242685549085 16 1545 15 1552 17 1567 18 1700 14 1825 20 1371 13 1609 11 1593 12 1704 10 1753 9 1680 7 1529 21 1698 22 1420 23 1574
5806 2.2378289934912998 1.1723213039818843 6.4202146092385872 123 98 91 0.26068685677340647 32 237 35 340 36 358
720 -1.8809368402188422 -0.7752352645463727 8.8414212059459025 28 45 70 0.20451296060819255 8 1757 15 1553 11 1594 12 1705 9 1889 6 1641 5 1443 3 1331 4 1325 2 1367 1 1061
5807 2.3765377434013231 1.1249535460354818 6.6534421040029317 77 64 72 0.46174876516770391 33 259 35 349 36 371
721 1.9885951151932306 -0.35467596871554585 8.3631519538284209 20 30 35 0.69154824439722928 16 1368 15 1555 17 1570 18 1465 14 1833 20 1372 19 1170 21 1278 24 1342 23 1458 25 869 26 998
5808 3.6142113564890406 0.82109081825643071 6.5358559473400737 88 89 80 0.22746926477059604 34 421 35 381 36 407
722 -2.7651818898073586 -0.29015304300213823 8.8772129387558962 118 121 128 1.3273312100937242 8 1762 15 1557 17 1394 18 1464 20 1191 13 1615 11 1597 12 1714 9 1685 6 1509 19 1172 21 1067 22 1098 21 1271 5 1451 3 1334 23 1018 25 102 26 740 27 431 28 725
5809 3.948435958783644 0.85202056538899429 6.4131461925154261 71 72 66 0.27910812377307687 34 207 35 423 36 449
723 1.9152103905378408 -0.18086372445098792 8.2985621963843901 123 131 134 0.80100329198254561 16 1552 15 1558 17 1573 18 1467 14 1835 20 1375 19 1392 21 1282 22 1260 24 1167 25 875
5810 1.1097154537798586 -2.8885787341187141 7.0246329077369323 42 47 41 0.21836709068103743 33 288 34 222 35 470 36 505
724 -1.141816865592344 -0.017764087728058764 8.0065102278531253 177 183 192 0.6970521982316612 16 1831 15 1561 17 1577 18 1714 14 1837 8 1765 20 1609 13 1618 11 1602 12 1718 10 1758 9 1690 7 1531 6 1514 22 1431
5811 0.16425736768939336 -3.1775743470303452 8.3712756854840613 80 43 46 0.20914736295827563 34 10 35 476 36 511
725 -2.7111471010211186 -0.023821223791274368 9.0644400955210713 71 78 86 0.65877539565528509 16 1553 15 1563 17 1575 18 1468 14 2061 20 1198 13 1831 11 1848 12 1968 10 1978 9 2184 7 1997 6 1895 19 1173 21 1280 24 1155 23 1029 25 650 26 758 27 122
5812 0.20740979216231958 -2.831095185137035 8.3615452275336892 99 98 93 0.23493072679848429 33 303 34 232 35 487 36 515
726 1.3244625725440646 1.038346973810339 6.7084359890863183 103 64 69 0.35693352593568384 16 1561 15 1569 17 1585 18 1473 14 1842 20 1382 19 1179 21 1491 22 1272 23 1482 24 1360
5813 0.25220955310221316 -2.8021572528557503 8.356354129880609 84 85 79 0.35424763954278427 33 305 34 233 35 488 36 30
727 1.4805309849540316 1.1606929603177019 6.4387305132285695 151 132 128 0.57184107252104355 16 1562 15 1571 17 1588 20 1384 21 1493 22 1274 24 1366 23 1485 25 1064 26 1189 27 1039 28 1128
5814 0.25032952876693115 -2.7141364961524062 8.4038053440935006 87 88 80 0.42061190181258418 33 560 34 237 35 489 36 518
728 -1.4344597635579137 1.8705677360848738 6.5151693642725377 17 17 25 0.73887788872528615 16 1844 15 1574 17 1848 18 1730 19 1410
5815 1.3085313854799017 -2.1067162609359 7.0335632509673216 79 88 82 0.3752828970594797 33 32 34 245 35 500 36 529
729 -1.3750452938774553 2.0655790148680429 6.6057580241949312 59 60 64 0.5997284738765406 16 1847 15 1576 17 1849 18 1732 14 1855 13 1629 11 1625 12 1738 10 1776 9 1579 19 1411 4 1253
5816 -0.66614085802389233 -1.1675385964769949 9.7122605776282587 34 43 49 0.50511694569329479 33 339 34 27 35 514 36 73
730 -1.5116076384457404 2.4508423610064973 6.4358628456423039 19 17 12 0.22882114942201914 16 1570 15 1578 17 1599 14 1857
5817 -0.81633821766697956 -1.0529235703938733 9.6630878697431086 68 71 76 0.65703102513117206 34 252 35 516 36 541
731 -0.91723725235977693 2.5004095275125242 6.4195182081675499 174 135 93 0.70056005701100998 16 1851 15 1580 17 1853 18 1739 14 1858 20 1633 13 1632 8 1789 11 1630 12 1746 10 1780 9 1715 7 1555 6 1530 19 1414 21 1740 22 1468 5 1368 24 1501 23 1617 25 1177 26 1283 27 1131 28 1072
5818 -0.81633821766697956 -1.0529235703938733 9.6630878697431086 68 71 76 0.65703102513117206 34 253 35 517 36 542
732 -1.0506062978990833 2.5044237608442992 6.4014718063801705 174 141 106 0.48182438857105092 16 1572 15 1583 17 1854 18 1740 14 1859 20 1632 13 1634 11 1632 12 1749 10 1783 8 1791 9 1717 7 1559 19 1415 21 1739 22 1467 5 1369 24 1500 23 1616 25 1175 26 1282 27 1048 29 400
5819 -0.98495002126321629 -0.93804441336957456 9.5764319237970437 91 86 81 1.0618416314914367 33 347 34 31 35 519 36 77 36 544
733 -1.1298685613128863 2.516162190990995 6.4183124055319816 36 9 0 0.26941287194658592 16 1573 15 1584 17 1603 18 1487 20 1390 11 1633 12 1750 10 1785 19 1189 21 1515 22 1290 24 1227 23 1330 25 932 26 1069
5820 0.015155586932898535 -0.70155631303240928 7.9556576977335522 63 74 87 1.7848215994965482 33 55 34 32 35 524 36 551 35 523
734 -1.1300827291259732 2.5161814745958631 6.4189995618031972 36 9 0 0.27465828237730544 16 1574 15 1585 17 1604 18 1488 14 1719 20 1391 13 1517 11 1634 12 1751 10 1786 19 1190 21 1516 22 1291 24 1226 23 1329 25 931 26 1068 27 761
5821 0.42521262095996148 -0.78746058191016022 8.9367768379424515 32 60 84 0.32493879531707781 33 361 34 265 35 536 36 563
735 -1.2756714547911867 2.5218205644018163 6.3972179004268916 32 7 1 0.21068203056864612 16 1575 15 1587 17 1605 18 1489 14 1863 20 1394 13 1637 11 1635 12 1754 10 1789 19 1191 21 1514 22 1289
5822 0.67824993379293674 -0.74150282263771772 9.1204996825856526 59 99 90 0.22599595318098609 33 372 34 509 35 557 36 110
736 -1.2756714547911867 2.5218205644018163 6.3972179004268916 32 7 1 0.21068203056864612 16 1576 15 1588 17 1606 18 1490 14 1864 20 1395 13 1638 11 1636 12 1755 10 1790 19 1192 21 1513 22 1288
5823 0.58779669162776693 -0.68542000490788868 9.1395526285311242 140 99 83 0.15233331363099881 33 82 35 559 36 581
737 -1.4298075090714217 2.5287708532158519 6.3874982227887172 24 5 0 0.24539488781556723 16 1577 15 1589 17 1608 18 1491 14 2081 12 1756 11 1638 13 1639 10 1791 8 1795 9 1724 7 1566 19 1193 20 1393 21 1512 22 1285
5824 2.0171673596084032 -0.87804883076490148 8.4147800105224331 43 98 101 0.52362433387499285 33 381 35 565 34 284 36 586
738 -1.429192776663978 2.5277990800662495 6.380561550113697 24 5 0 0.34939719669773039 16 1578 15 1590 17 1607 18 1492 14 2082 20 1392 13 1640 8 1796 11 1639 12 1757 10 1792 9 1725 7 1567 6 1662 19 1194 21 1511 22 1284 5 1472 3 1353 2 1394 24 1371 23 1490
5825 -0.24413791152588915 -0.15864824909306741 9.2515716161179107 12 26 42 0.091720766409399232 34 286 35 571 36 587
739 -1.589876534592132 2.5350073886787348 6.3650757443734935 28 1 0 0.18108548924749976 16 1579 15 1591 17 1609 18 1493 14 2085 20 1397 12 1990 11 1870 13 1846 19 1195 21 1510 22 1283
5826 1.996744031531922 -0.65902065815345789 8.2808015465760079 57 68 70 0.44754335019345265 33 386 34 519 35 575
740 -1.7463772167630998 2.5485256244445069 6.3532809770902388 25 4 0 0.28022289511144693 16 1580 15 1592 17 1610 18 1494 14 1867 20 1404 11 1873 13 1849 12 1993 10 2003 9 1924 6 1670 19 1196 21 1509 22 1287 5 1481 4 1353 3 1358 1 1089
5827 -0.59346609497735181 0.65598152577312285 7.3160989361744058 27 36 43 0.38346084619424664 34 296 35 582 33 643 36 870
741 -1.7464026522214131 2.5483044331262104 6.3526147942059801 25 4 0 0.29168394790802293 16 1581 15 1593 17 1611 18 1495 14 1868 20 1403 13 1850 11 1874 12 1994 10 2004 9 1925 19 1197 21 1508 22 1286 5 1482 7 1573 8 1802 1 1090
5828 2.2433125421230948 -0.62947986365009068 8.2963751465609441 14 47 50 0.50874937722407143 33 397 35 584 34 526
742 -1.4860425060005007 2.5806669238851607 6.3068699043693393 54 23 5 0.61580455193253114 16 1588 15 1594 17 1450 18 1358 14 1869 13 1642 8 1803 11 1642 12 1759 10 1797 19 1061 21 1359 22 1292 5 1483 3 1359 4 1354 2 1401 24 1230
5829 -0.4191677627723942 0.62212467111383951 7.3416348935706077 52 59 67 0.16841820345006528 34 301 35 585 36 611
743 -1.0990138382703498 2.6020919329246071 6.2627612454959012 26 1 0 0.15460709032195402 16 1592 15 1595 17 1621 20 1410 21 1525
5830 -0.48312666968659207 0.64028059475662624 7.384727490365707 52 59 67 0.44055801114062887 33 402 34 302 35 586
744 -1.0988694059450903 2.6023513615416416 6.2604550028199464 26 1 0 0.2503777519253344 16 1593 15 1596 17 1622 18 1505 14 2094 20 1411 13 1861 11 1883 8 1962 12 2012 10 2009 9 1927 7 1749 6 1669 19 1434 21 1526 22 1470
5831 -0.6382410966596388 0.80337457032049775 6.9176959020617277 51 60 66 0.13949920526898252 33 646 35 587 36 874
745 -1.2354257050410962 2.6105820122407715 6.2639835467646003 33 6 0 0.23136181420275259 16 1594 15 1597 17 1624 18 1503 14 1870 20 1408 13 1643 9 1729 19 1203 21 1523 22 1296
5832 0.50227260547217611 0.85093986807629263 6.8325805635611561 48 53 59 0.2892561519108427 34 549 35 652 33 673
746 -1.2364216038731075 2.6132663939953225 6.2674191893340891 33 6 0 0.4436082818590979 16 1595 15 1598 17 1625 18 1504 14 1871 20 1409 13 1644 11 1643 8 1804 12 1760 10 1798 9 1730 7 1574 6 1674 19 1204 21 1524 22 1297 5 1484 3 1360 4 1355 2 1402 24 1379 23 1498
5833 0.78441342068802589 0.89628446443857779 6.7142350833433344 18 22 31 0.12893565287996242 34 99 35 658 36 663
747 -2.5421635542421392 2.5792238594143919 6.3469351994622523 20 1 0 0.060983115629628236 16 1591 15 1599 17 1616
5834 2.988264170903705 0.012787405043812067 7.1870387573205594 69 75 69 0.36901246277899996 34 553 35 664 36 921
749 -1.3912160568848777 2.613933653435244 6.2459518169940074 27 3 0 0.27309331395496955 16 1596 15 1602 17 1626 18 1506 14 1872 20 1406 13 1645 8 1971 11 1644 12 1761 10 1799 19 1206 21 1363 22 1294
5836 1.5024238273951513 1.1374396650501786 6.4633371365732435 127 106 103 0.0079170772685346943 32 405 35 688
750 -1.3916419574367977 2.6116216537854253 6.2375949679771034 27 3 0 0.35730255284619283 16 1597 15 1603 17 1627 18 1507 14 1873 20 1407 13 1646 8 1972 11 1645 12 1762 10 1800 19 1207 22 1295 24 1377 23 1496
5837 2.1238446539644866 0.8737182777456316 6.845696325927058 45 45 57 0.41450647576481742 33 193 35 695 36 289
751 -1.7197059662706589 2.6306569605262249 6.2153038358751207 26 3 0 0.22022492284490772 16 1602 15 1604 17 1628 18 1766 14 2116 20 1412 13 1878 19 1210 21 1519
5838 1.7743852968946645 1.2370178239940661 6.2729511927004493 101 104 113 0.24163021493516137 33 221 35 707 36 311
752 -1.7205328716716477 2.6316727054867961 6.220376874311448 26 3 0 0.25806701969734036 16 1603 15 1605 17 1629 18 1767 14 2117 20 1413 13 1879 11 1902 12 2022 10 2030 19 1211 21 1520
5839 2.1640133664420258 1.0265201473634673 6.7338334258236436 104 58 69 0.31003115536902554 32 426 34 396 35 711 36 722
753 -0.76766436473442834 2.6761455823304479 6.1722944094894778 44 16 5 0.29187597596907544 16 1447 15 1606 17 1460 18 1516 14 1879 20 1278 11 1649 12 1771 13 1650 10 1804 19 1220 21 1375 22 1318 24 1240 23 1343
5840 1.8838524068552376 1.1786472408237891 7.2201249874638229 43 47 59 0.75246122502403689 29 155 35 713 36 727
754 -0.76725182187724661 2.6732778277555949 6.1638343014736217 44 16 5 0.20524423418008117 16 1448 15 1607 17 1461 18 1517 14 1880 20 1279 11 1650 19 1221 21 1376 24 1241 23 1344
5841 2.1670439392028134 1.2302087243227584 6.2843476186388676 29 24 28 0.11280070636756495 32 648 35 727
756 -1.3892470211741454 2.6452879372859286 6.150125452288786 127 96 91 0.25287839700841463 16 1606 15 1609 17 1635 18 1510 14 1881 20 1419 13 1529 11 1508 12 1769 19 1213 21 1369 22 1304 23 1334 24 1380
5843 3.5388450626143571 0.75249744349184089 6.6851602525435316 77 80 73 0.12209818582891557 34 415 35 740 36 398
757 -1.3891668695024664 2.647037944285346 6.1553047303248043 127 96 91 0.16973320952436685 16 1607 15 1610 17 1636 18 1511 14 1882 20 1420 12 1770 19 1214 22 1305
5844 3.692373736107887 0.70761658957515805 6.6208010338279628 41 42 34 0.37228362465365072 34 419 35 744 36 758
759 -0.92246990075076374 2.6796781227848481 6.1353847667105832 30 3 0 0.43552746345241083 16 1614 15 1612 17 1642 18 1777 14 2118 20 1434 13 1881 11 1903 12 2026 10 2027 9 1947 8 1983 7 1770 19 1438 21 1545
5846 0.99272388669385403 -2.9607901184444003 7.0945828972560099 65 69 68 1.338950060747637 33 285 35 764 34 220
761 -1.0755627307005948 2.6933837982055429 6.1565596577624682 28 4 0 0.29038894979410862 16 1616 15 1614 17 1650 18 1520 14 1884 20 1432 11 1653 13 1656 12 1776 19 1226 21 1543 22 1316
5848 0.54044869430526543 -2.9461395625680615 7.8479086940666631 47 39 36 0.1431214117143467 34 227 35 770 36 784
762 -1.0755627307005948 2.6933837982055429 6.1565596577624682 28 4 0 0.29038894979410862 16 1617 15 1615 17 1651 18 1521 14 1885 20 1433 11 1654 13 1657 12 1777 19 1227 21 1544 22 1317
5849 0.46298071120271922 -3.0665355463726911 8.2270153776247561 129 110 111 0.25219198311598928 33 543 34 444 35 772 36 785
763 -2.2026583812862013 2.6576832584660894 6.1911364535061608 24 7 1 0.20125479954938755 16 1609 15 1616 17 1631 18 1508 14 1889 13 1890 11 1911 12 2030 10 2044 8 2012 9 1967 7 1788 19 1215 20 1417
5850 0.58069408473358808 -2.8931037211234978 8.1545917295689367 147 149 146 0.48666280070232365 33 549 34 632 35 779 36 789
764 -2.2025121216242001 2.657056329079853 6.1907153458271633 24 7 1 0.24653334809942043 16 1610 15 1617 17 1632 18 1509 14 1890 20 1418 13 1891 11 1912 12 2031 10 2045 9 1968 8 2013 7 1789 6 1721 19 1216 5 1536 3 1526 4 1402 2 1558 1 1194
5851 1.5745646101027821 -2.6202548831418349 7.4128429724392033 98 88 75 0.32733710533431642 34 633 35 781 33 753 36 790
766 -1.2255538855001094 2.6913226029650832 6.1237223367496885 29 4 0 0.31084956972127059 16 1621 15 1621 17 1649 18 1525 14 2122 13 1885 11 1657 12 2035 10 2041 9 1963 7 1785 8 2001 6 1703 19 1229 20 1431 21 1542 22 1315 5 1511
5853 -0.87761002173484126 -1.1426710719795081 9.0573966743524696 84 91 83 0.1480650127671056 33 772 35 790 36 808
767 -1.3743475233959619 2.6973015856434159 6.1105679211109249 35 7 2 0.25786394928669165 16 1624 15 1622 17 1654 18 1528 14 1891 20 1438 19 1230 21 1539 22 1312
5854 -1.0882104427680086 -0.69691116994313562 8.5990527074667877 33 46 62 0.23866036821388029 33 342 35 799 36 817
768 -1.3762829979452769 2.7022716844098498 6.1251939845475727 35 7 2 0.3626642907443916 16 1625 15 1623 17 1655 18 1529 14 1892 20 1439 13 1659 11 1658 12 1781 10 1810 9 1739 8 2009 7 1581 6 1710 19 1231 21 1540 22 1313 5 1520 4 1386
5855 -1.1375606122920994 -0.69524022242769845 8.6383971417915042 33 46 62 0.30181894302814877 34 479 35 800 36 818
769 -1.8862646714159546 2.6717100476923403 6.1069112926962781 86 58 54 0.25877838411000625 16 1618 15 1624 17 1458 18 1518 14 1894 20 1276 13 1660 11 1659 12 1779 10 1815 9 1595 19 1224 21 1365 22 1163
5856 -1.1271061801218023 -0.98741793623701446 9.702624774400185 87 86 84 0.18580220928101499 34 480 35 801 36 820
770 -1.8867052008464951 2.6724799776918253 6.1096971796758366 86 58 54 0.2553857723558205 16 1619 15 1625 17 1459 18 1519 14 1895 20 1277 13 1661 11 1660 12 1780 10 1816 19 1225 22 1164 21 1366
5857 -0.27938866248841498 -0.60217503111739312 8.5155611932419255 129 132 141 0.86670322096466501 33 58 35 810 34 258 36 1060
771 -2.0361709712086573 2.6717795342266206 6.0954748685473845 92 74 64 0.40983095025043004 16 1622 15 1626 17 1640 20 1423 13 1896 11 1665 12 1782 10 1820 8 1816 9 1747 7 1588 6 1555 21 1527
5858 -1.4999479295605802 -0.083144968749123888 8.0350227558913954 144 147 154 0.58638699191721355 33 609 34 260 35 812 36 833
773 -1.5357351296936721 2.702358497282296 6.09285265526582 33 7 2 0.30483443964187584 16 1630 15 1628 17 1656 18 1532 14 1896 20 1436 13 1662 11 1661 12 1784 10 1817 9 1744 19 1234 21 1537 22 1310
774 -1.5359356236412582 2.7028960161139928 6.0939923892088697 33 7 2 0.27650584418088131 16 1631 15 1629 17 1657 18 1533 14 1897 20 1437 13 1663 11 1662 12 1785 10 1818 8 2011 9 1745 7 1791 6 1716 19 1235 21 1538 22 1311 5 1528 3 1393 4 1396 2 1436
775 -1.0699936633940783 2.7070817537007068 6.0187129169802782 80 57 51 0.48303930782702076 16 1635 15 1630 17 1660 18 1536 14 1898 20 1444 13 1664 19 1237 22 1172
5862 0.95363721711044824 -0.78273002360267929 9.1114353772843391 92 93 97 0.58530133773801463 34 510 35 830 36 858
799 -0.71701859784474431 2.8281774224132943 5.8761270883355143 35 7 0 0.3813515984537949 16 1666 15 1658 14 1923 18 1377 17 1473 20 1477 11 1698 12 1818 10 1837 19 1260 22 1342 23 1511 24 1397 25 1082 26 1208 27 1058
831 -1.1941155316671672 2.9082378470880954 5.5599525441680759 97 73 69 0.34585676586775288 16 1712 15 1702 17 1738 18 1607 14 1963 20 1298 13 1736 11 1744 12 1855 10 1885 8 1860 9 1811 7 1645 6 1580 19 1295 21 1406 22 1352
856 -0.82472533149031246 3.0225768449043282 5.4331903460764464 27 9 0 0.31091392837229492 16 1742 15 1732 14 1991 18 1632 13 1762 12 2127 10 2133 7 1884
902 -0.98637437463580713 -0.63636163878032903 8.4328914434025979 131 154 168 0.33410560606755352 16 1823 15 1803 17 1834 18 1702 14 2053 20 1603 13 1822 19 1386
930 -1.9860771410587956 2.5425442378663825 6.3144468412682961 175 142 99 0.5324899147373231 16 1864 15 1841 17 1865 18 1751 14 2093 20 1642 13 1854 11 1880 12 2000 10 2013 9 1935 8 1970 7 1755 6 1680 19 1427 21 1727 5 1492 4 1362 3 1368 2 1409 1 1098
933 -2.1439561111878516 2.5554083684078974 6.3273422107117607 182 149 108 0.25525044252674839 16 1867 15 1845 17 1872 18 1756 14 2096 20 1640 13 1860 11 1885 12 2002 10 2017 19 1430 21 1725
945 -1.8844143383393108 2.6426255607719855 6.2135335656978361 30 9 1 0.20705944713717539 16 1875 15 1858 17 1878 14 2120 13 1880 11 1905 12 2023 10 2039 8 2003 9 1961 7 1782 6 1707 19 1437 5 1517
946 -2.355038321033907 2.6534291827869798 6.1698411526179395 27 6 1 0.32288109994953434 16 1613 15 1859 17 1881 18 1773 14 1893 13 1892 8 2019 11 1915 12 2032 10 2046 9 1969 7 1792 6 1722 5 1544 3 1406 4 1408 2 1449 1 1195
947 -0.75595002785369569 2.7099695091990728 6.07027928497667 204 166 122 0.21895437241821081 16 1878 15 1861 17 1884 18 1779 14 2123 20 1655 13 1886 11 1908 12 2038 8 1994 10 2035 9 1957 7 1778 6 1693 19 1440 21 1744 22 1475
949 -2.511997725046005 2.6669696865632195 6.1812842239602794 26 7 0 0.10797147735247208 16 1876 15 1863 17 1633
950 -2.0387140287747894 2.7293645149787187 6.0584169899445763 22 3 0 0.24843584390778631 16 1880 15 1866 17 1883 18 1781 14 2132 20 1652 13 1902 8 2035 11 1922 12 2044 10 2063 9 1985 7 1808 6 1736 19 1442 21 1534 5 1559 3 1528 4 1530 2 1564 1 1199
951 -1.0504433817455618 2.7654281678180577 5.9970784140703683 26 4 0 0.34836814754325474 16 1647 15 1868 17 1680 18 1552 14 2131 12 2048 13 1901 11 1921 10 2055 9 1972 8 2015 7 1801
952 -2.1900753648926883 2.7387417046081328 6.0488597047236725 23 6 0 0.35637787814489691 16 1641 15 1869 17 1886 18 1782 14 2136 20 1653 13 1908 11 1926 12 2049 10 2065 8 2039 9 1988 7 1810 6 1744 19 1240 5 1565
953 -2.191002321403825 2.7430551963250629 6.0572560996408837 23 6 0 0.41561382198448749 16 1642 15 1870 17 1887 18 1783 14 2137 13 1909 11 1927 12 2050 10 2066 9 1989 8 2040 7 1811 6 1745 19 1241 19 1444 5 1566 4 1533 3 1533 2 1567 1 1206
954 -2.3540435176603021 2.7432486041800734 6.045128921626949 28 8 1 0.29472657215548648 16 1643 15 1871 17 1661 18 1542 14 1919 13 1911 11 1930 12 2052 10 2070 8 2045 9 1991 7 1815 6 1751 5 1571 3 1430 4 1430 2 1467
956 -2.4923729830500636 2.715193138559802 5.9388032874035037 33 9 5 0.28229426974260985 16 1881 15 1874 18 1784
957 -1.8577106611298353 2.8014707060095247 5.9336848692545896 33 10 4 0.29193506050723839 16 1884 15 1875 17 1891 18 1789 14 2147 20 1463 13 1921 11 1941 12 2065 10 2080 8 2054 9 2005 7 1826 6 1753 19 1448 21 1553 22 1477
958 -1.8575623201894516 2.8009122993995295 5.9325186904260399 33 10 4 0.2890988174240593 16 1885 15 1876 17 1892 18 1790 14 2148 20 1464 13 1922 11 1942 12 2066 10 2081 8 2055 9 2006 7 1827 6 1754 19 1449 21 1554 22 1478 3 1537 4 1537 1 1208
959 -2.0178308011235275 2.8117601296065922 5.9374201874514423 26 5 0 0.39812527995910063 16 1886 15 1877 17 1890 18 1791 14 2151 20 1462 13 1926 11 1945 12 2067 10 2085 8 2059 9 2011 7 1833 6 1759 19 1450 5 1579 3 1546 4 1543 2 1572 1 1209
960 -1.0302219382623741 2.8396240316211205 5.8387931058040392 31 8 2 0.33647826375528095 16 1671 15 1878 17 1696 18 1794 14 2149 20 1489 13 1924 11 1943 12 2069 10 2074 8 2043 9 1995 6 1742 19 1452 21 1585 22 1491 24 1515
961 -1.0296337506416797 2.8434087738967224 5.8484850040119403 31 8 2 0.34438366749675525 16 1672 15 1879 17 1697 18 1795 14 2150 13 1925 11 1944 12 2070 10 2075 8 2044 9 1996 7 1821 6 1743 19 1453
962 -2.3412402357230877 2.8143093061936564 5.8857815161346529 25 6 0 0.30030826657938253 16 1887 15 1882 17 1896 18 1793 14 2158 13 1936 11 1954 12 2075 10 2093
963 -0.71843889168612829 2.8515640833558753 5.7650444443539914 195 165 131 0.15807876572711849 16 1888 15 1883 17 1897 18 1798 14 2154 20 1661 13 1929 11 1946 12 2076 10 2076 9 1997 7 1822 19 1454 21 1751
964 -0.7183729221773687 2.8534879789241017 5.7733215875187449 195 165 131 0.31814608711833037 16 1889 15 1884 17 1898 18 1799 14 2155 20 1662 12 2077 19 1455 21 1752 22 1497 24 1517 23 1632 25 1186 26 1293 27 1149 28 1149
965 -1.1765380194381665 2.9061984502530462 5.6889559034584805 22 2 0 0.47968598883438474 16 1701 15 1885 17 1726 18 1804 14 2164 20 1506 13 1947 11 1967 12 2096 10 2099 19 1456 21 1601 22 1501
966 -1.1753922331319591 2.9106306971867895 5.7024379803586038 22 2 0 0.40619593960746991 16 1702 15 1886 17 1727 18 1805 14 2165 13 1948 11 1968 12 2097 10 2100 19 1457
967 -2.1658307930121969 2.8881299264891185 5.7738422019582369 25 8 0 0.24036876586801231 16 1694 15 1887 17 1709 18 1800 14 2170 13 1951 11 1973 12 2094 10 2111 9 2040 8 2093 7 1863 6 1794 19 1280
968 -2.1656161094556921 2.8888591240565376 5.7760980988859396 25 8 0 0.21614333399378929 16 1695 15 1888 17 1710 14 2171 13 1952 11 1974 12 2095 10 2112 9 2041 8 2094 7 1864
969 -1.3349661261880981 2.9109638988705546 5.680728075496484 24 4 0 0.36449382684658493 16 1893 15 1890 17 1729 18 1807 14 2169 13 1954 11 1972 12 2099 10 2106 8 2079 9 2028 6 1777 19 1459 20 1665 21 1600 5 1695
971 -0.69532489723547597 2.9147662317222909 5.6227630705739413 195 164 120 0.33558196981907973 16 1895 15 1892 17 1901 18 1810 14 2167 20 1669 12 2101 19 1462 21 1757 22 1507 24 1521 23 1635 25 1188 26 1295
972 -2.3289089028856789 2.8997847719390806 5.7726611560294598 27 7 0 0.24707740914645274 16 1700 15 1893 17 1715 18 1592 14 2174 13 1959 11 1977 12 2102 10 2115 8 2099 9 2047 7 1869 6 1806 5 1612
973 -1.762251279645568 2.910342840643612 5.6411371664140209 174 137 92 0.41052097922190695 16 1896 15 1896 17 1899 18 1808 14 2175 20 1663 13 1960 11 1978 12 2107 10 2116 8 2097 9 2046 7 1870 6 1798 19 1460 21 1750 22 1495 5 1605 4 1452 3 1304 2 1480
974 -1.0105819144294006 2.9565556749420039 5.5415560221373168 28 5 0 0.3545733733190583 16 1899 15 1897 17 1905 18 1816 14 2182 20 1673 13 1967 11 1983 12 2111 10 2117 8 2089 9 2042 7 1865 6 1788 19 1466 21 1761 22 1512
975 -1.0112797440799572 2.9550353155087898 5.537704509557301 28 5 0 0.40403278549583577 16 1900 15 1898 17 1906 18 1817 14 2183 20 1674 13 1968 11 1984 12 2112 10 2118 9 2043 8 2090 7 1866 6 1789 19 1467 21 1762 22 1513 24 1525
976 -1.9935938513047216 2.9589503085697744 5.6659709427016534 26 4 0 0.47820627622239148 16 1897 15 1899 17 1902 18 1811 14 2187 20 1780 17 2017 13 1975 8 2110 11 1994 12 2110 10 2129 9 2060 7 1882 6 1811 19 1463 5 1705 3 1562 4 1566 2 1595 1 1230
977 -1.6651566296557365 2.9470210624724822 5.5858192379178568 187 151 104 0.39223604811774948 16 1898 15 1900 17 1903 18 1814 14 2186 8 2107 20 1666 13 1976 11 1993 12 2113 10 2124 9 2059 7 1877 6 1808 19 1465 21 1604 22 1349 5 1613 3 1459 4 1461 2 1487
978 -1.1725126337479932 2.9618009089713766 5.5408327454037662 29 8 0 0.26956240065391912 16 1902 15 1901 17 1907 18 1818 14 2184 19 1469
979 -1.1723653194650177 2.959005470902321 5.5334807022238577 29 8 0 0.25996317335794789 16 1903 15 1902 17 1908 18 1819 14 2185 20 1672 19 1470 21 1760 22 1511
980 -0.6822197452628449 2.9709099601874889 5.4723574388095315 203 162 115 0.1794746278323161 16 1906 15 1903 17 1912 18 1823 20 1680 13 1973 11 1989 10 2119 19 1473 21 1765
981 -0.6822715989990803 2.9705455397812464 5.4749742691594241 203 162 115 0.34273588905878594 16 1907 15 1904 17 1913 19 1474 21 1766 23 1640 24 1529 25 1192 26 1298 27 1154
982 -1.3320310904264692 2.9709661725906003 5.5307594202266301 24 5 0 0.52422847262340133 16 1904 15 1905 17 1909 18 1820 14 2188 20 1675 13 1977 8 2103 11 1995 12 2117 10 2125 9 2057 7 1878 6 1921 19 1471 21 1758 22 1508 5 1703
983 -1.3317442933600017 2.9716422079469429 5.532118298376516 24 5 0 0.53140345699973435 16 1905 15 1906 17 1910 18 1821 14 2189 20 1676 13 1978 11 1996 12 2118 10 2126 8 2104 9 2058 7 1879 6 1922 19 1472 22 1509 5 1704
984 -2.322330922449134 2.9635541651640609 5.6310583429056473 24 5 0 0.25391237523775528 16 1717 15 1907 18 1812 14 2192 13 1981 11 1998 12 2119 10 2137 8 2121 9 2070 7 1889 6 1827
985 -2.3230184236544447 2.9678385260414997 5.6403287998321057 24 5 0 0.295981637232682 16 1718 15 1908 18 1813 14 2193 13 1982 11 1999 12 2120 10 2138 8 2122 9 2071 7 1890 6 1828 5 1716 3 1570 4 1570 2 1601
986 -1.8468948610753788 2.955181475084824 5.5591797146675885 179 147 113 0.36379613181085607 16 1901 15 1909 17 1904 18 1815 14 2191 8 2114 20 1667 13 1980 11 1997 12 2116 10 2134 9 2065 7 1885 6 1925 19 1468 21 1754 4 1463 2 1492 1 1231
987 -0.7629677950329895 2.9917690152533578 5.4782566560076544 53 30 15 0.28653428962297617 16 1723 15 1910 17 1761 14 2190 20 1535
988 -2.1642540589130093 2.9611772894623134 5.5265808409057255 79 56 51 0.40604126664724355 16 1908 15 1912 17 1743 16 1721 18 1614 14 2195 13 1984 11 2003 12 2122 10 2144 19 1302
989 -1.4899489680963516 3.0057713016920049 5.4462071917096937 185 154 108 0.21153511135357517 16 1910 15 1914 17 1917 18 1829 14 2199 20 1677 13 1989 8 2123 11 2006 11 2142 8 2228 12 2128 10 2140 9 2075 9 2201 7 1893 6 1820 19 1477 21 1763 22 1516 5 1710
991 -0.99505781312679908 3.024498501234123 5.4106092247699715 29 5 0 0.34281593811081429 16 1918 15 1916 17 1924 18 1836 14 2196 20 1688 13 1986 11 2004 12 2130 10 2135 9 2068 8 2115 6 1813 19 1481 21 1639
992 -1.6656824020812131 3.0080872826707883 5.4241100116163601 188 145 100 0.29235872752811015 16 1914 15 1917 17 1919 18 1831 14 2206 20 1683 13 1995 11 2016 12 2134 10 2147 8 2129 9 2080 7 1901 6 1831 19 1479 21 1616 22 1362 5 1624
993 -1.6659508802830549 3.0079679115135871 5.4258693301147538 188 145 100 0.41221900338223061 16 1915 15 1918 17 1920 18 1832 14 2207 8 2130 20 1684 13 1996 11 2017 12 2135 10 2148 9 2081 7 1902 6 1832 19 1480 21 1617 5 1625 4 1475 3 1471
994 -1.1563162963484748 3.0293336386203342 5.395618500836374 26 6 0 0.43976297072408543 16 1921 15 1919 17 1925 18 1837 14 2203 20 1690 13 1993 11 2012 12 2138 10 2142 9 2072 7 1895 6 1815 19 1484 22 1522 21 1769
995 -2.1518922766057811 3.0227282398159412 5.5060518614787837 19 4 0 0.52395636858666572 16 1912 15 1920 17 1914 18 1825 14 2213 8 2236 13 2001 11 2024 12 2136 10 2159 9 2095 7 1913 6 1932 19 1476 5 1720 4 1573 3 1573 2 1606
996 -2.1517201313019938 3.0235478245554575 5.5078935319307121 19 4 0 0.52400644084561732 16 1913 15 1921 18 1826 14 2214 8 2237 13 2002 11 2025 12 2137 9 2096 7 1914 6 1933 5 1721 4 1574 3 1574 2 1607
997 -0.67583846200264774 3.0394543779864951 5.3304779862526672 224 191 156 0.083858005661521434 16 1923 15 1922 17 1928 18 1843 14 2204 20 1697 19 1490
998 -0.67696989879105662 3.0358657158212825 5.3218823292333051 224 191 156 0.067637064685114393 16 1924 15 1923 14 2205
999 -1.8292719627397909 3.0171407920199198 5.4188942577018064 179 148 104 0.25633669305553841 16 1919 15 1924 17 1921 18 1833 14 2215 20 1681 13 2004 11 2026 8 2135 12 2139 10 2155 9 2089 7 1910 6 1839 19 1482 5 1631
1000 -1.8290323090961209 3.0183988644854582 5.4244519711526111 179 148 104 0.44319322518050797 16 1920 15 1925 17 1922 18 1834 14 2216 8 2136 20 1682 13 2005 11 2027 12 2140 10 2156 9 2090 7 1911 6 1840 19 1483 5 1632 3 1476 4 1481 2 1508
1001 -1.3316625830343989 3.0343493103335395 5.3808188375250179 24 5 0 0.37221388487268547 16 1922 15 1926 17 1926 18 1838 14 2212 20 1686 13 2003 11 2023 12 2141 10 2149 8 2230 9 2205 7 2015 6 1926 19 1486 21 1767 22 1520
1002 -0.83580365178036709 3.0326179971099694 5.3162792113846864 94 73 65 0.42024289869240333 16 1927 15 1927 17 1776 18 1841 14 2208 20 1692 13 1999 11 2018 12 2145 10 1916 19 1492 21 1643 22 1376 24 1414 23 1529
1003 -0.83621714927665947 3.0344461666101461 5.3201865245266609 94 73 65 0.41088366959043976 16 1928 15 1928 17 1777 18 1842 14 2209 20 1693 13 2000 8 1886 11 2019 12 2146 10 1917 9 1838 7 1672 19 1493 21 1644 22 1377 23 1530 24 1415
1004 -2.3072228288806649 3.0193578501540714 5.4704454238526976 32 13 6 0.18616639849680039 16 1917 15 1929 18 1828 14 2218 13 2008 11 2029 12 2144 10 2170
1005 -1.5761635888219883 3.0376092236816072 5.3589530239817886 180 142 98 0.20585235380866995 16 1925 15 1931 17 1767 18 1839 14 2219 20 1689 13 2009 11 2030 12 2149 10 2164 9 2092 7 1919 19 1488 21 1637 22 1518
1006 -0.828307495151688 3.0808578326568172 5.2799654600719155 26 8 0 0.40849461437774753 16 1931 15 1932 17 1939 18 1854 14 2223 20 1703 13 2015 11 2031 12 2154 10 2157 9 2085 7 1906 19 1499 21 1781 22 1532
1007 -0.82831789822430157 3.0813791284273724 5.2812541583041774 26 8 0 0.4005886031975861 16 1932 15 1933 17 1940 18 1855 14 2224 12 2155 13 2016 11 2032 10 2158 9 2086 7 1907 7 2017 19 1500 20 1704 21 1782 22 1533
1008 -0.97960487808926722 3.0867468264643296 5.258325583915231 29 4 0 0.37107252557909914 16 1757 15 1934 17 1941 18 1856 14 2228 20 1551 13 2021 11 2036 12 2156 10 2165 19 1503 21 1648
1009 -0.97891457164410345 3.0907828029173703 5.2693061545273352 29 4 0 0.39614716534328254 16 1758 15 1935 17 1942 18 1857 14 2229 13 2022 11 2037 12 2157 10 2166 9 2098 8 2138 19 1504 20 1552
1010 -1.5593107524345715 3.0900241044336711 5.3229091117753322 52 26 13 0.42920414792489042 16 1933 15 1936 17 1937 18 1851 14 2233 20 1700 12 2158 19 1498
1011 -2.1360145625218716 3.0674948146928256 5.3357109739875588 21 7 1 0.37925629998138655 8 2157 16 1929 15 1937 17 1930 18 1845 14 2234 13 2028 11 2045 12 2159 10 2186 9 2119 7 1936 6 1945 7 2028 19 1496
1012 -2.1360693433800169 3.0676789697040108 5.33615216170615 21 7 1 0.39890391283712862 16 1930 15 1938 17 1931 18 1846 14 2235 13 2029 11 2046 12 2160 10 2187 9 2120 7 1937 7 2029 6 1946 19 1497
1013 -1.1475848919892786 3.0863086566588818 5.2382607516969157 26 6 0 0.37153547002678533 16 1938 15 1939 17 1943 18 1858 14 2231 20 1701 13 2025 11 2041 12 2162 10 2172 19 1505 21 1780 22 1529
1014 -1.1472944165991781 3.0875232552479366 5.2411964471329826 26 6 0 0.35703183819024731 16 1939 15 1940 17 1944 18 1859 14 2232 20 1702 13 2026 11 2042 12 2163 10 2173 19 1506 22 1530
1015 -1.6516057235520756 3.079871923780757 5.2876320265307211 180 148 100 0.22830968441949401 16 1936 15 1941 17 1936 18 1852 20 1699 13 2027 11 2044 8 2244 12 2161 10 2285 13 2119 9 2213 7 2027 6 1938 19 1501 21 1771 5 1727
1016 -1.8265339963572482 3.0791507592303131 5.2668203145935832 166 134 84 0.22756544480207661 16 1937 15 1945 17 1938 18 1853 14 2240 20 1698 13 2035 11 2150 8 2249 12 2166 12 2254 10 2286 9 2216 7 2030 6 1944 19 1502
1017 -1.3081395402116598 3.1032245768959212 5.2451927531828204 29 9 1 0.57169563067086426 16 1940 15 1946 17 1945 18 1860 14 2236 13 2031 11 2047 12 2167 10 2181 8 2152 9 2112 6 1850 7 1930 19 1507 20 1707 21 1778 22 1527
1018 -1.306306716824968 3.1071242941814896 5.2544314947493573 29 9 1 0.48947761878746504 16 1941 15 1947 17 1946 18 1861 14 2237 13 2032 11 2048 12 2168 10 2182 8 2153 9 2113 7 1931 6 1851 19 1508
1019 -1.4746967392475854 3.1132769323772318 5.2452999669387452 25 7 0 0.69024944788427633 16 1942 15 1948 17 1947 14 2243 20 1705 13 2038 11 2049 12 2171 10 2188 9 2117 8 2247 7 2033 6 1940 19 1509 21 1776
1020 -1.4746967392475854 3.1132769323772318 5.2452999669387452 25 7 0 0.69024944788427633 16 1943 15 1949 17 1948 14 2244 20 1706 13 2039 8 2248 11 2050 12 2172 10 2189 9 2118 7 2034 6 1941 19 1510 21 1777
1022 -0.65966257435277964 3.1416914175868604 5.1270016219857641 31 10 4 0.48541109137755917 16 1950 15 1952 17 1799 16 1771 18 1658 14 2246 20 1724 13 2041 11 2053 12 2180 10 2185 19 1522 21 1793 22 1543 24 1537 23 1533
1023 -1.8136414431306984 3.1270911263449679 5.2236487532945732 35 7 0 0.35742110363259072 16 1766 15 1953 17 1790 18 1650 14 2259 8 2171 20 1553 13 2050 11 2065 12 2182 10 2212 9 2140 7 1954 6 1866 19 1337 21 1645
1024 -0.81645298574322023 3.134246168962763 5.1079886780525827 25 7 0 0.25465063333308213 16 1951 15 1954 17 1956 18 1871 14 2248 20 1720 11 2054 19 1519 21 1790
1025 -0.81516073707570613 3.1516586390745309 5.1445111998257289 25 7 0 0.4699236790716057 16 1952 15 1955 17 1957 18 1872 14 2249 13 2044 11 2055 10 2195 9 2215 7 2032 19 1520
1026 -0.98003686810170221 3.1315042966351161 5.0876860784714975 28 5 0 0.31822652545719965 16 1955 15 1956 17 1958 18 1873 20 1714 19 1523 21 1788 22 1540
1027 -0.98009907141007635 3.1316341887621255 5.0886127831273749 28 5 0 0.32109600644458364 16 1956 15 1957 17 1959 18 1874 14 2254 20 1715 19 1524 21 1789 22 1541
1028 -2.1270173255459213 3.1275541259894419 5.1944506059374103 22 8 2 0.30935755050118086 16 1948 15 1958 17 1951 18 1864 13 2061 11 2077 12 2190 10 2220
1029 -1.133370530228087 3.1582325658072508 5.1060545606802119 23 6 0 0.17914532352160639 16 1957 15 1959 17 1960 18 1876 19 1525
1030 -1.2931714921196285 3.1337674912557079 5.0380006750559856 28 9 2 0.34390262064347843 16 1958 15 1963 17 1963 18 1879 19 1528
1031 -1.784342623886269 3.1687380089097337 5.0541121837348273 24 6 2 0.30586679941851885 16 1963 15 1969 18 1882
1032 -1.7837198395975076 3.1609885881335043 5.0419309475899148 24 6 2 0.394358926333988 16 1964 15 1970 17 1966 18 1883 20 1717 19 1531
1033 -0.82206969265884156 3.1928664835164158 4.9613657324989688 26 5 0 0.13270167424572246 16 1970 15 1972 17 1974 19 1537
1034 -1.9441582405206006 3.1621608375864536 5.0187007756545068 18 8 0 0.3212074516055291 16 1965 15 1973 17 1969 18 1886 19 1534
1035 -2.0990159180208057 3.1506664977538503 4.9866512330103667 22 5 1 0.38010130058159297 16 1966 15 1976 17 1967 18 1884
1036 -2.0990159180208057 3.1506664977538503 4.9866512330103667 22 5 1 0.38010130058159297 16 1967 15 1977 17 1968 18 1885
1037 -1.782692822934878 3.1260782390221626 4.852355553927973 78 57 51 0.23197723868152531 16 1973 15 1982 18 1891
1038 -1.9476255786498671 3.136662698832438 4.8552892510747947 63 50 44 0.2000348504367494 16 1787 15 1984 17 1803
1039 -0.66050583448621225 -3.5250182432056767 8.7292794562237024 175 173 174 0.44277881296886695 16 1980 15 1989 18 1897 14 2319 13 2080 12 2217 10 2300 9 2169 7 1974 6 1960 21 1826 22 1572 5 1741 3 1490 4 1494 2 1613 1 1240 23 1656 25 1198 28 1158 30 1135
1040 -0.98830746766005551 -3.2304555368612866 8.7503455756908206 76 107 128 0.59124633333909771 8 2190 16 1804 15 1991 17 1818 14 2278 20 1579 13 2083 11 2104 12 2219 10 2245 7 1975 6 1875 19 1364 21 1682 5 1653
1042 -1.1539432056971601 -1.8938124218203183 10.650673334930271 33 43 53 0.60444821394019221 8 2265 16 2028 15 1997 17 1991 18 1905 14 2326 20 1594 13 2140 11 2110 12 2225 10 2308 9 2243 7 2048 6 1967 19 1556 21 1694 22 1580 5 1659 3 1588 4 1590 2 1622 1 1163 1 1277 24 1550 23 1663 25 1209 27 1167 28 1164 30 1031 29 544 30 1094 32 1021 31 1291 33 1035 34 902 36 1376 33 1102 34 985
1043 -0.97790606800884416 -1.6947040901722672 10.537574666712924 117 137 144 1.1063875203706872 16 1987 15 1998 17 1992 20 1752 19 1557 21 1831 27 995
1044 -0.97794695368115481 -1.4394397782161179 9.9392089690100924 36 46 70 0.57362723359835666 16 1988 15 1999 17 1993 18 1906 14 2328 20 1753 13 2142 11 2112 12 2273 10 2310 19 1558 21 1832 22 1635
1045 1.3585921844359872 -1.0350045531338798 8.9234568339093006 52 67 74 0.81049503282805246 16 2033 15 2001 17 2037 18 1942 14 2288 20 1802 13 2091 11 2118 12 2229 9 1887 19 1598 21 1879 22 1639 24 1609 23 1725 25 1262
1047 -1.8219929415814278 -0.66005690943941786 8.6502304872611706 152 164 177 0.59705578339076693 16 1821 15 2005 17 2001 14 2291 20 1758 13 1821 11 2122 12 2233 10 2258 9 1892 7 1993 6 1888 21 1835 22 1587 3 1503 4 1504 2 1532
1048 1.7987447465662258 -0.31413010019465409 8.6338207607609689 78 78 85 0.86651377821849307 16 1999 15 2009 18 1912 14 2292 20 1605 19 1566 21 1704 22 1428 24 1160 23 1280 25 1143 27 1022
1049 -2.6533802826616721 -0.31176498443484757 8.8228066915246046 168 172 175 1.3875056947853817 8 1936 16 1827 15 2010 17 1836 17 2004 18 1707 14 2054 13 1825 16 1550 11 1843 11 2125 12 1964 10 1972 10 2261 9 2180 7 1725 6 1647 6 1890 19 1565 22 1250 22 1425 5 1666 3 1506 4 1511 4 1600 2 1537 2 1634 1 1175 24 1144 23 1453 25 1135 27 1010 28 887
1050 -0.87399575322266554 0.095750892519621239 7.7996146727202049 42 49 57 0.92816527087005529 16 2003 15 2012 17 2008 18 1914 14 2298 20 1764 13 2099 11 2131 12 2287 10 2266 9 2183 18 1718 7 1732 6 1893 19 1570 21 1844 22 1599 24 1473 23 1679 25 1222 27 1230
1051 -1.2407030633446605 0.20100273806824576 7.9652137883578407 42 48 62 1.0485477589694678 16 2004 15 2013 17 2009 18 1915 14 2299 20 1767 13 2100 12 2236 6 1980 19 1571 21 1846 22 1600 5 1763 3 1605 2 1661 1 1286 24 1476 23 1588 25 1145 26 1254 27 1104 28 1121 30 842 29 364 31 791
1052 1.3979566243704449 1.1239546117028989 6.5130853927551735 146 125 122 0.66346986281680853 16 2007 15 2014 17 2010 18 1917 20 1812 19 1574 21 1890 22 1654 24 1621 23 1740 25 1284 26 1380 27 1243 28 1250 30 1177 29 578
1054 -2.0072769346910113 3.0256911535929412 5.4014836159547457 166 135 90 0.48736830476401 16 2011 15 2024 17 1923 18 1835 14 2313 8 2238 13 2116 11 2147 12 2250 10 2281 9 2208 7 2022 6 1936 19 1485 19 1582 5 1724 4 1577 3 1577 2 1610
1055 -0.6670719325079385 3.0979053100998457 5.181762639420139 192 161 115 0.20030347602117238 16 2013 15 2025 18 1924 20 1781 17 2020 19 1583 21 1859 22 1617 23 1701 24 1587
1056 -1.9746074848283781 3.1196232498392638 5.1978010664168242 20 7 0 0.49937881910379783 16 2014 15 2026 17 2019 18 1925 14 2316 13 2121 11 2152 12 2255 10 2292 9 2224 8 2257 7 2040 6 1956 19 1584
1057 -0.66845844475528993 3.1622347946331457 5.0268554299849582 180 147 100 0.35258159577352577 16 2015 15 2027 17 2022 11 2153 10 2287 9 2219 19 1585 20 1782 21 1860 22 1620
1058 -0.6680665613753195 3.2148470553535766 4.8771675169752191 189 154 110 0.49826450885450785 16 2017 15 2029 17 2025 20 1785 10 2296 9 2231 19 1587 22 1627
1059 -0.90321086135869322 -4.1475030244431652 7.9567483764580222 147 87 99 0.76468768819170063 16 2018 15 2030 18 1932 17 2026 20 1786 19 1588 21 1864 22 1629
1060 1.6499110645566448 -2.9690418069492117 7.0811219842178286 30 60 67 0.91604490736102107 16 2020 15 2032 19 1590 24 1659 23 1774 25 1297 26 1391
1062 1.2468934347358887 -2.1638605549578296 6.9853319398463478 208 210 207 0.70908710530277952 16 1986 15 2038 17 1989 18 1939 14 2324 20 1794 19 1618 21 1869 22 1666 24 1629 23 1752 25 1301 26 1398
1063 -0.87251051631643173 -2.4658687470706431 10.187046715604477 71 69 74 0.41564715393577845 8 2263 15 2039 14 2325 13 2139 11 2165 12 2271 10 2305 9 2242 7 2047 6 1965 19 1595 5 1748 3 1586 2 1620 23 1719 25 1258 26 1357 27 1219
1064 -0.87991907332652075 -2.454586155490746 10.148833498238432 71 69 74 0.20416094185253314 8 2264 15 2040 10 2306 6 1966 5 1749 3 1587 2 1621
1066 -2.0120519683062055 -1.0230783544662181 8.8162832424834452 67 71 72 1.0079486254236589 8 2272 15 2042 14 2332 20 1797 13 2145 11 2169 10 2314 9 2249 7 2054
1067 -0.31494863343639701 -1.1971057095213071 10.00886341708398 58 77 83 0.84894091853129527 16 2031 15 2043 17 2034 18 1940 14 2330 8 2270 20 1798 13 2143 11 2167 12 2275 10 2312 9 2247 7 2052 19 1596 21 1875 22 1637 24 1633 23 1754 28 1246 29 590 30 1184
1068 -0.31015337363317919 -1.2066277699927852 10.055217515756995 58 77 83 0.56301917314210537 16 2032 15 2044 8 2271 17 2035 18 1941 14 2331 20 1799 13 2144 11 2168 12 2276 10 2313 9 2248 7 2053 19 1597 21 1876 22 1638 24 1634 23 1755
1069 1.1785753396239866 -1.0009528170971409 9.210509358761783 84 105 107 1.5513291910361515 16 2035 15 2045 17 2040 18 1908 20 1804 10 2349 9 2312 7 2108 19 1600 21 1880 22 1640
1070 -0.77399226525520215 -0.96857522762260195 9.3308723931758522 157 152 155 1.0005409098073414 16 2036 15 2046 17 2039 18 1945 14 2334 20 1803 13 2148 11 2171 12 2280 19 1599 21 1878 22 1672 24 1635 23 1756
1071 0.059976792662948752 -0.94336749213417537 9.4813540543436083 197 191 195 1.1170779862750293 8 2274 16 1991 15 2047 17 1998 14 2336 13 2149 11 2172 12 2281 10 2317 9 2252 7 2057 6 1999 21 1834 22 1641 5 1789 3 1627 4 1620 2 1656 1 1280
1072 1.3946590676065815 -0.85824143653190554 8.9254724982093006 169 178 185 0.33398138173010244 16 2039 15 2048 17 2065 18 1947 19 1627
1073 1.8532780225823622 -0.75493587203550938 8.4034615240361976 56 44 50 1.5583794957564798 16 1995 15 2049 17 2000 18 1948 14 2337 20 1757 19 1562 21 1836 22 1591 24 1465 23 1578 25 1041 26 975
1074 2.0022127610667586 -0.74301873255078266 8.0632018662871854 22 36 37 0.40378560646665224 16 1993 15 2050 14 2338 19 1601
1075 1.45574115442454 -0.24380034597022887 8.7202149013653347 176 116 67 0.69932026578754758 16 2041 15 2053 17 2042 18 1950 14 2294 20 1808 19 1603 21 1886 22 1650 24 1619 23 1737 25 1279 26 1374 27 1232
1076 -1.1512993837383074 -0.099320870992371385 8.0020855922247005 174 176 191 0.89935733035619214 16 2042 15 2055 17 2046 18 1951 14 2295 20 1807 13 2096 11 2127 12 2235 9 1898 8 1940 7 1729 6 1511 19 1604 21 1885 22 1647
1077 1.5376877726124407 1.0319298916910911 6.5632985664028336 48 42 53 1.1099141340967584 16 2006 15 2058 17 2050 20 1836 21 1910 22 1683 24 1620 23 1764 25 1283 26 1379
1078 -1.2919144796054172 2.6071658496575849 6.3026715963928037 55 31 24 0.71450212544216152 16 2052 15 2060 18 1956 14 2344 19 1610 22 1612 24 1582 23 1698 27 1132 28 1136
1079 -0.76183260808840303 3.0399431491914473 5.4984321406015493 57 37 30 0.42268814167542768 16 2053 15 2061 17 2052 14 2347 13 2163
1080 -0.74997711884154483 3.1291001482390097 5.3969477810065341 63 43 34 0.86722666854136043 16 2054 15 2062 18 1957 14 2348 13 2164 11 2189 12 2292 7 2074
1081 -1.5936137998906252 -4.1906173928616637 8.5393414247673611 153 139 139 0.56282760877093585 16 2056 15 2063 17 2055 18 1961 20 1821 19 1613 21 1897 22 1660 24 1597 23 1710 25 1247
1084 1.0822893184576157 -1.0878101652507683 8.6052325496338078 228 230 234 0.539195638617464 16 2061 15 2069 17 2063 18 1970 14 2356 13 2173 11 2196 12 2299 10 2346 9 2283 19 1623
1085 -0.66433518966387139 -1.1992370435928477 9.5628892145018085 38 44 83 0.97069342422684057 16 2060 15 2070 17 2062 18 1969 14 2357 8 2301 20 1828 13 2174 11 2197 12 2300 10 2348 9 2285 7 2085 6 1997 19 1622 21 1902 22 1670 5 1785 3 1624 4 1616 24 1632 23 1753 25 1303 26 1399
1087 -1.2227262305547277 -0.55490977609491543 8.4199033492941187 29 45 69 1.474042363330281 16 2063 15 2076 17 2067 18 1973 14 2386 8 2329 13 2198 11 2225 12 2324 10 2368 9 2315 7 2110 6 2033 19 1628 22 1674 21 1904 5 1823 3 1656 4 1653 2 1690
1088 1.5667906007337002 -0.51769546010347933 8.808604293119048 23 37 46 1.1994520836114431 16 2064 15 2077 17 2069 18 1975 14 2340 20 1832 13 2152 11 2177 10 2320 19 1629 21 1905 22 1677 24 1617 23 1733 25 1275 26 1372
1089 -1.159508531318888 -0.31323936705972011 7.8413890100198982 194 200 223 0.95050059303106882 16 2066 15 2079 17 2070 18 1976 13 2154 14 2362 12 2284
1090 -1.1666214752792869 -0.32667081891990696 8.1213024109438514 194 200 223 0.38952860617952584 16 2067 15 2080 17 2071 18 1977
1091 -1.3527127573812345 -0.13466751447512909 7.8352692676075479 39 47 60 1.2041063138648957 16 2069 15 2081 17 2073 18 1979 20 1834 13 2176 12 2305 19 1633 21 1908 22 1680 24 1639 23 1736 25 1274 26 1371 27 1226 28 1177 29 502 30 1055
1092 1.8064498575224031 0.032705271616616446 8.8332980789947957 89 90 92 0.87101451610396896 16 2045 15 2082 17 2076 18 1980 14 2363 20 1809 11 2202 13 2157 10 2326 19 1635 22 1652
1093 1.5648812338634777 0.86940126163887366 6.9697484229766618 71 44 53 1.3343576263772137 16 2073 15 2083 17 2077 18 1981 20 1847 19 1637 22 1702 24 1646 23 1762 25 1313 26 1409
1094 -0.97188481406863692 1.0340762821461675 6.5441527570622497 27 36 51 0.8943534037860198 16 2074 15 2084 14 2364 8 2283 13 2177 12 2310 10 2328 9 2263 7 2066 6 1981 5 1765 3 1608 4 1604 2 1639
1095 0.81432734089854264 1.1059295964767775 6.4141908576537805 38 55 65 1.3294727819422554 16 2076 15 2085 17 2079 18 1982 14 2365 20 1849 16 2099 18 2007 21 1929 22 1704 24 1648 23 1763 25 1314 26 1410 27 1259 28 1249 30 1176 29 577 31 1364 32 1093 33 1188 34 1071 35 1469 36 1460
1096 0.8124516689616722 1.0943105789247922 6.4148426533419363 38 55 65 0.76092768977574854 16 2077 15 2086 17 2078 18 1983 14 2366 20 1848 18 2006 21 1928 22 1703 24 1647
1097 1.192780826428673 1.2100546813770516 6.316149245065712 44 54 68 0.48778461144569463 16 2078 15 2087 17 2080 18 1984 14 2367 20 1837 19 1638 21 1911 22 1684 24 1649 23 1765 25 1315 26 1411 27 1260 28 1251
1099 -1.3348180912436045 2.3830005810545276 6.8449420487799006 39 40 45 1.4693501523225672 16 2083 15 2092 17 2084 18 1987 14 2369 13 2180 11 2205 20 1815 12 2311 10 2332 9 2265 7 2069 19 1643 21 1852 22 1656
1100 -1.3455956744071722 2.3857317206357789 6.863839898864704 39 40 45 0.3473642437627481 16 2084 15 2093 17 2085 18 1988 14 2370 11 2206 12 2312 19 1644
1101 -1.5624998547234403 2.9427841142247217 5.688179969460478 45 24 12 0.45354256639979318 16 2087 15 2095 17 2087 18 1991 14 2373 12 2291 11 2188 19 1646
1102 -1.0154999834882568 -3.9824071648389472 8.0909623744556338 160 148 152 0.79616837546568542 16 2090 15 2096 17 2089 18 1994 14 2374 20 1844 13 2212 11 2218 12 2320 19 1648 21 1918 22 1690 24 1654 23 1770 25 1322
1103 -0.63340830092203648 -3.7443143040626943 8.4188628201035467 152 126 99 2.1072607566422019 8 2291 15 2097 13 2195 11 2220 12 2322 9 2277 7 2078 6 1986 5 1739 3 1579 4 1583 14 2377
1104 -1.3695238034533816 -2.3676908558772887 10.384528547864017 157 157 169 1.2572773112844464 8 2327 16 2093 15 2099 18 1998 14 2383 11 2222 21 1935 3 1641 2 1676
1105 -1.1722879867870497 -0.30409554582321396 7.9996059731513673 196 198 217 0.28003364165537736 16 2095 15 2100 17 2094 18 2000 14 2387 20 1845 19 1656
1106 -1.1613856955333111 -0.28966572074490876 7.9248877616775397 196 198 217 1.4992754752480224 16 2096 15 2101 17 2095 18 2001 14 2388 20 1846 19 1657 21 1924 22 1697 24 1676 23 1795 25 1337 26 1438 27 1284 28 1275 30 1185 29 606 32 1089 33 1181 34 1063 35 1445
1107 -1.0289281570989695 0.33108349680280147 7.9314167876302415 74 76 87 0.70952025669464047 8 2331 16 2098 15 2104 14 2390 13 2202 12 2328 10 2372 9 2318 7 2113 19 1636 3 1659 1 1318
1108 -1.9702726057828479 3.099627924017049 5.2032912287010014 28 10 1 0.76526228135723884 16 2106 15 2108 17 2101 14 2395 13 2211 11 2232 12 2336 10 2377
1109 1.6255511499254607 -3.3280440779952825 7.092494397057882 35 79 90 1.0753659951152312 16 2091 15 2112 14 2376 19 1667
2542 -1.7448947861506277 3.0223219299969744 5.4536603816426181 80 50 18 0.54977805173935357 8 1896 11 1771 10 1923 7 1680 9 1849 6 1608 5 1627 3 1473 4 1477 2 1504
2544 -0.65721895575862288 3.08009150176205 5.2873367298270928 39 13 0 0.20369736586855286 13 1777 14 2004 11 1778 12 1901 10 1924
2546 -2.6516497512361181 3.0571034319953063 5.3627381882768876 65 50 45 0.29600975649932337 8 2170 11 1797 10 2203 12 1915 13 2034 9 2133 7 1947
2547 -1.8027487118448882 -4.0550866964640626 8.7232904505842637 54 81 105 0.55860140220543453 8 1919 11 1817 28 978
2548 -0.64524914931582811 -3.3868085697411674 8.8824620879524812 143 145 143 0.30960053096044099 16 1802 20 1577 21 1681 24 1438 26 1228 27 1076
2549 -0.86275210436252769 -3.1442967487943578 8.7944992395206985 184 182 172 0.18835740175596719 16 1805 11 1825 21 1684 22 1402 23 1554
2552 -2.6669338952564732 2.755895354249037 6.0392849490058698 25 6 2 0.51434344003406618 8 2058 13 1919 11 1938 12 2059 10 2084 9 2009 7 1830 6 1766 5 1693 3 1547 4 1544 2 1578
2553 -2.4782143447039728 3.0370553949788919 5.4843244904871247 20 2 0 0.29677291854800131 13 2012 14 2225 11 2035 12 2148 10 2178 8 2154 9 2111 7 1929 6 1939
2554 -1.3873627721799278 3.1329644573839048 5.1681712723691078 38 19 12 0.43820390283917565 8 2163 13 2051 11 2063 10 2204 9 2131 7 1945 6 1858
2556 -0.82177891171914241 3.1968312497361979 4.9796777935770882 22 7 2 0.43154278114919675 18 1929 11 2155 12 2263 7 2041
2557 -1.072455727034247 2.3953704315681232 6.4921086652660769 13 13 11 0.34443698332987882 8 2285 11 2185 10 2335 9 2267 7 2071
2558 -2.7182512872589899 2.65940822345474 6.1758267936407165 31 16 5 0.79157240002827356 8 2314 11 2187 10 2337 9 2303 7 2096 6 2013 5 1800 3 1634 4 1634 2 1671 1 1294
2559 -2.7368617525387102 2.8321987113341964 5.8962393469845429 48 28 19 0.66997740036390663 8 2318 11 2210 10 2361 9 2305 7 2098 6 2015 5 1803 4 1638
2560 -2.9630767915399567 2.9708620273004658 5.6120723170422968 10 11 7 1.7393182076042333 8 2321 11 2213 10 2364 9 2321 11 2231 12 2335 7 2116
2561 -0.53989271791953752 3.2248722831546903 5.0642534005751552 40 36 33 0.55399141171269306 16 2088 11 2217 12 2319
2562 -0.82702227721249433 -3.4091872537460466 8.6988164087462074 187 182 177 1.3314972418275011 16 58 8 32 15 54 17 57 18 57 14 57 20 48 13 42 11 22 16 55 15 50 13 41 18 55 10 26 9 19 22 524 24 34 23 625 26 416 27 335 31 439 32 268
2563 -1.101502616515027 -2.7182350230398273 9.0736607602820563 81 86 78 1.7657775840859828 15 119 18 103 14 107 13 91 11 69 16 109 15 110 18 93 12 29
2564 -2.0718189674072933 3.048438682065056 5.4131828035157179 57 35 26 0.68874045084086599 8 1905 13 1559 11 1530 16 1486 15 1491 17 1501 14 1764 12 1648 10 1699 9 1855 7 1473 6 1614 5 1643 4 1488
2566 -0.33963182608583292 -1.265690470169667 9.9378563753259161 51 61 70 0.84971941403500673 8 1748 13 1602 11 1833 15 1799 13 1819 12 1960 10 1750 9 1674 7 1357 9 1490 6 1497 5 1148 3 856 4 838 2 888 1 422
2567 1.0213015843319369 0.57083925111215472 7.5016635664397544 140 143 146 0.53361278770221321 14 1386 17 1192 15 1568 17 1582 18 1297 16 1385 14 1659 13 1456 11 1195 12 1722 10 1760
2568 -0.85919784509272679 2.6117195926309322 6.2490692955224354 55 29 13 0.26680866596406611 18 404 13 949 17 449 11 396 16 472 15 457 14 476 12 987 10 396 6 349 19 249 22 328
2569 -1.127310917783781 3.1303677016691469 5.1364880668165496 32 14 6 0.53425295949625096 8 1162 13 1058 11 1049 16 1028 17 1046 18 942 14 1537 20 851 12 1424 9 1413 7 975 19 736 21 939
2570 -1.0563803951047477 1.0820193990642359 6.6266124347759359 140 145 154 0.92691264661039507 8 1350 13 1256 11 900 17 352 14 383 13 329 12 1325 10 1363 9 1273 7 834 6 1140 19 166 5 637 3 928 4 908 2 685 1 217
2571 -1.2031149498017091 -0.17734046910018325 7.8757328074922741 85 89 101 1.0291852503761438 8 1315 14 1373 11 846 16 271 18 776 20 207 10 1318 7 1110 6 1099 21 196 5 943 4 881 3 890 2 921 23 232
2572 -0.3911356808358798 -3.899297983523065 8.7426812051050717 94 85 72 0.94777042999141603 16 40 13 718 11 720 15 27 20 36 10 9
2573 -0.92518931264483983 3.1822435744015767 5.0647341878915455 37 18 9 0.40878834544161802 14 811 13 656 11 651 16 681 15 662 18 581 12 717 10 726 19 499
2574 -1.5799632438821982 2.9374733413356644 5.6311306340285334 38 20 9 0.54485577946799091 8 613 14 667 13 539 11 523 16 572 14 1153 10 586 10 1131 9 497 7 514 6 513 5 781 3 767 2 466
2575 -2.4313361477523814 1.2189331942161492 8.4305841617235 88 89 91 1.2094505020276813 8 1627 11 1473
2576 -0.87664029318042469 -3.2045357639745293 8.769273890097157 138 138 126 0.36054099283457536 18 72 12 21 10 38 23 55 28 35 30 40 31 36 32 15
2577 -1.4028726705371719 -2.6931665593470369 9.2023435150535544 96 89 81 0.21830324491160283 8 85 12 33 4 55
2578 -0.20555280893308669 -1.2731273436374049 10.089473663454967 79 97 101 0.83073216915576187 8 120 12 54 9 107 7 116 6 709 19 51 4 534 2 116 1 80
2581 -2.3454487471844723 0.038346441823812874 8.7262305491739465 131 133 143 1.8978985183618235 18 262 12 126 10 249 6 227
2583 -2.8124609357066208 0.069524911680654097 8.9507381686620509 148 151 156 1.3575517851907382 8 913 18 264 12 130 10 252 9 839 10 255 6 1107 4 1080
2584 -2.5126283986266293 0.064906930628004941 9.0340063321818356 96 99 104 0.12545899966768451 14 281 12 131 19 122
2585 -2.1643659255987089 0.13085337440887032 7.7487690291137463 167 167 177 1.8934247044157662 8 258 12 135 9 191 3 238 18 265
2586 -0.58140165893570395 0.62090356786266721 7.4111543953881798 67 75 86 0.060669424110832176 15 325 12 157
2587 -0.34189985869415362 0.6705519511625686 8.1288346798491879 55 64 71 1.2457842599616666 14 317 12 160 7 251
2588 -0.29255293405557986 0.65258553431872568 7.7099442550925463 47 57 66 2.0097045344500724 15 328 12 162 21 244 24 214 22 208
2589 -3.3726437837137295 0.89694130030605679 7.7416599487722184 103 107 107 0.7866612575618005 8 320 12 222 6 285
2590 -0.93833346654383143 0.98156705861240934 6.6042231363935286 15 36 66 0.20993970571393766 8 318 12 227
2591 -2.6631489525720342 1.7712526748559227 7.2190133832184289 70 75 81 1.9959628871029289 20 788 12 242
2592 -0.9041375436471959 2.465536569979434 6.495975829459872 55 33 15 0.2340865805336618 16 437 12 268 21 380
2593 -1.7739834339946445 1.108730721705157 2.1860957598732895 145 120 110 0.96988541567230979 13 388 12 277
2594 -1.5584965146044656 2.4696072589511084 6.3248949084789539 75 46 28 0.13600685931114304 14 454 12 286
2595 -1.8859207986472541 2.5028795881601678 6.4003503439940026 120 99 88 0.1682940968291283 8 1013 12 292 10 386
2596 -1.8859207986472541 2.5028795881601678 6.4003503439940026 120 99 88 0.1682940968291283 8 1014 12 293 10 387
2597 -1.0854339559741624 2.5666855060727074 6.3287348778541883 118 90 79 0.14315368937210846 8 393 12 307 5 267
2599 -1.5516290889094515 2.5621666879242766 6.3120056148156207 65 38 23 0.18029266124069901 8 408 12 310 10 397 5 692 4 295 2 732
2600 -1.2293253963024853 2.5540518130095053 6.3470718236923638 83 48 22 0.34663265851198144 11 389 16 458 10 385 22 310 21 392 24 364
2601 -1.6898806267540372 2.6667861438562155 6.0649945758715518 42 22 13 0.31933239572735045 13 439 14 519 12 355
2602 -0.85809076002661111 2.7029321768508527 6.072465896324311 106 82 74 0.11464587720153764 14 510 12 356 5 288
2603 -1.1552496654796374 2.7389334532191798 6.0834024383343461 37 17 10 0.13048927980331909 11 430 13 446 14 526 12 375
2604 -2.59581988237642 2.7570900341742068 5.9969073767783705 93 74 68 0.22716857520692704 14 580 12 424 9 439
2605 -1.2748353440509246 2.8474640778871159 5.7962754670540448 91 70 64 0.10996305824421355 8 523 12 460 10 508 9 434
2606 -2.1357040932539713 2.8439129133906209 5.8725146922960505 119 99 92 0.13203979895662613 14 617 12 465 10 538
2607 -1.7661474498954961 2.8710736090492261 5.7767929086326806 95 75 66 0.18311078619849386 13 512 17 536 12 482 10 546 14 631 9 465
2608 -2.6286570026676825 2.8665895345553696 5.8445170724806594 129 111 106 0.22305044614159258 13 523 14 1139 12 492 11 508
2609 -2.9583882587583545 2.9024482652406425 5.8831429923471124 20 12 2 0.73947933993351822 8 1117 12 510 9 1377 7 519 5 1092
2610 -2.1089418108560816 2.9342101856293898 5.7436841438046784 30 10 3 0.1510503007559422 11 522 14 1152 12 526
2611 -2.6520855962271987 2.9510555057698045 5.6866239797660709 109 91 87 0.32507057677164214 11 1013 14 690 12 557
2612 -1.1163334724263372 2.999434358172913 5.4890643455090631 114 94 85 0.21556706842174533 14 695 12 572 19 404
2613 -1.9930451359324368 2.9707613572604634 5.5330507216100999 122 99 87 0.15034777428632282 14 709 12 575 19 397
2614 -0.77953694901542725 3.0906848478691624 5.2085560364122907 107 88 79 0.47753580580459537 14 758 12 644 9 566
2615 -1.7700779725709981 3.0872044694073133 5.3174897353561521 156 124 84 0.27456520968041803 14 766 12 646 6 585
2617 -1.7881574009961598 3.1376161778147411 5.1643487176040574 66 39 16 0.49981947063800514 16 666 12 699 10 1186 14 798
2618 -0.77053279074463532 3.1627518719011598 5.0643501853283164 110 88 78 0.47592239358493682 14 792 12 703 10 708 19 491
2619 -0.8960521417237024 3.199661794079609 4.9359013180653362 98 78 71 0.23798301231039168 17 702 12 753 18 598
2620 -0.87170554565095526 -3.9868932258390588 8.0373316178685528 168 144 144 0.76798165866470691 16 8 12 772 24 490 17 1068 25 329
2621 -1.4097412508460596 -3.4517635582587216 8.976629614517833 84 104 100 0.35265824439153787 16 65 12 801 15 60
2622 -1.0551771171792788 -1.707333311602226 6.1816842099317411 92 104 105 0.56082828118920047 14 117 12 828
2623 -0.96503840799646423 -2.5032206100987473 10.160033790929758 37 37 45 0.76444410844738198 11 1132 17 123 12 829 24 885 25 385 26 53
2624 0.41964189231929494 -0.78242376087869869 8.9629874743383287 26 46 55 0.7019121702994584 11 156 13 813 14 180 12 855
2625 -1.7643732837321369 -0.67649554244018317 8.5387530163211931 146 162 187 0.43715003288988202 14 948 12 860 19 795
2626 1.6635632422434856 -0.67580009031365473 8.7242485923523727 124 134 135 0.5519974205097582 18 204 12 862 17 210
2627 -0.90828970488245442 0.46516892451402425 7.7213875241332035 46 56 65 0.40836487465570681 17 294 12 896 10 268 9 850 22 649
2628 -0.20728549635697802 0.63932530052861491 7.3362990195226363 17 28 32 0.1589917902768615 8 922 12 902 9 865
2629 0.058231742599037406 0.68017091915981831 8.0466821320091011 19 30 34 1.1058956636867541 14 980 12 903 9 864
2630 -0.065078080366790414 0.72403193988861536 7.1091753033614706 53 64 70 0.15606284706236803 8 930 12 913 6 783
2631 -0.064495982855659828 0.72538095449379969 7.112217496344619 53 64 70 0.19458768716081329 8 931 12 914 10 976 9 881 7 803 6 784
2634 -1.8067301843287624 2.8255603104137488 5.8828476158430325 126 108 96 0.11742705840678901 14 1121 12 1039 19 341
2635 -0.80653864448498414 2.9451901118832993 5.5697448494408626 62 42 29 0.14766444108348345 14 1146 17 1028 12 1070
2637 -2.8970624443738546 2.9975635891676986 5.5513768189695503 37 19 5 0.37786193460903023 8 1482 11 1025 13 1027 12 1093 10 1163 9 1402 7 1290
2638 -1.3093536317047474 3.0709450242507339 5.3053757467107374 142 122 115 0.24025181928875694 11 1030 14 1189 12 1102 10 1162 6 993 7 965
2639 -2.4411244034821054 3.05781696367987 5.4212707573018424 123 106 99 0.39400800163054023 11 1038 14 1195 12 1103
2640 -1.4208743769481871 3.0849581479946182 5.3343130131623839 31 12 5 0.1365357000075669 13 1037 14 1192 12 1105
2641 -0.81081133758125579 3.1116993165459896 5.1845978989269295 138 118 110 0.078663454948473141 11 1041 14 1200 12 1121 10 1477
2642 -1.4488923029726553 3.1410829683664701 5.1059006807236109 41 21 14 0.15205033375591934 16 1035 12 1146 18 944 19 483
2643 -1.096134148275588 3.1750779825371089 5.0438859213034357 132 118 109 0.21523669067618853 11 656 14 1239 12 1152 13 663
2644 -1.2233718173196078 -4.089029679866159 8.251618819543026 168 149 154 0.059398369820648486 20 877 12 1174
2645 -1.1742376512043289 -3.5677269969439034 8.6893982320103351 67 71 80 0.68580554532205495 14 1276 12 1188 10 1223 21 665 22 517 4 1019
2646 -1.1751235523341579 -3.5630415302006142 8.6850550371862649 67 71 80 0.44197656924616052 14 1277 12 1189 10 1224 21 666 4 1020 23 34
2649 -1.1178015522001723 -0.25243124608886403 8.0727890552087924 162 170 184 0.64677573574266567 20 982 12 1266 19 809
2650 -0.87859185341899559 2.6974651199955031 6.1194343090536893 49 29 20 0.34390646968901534 14 1479 12 1367 10 1406 9 1314 7 1183 6 1178
2652 -1.8857256326189233 1.3484599075566326 1.5730501324279098 34 13 8 2.1725942335552846 13 1382 12 1443
2654 -0.63664621416986666 -3.4415843992352815 8.7891387644597092 135 131 132 0.3351859784489889 17 1339 18 1221 12 1469 10 1536 4 1024 23 1218 25 792 26 920
2655 -1.0589840317009844 -3.1176759925058071 8.8793269929375676 36 74 81 0.34119914802253926 18 995 12 1479 23 1230 19 1133 25 802 26 929 27 819
2657 -0.90680607748672193 -1.3629733162948074 9.7672025366470319 47 51 63 1.0973086518043975 8 1744 16 1120 18 1023 12 1502 10 1567 9 1669 6 1314 5 1326 3 1224 2 1273
2658 -2.3174236463765086 -1.1393617701550047 9.3269318131071106 193 197 201 0.34244521991225907 14 151 12 1508 10 1572 21 1042 23 989
2659 -0.2184837846758152 0.72521225890581031 7.174399892155872 20 31 35 0.34221975333317239 11 1456 13 1470 14 1676 12 1554 6 1359 5 1194
2661 0.22752803096262153 0.74281798276652877 7.1243019465637074 18 28 35 0.35866012325277757 8 1594 11 1461 13 1476 12 1560 10 1619 7 1407
2662 -0.045702855457758984 0.83334452882104026 6.9410853005590267 21 28 36 0.47138835199004009 8 1612 12 1569 10 1639 9 1553 7 1418 6 1370
2664 -1.4284165665019812 2.0360928033340318 6.6363072174105007 29 33 36 0.24499423062977593 13 1506 14 1709 12 1592 11 1487
2665 -2.2690649908190887 2.6943756295261347 6.1039032838201539 43 22 17 0.22517427807260113 14 1905 12 1617 10 1829
2666 -2.603148039603969 2.8891960880951357 5.7083935889006057 76 58 54 0.20992319737288728 8 1683 12 1636 10 1690 9 1611 7 1459 6 1434 5 1274
2667 -0.67247162555701667 2.9509109417082433 5.5730705378929448 51 25 2 0.20487466225595208 11 1521 14 1750 12 1639 13 1546 10 1687
2668 -0.87343205471323371 3.2186951277196449 4.9389221197384376 35 15 8 0.76896038632933694 8 1707 12 1666 7 1706
2669 -2.6934946796219181 0.9414365123898143 6.8702417017918513 96 101 97 0.44375803232510602 17 1421 12 1723
2671 -2.7384371224688153 2.9543467999376363 5.7015055993726573 40 21 14 0.40502506460761595 8 2126 12 1872 10 2139 7 1892 6 1836 5 1630
2672 -0.65721895575862288 3.08009150176205 5.2873367298270928 36 8 0 0.20369736586855286 11 1779 13 1778 14 2005 12 1902 10 1925
2673 -1.4742619926746656 2.5396630674676861 6.7787584165911516 16 12 9 2.543155062670861 11 1858 12 1981 10 1991 21 1722 22 1453 24 1494
2675 -2.4913566347897458 2.9113490419638586 5.7779753797185478 18 3 0 0.3467585098861769 11 1982 13 1962 14 2177 12 2104 10 2123 9 2056 8 2106 7 1876 6 1810 5 1707 3 1564 4 1565 2 1597
2677 -2.4655217423410511 3.1036279741925115 5.3650300295099731 24 8 2 0.48052415511402657 11 2056 13 2042 14 2247 12 2170 10 2206
2678 -2.3138297645749031 3.072182071999995 5.1976099128685123 71 50 45 0.43510260397369604 11 2067 13 2054 14 2257 12 2176 10 2213 9 2145
2679 -2.3141609757634827 3.0753060896328104 5.2050117595979133 71 50 45 0.46532835531520045 11 2068 13 2055 14 2258 12 2177 10 2214
2680 -2.2884846241636003 3.1365054930759291 5.1939566298615736 20 8 2 0.37681014937300639 11 2079 15 1962 12 2192 10 2229
2681 -1.6277119711285173 3.1739389223496786 5.0855107362565199 26 9 1 0.45560962203002298 11 2085 15 1965 12 2200 10 2230 9 2156
2684 -1.7388103594154432 3.0904076915015879 5.3079669304583357 55 27 3 0.24623854682414803 8 1909 13 1787 11 1794 12 1917 16 1490 15 1498 17 1504 18 1405 14 2021 10 1936 9 1861 7 1692 19 1110
2685 -2.0374375343794928 2.6512899375167107 6.213350618160792 28 9 2 0.43126610176665958 8 2007 13 1883 11 1906 12 2024 16 1608 15 1611 17 1630 14 1887 10 2042 9 1965 7 1786 6 1713 3 1390 4 1391 5 1525 2 1437 1 1190
2686 -0.69549300859097651 2.9159146547785046 5.6228966612258802 199 167 126 0.19233396562692992 14 2166 13 1949 11 1963 12 2100 16 1894 15 1891 17 1900 18 1809 20 1668 10 2094 9 2017 8 2067 7 1848 19 1461 21 1756
2687 -1.5008876290763007 3.061667514466583 5.4088499549469331 34 5 0 1.0091193785235317 8 1898 16 1926 17 1927 18 1840 14 2220 20 1691 12 1897 13 1558 14 2003 11 1528 10 1926 9 2091 7 1912 6 1838 19 1489 21 1638 22 1519 5 1628
2688 -0.8380752845128796 2.7715104939091466 6.0721061323613723 52 33 24 0.39789405041792725 8 2218 14 2308 13 2111 11 2140 12 2244 16 2010 15 2023 17 2016 18 1923 20 1778 10 2277 9 2195 7 2009 6 1910 19 1580
2689 -0.86374757554641346 -3.4762861918293115 8.6259965649978714 189 184 175 0.90563961725576858 8 1924 15 1785 12 2216 16 1979 8 2258 15 1988 17 1982 14 2276 20 1791 13 2135 11 2102 10 1957 10 2243 9 2238 7 1973 6 1628 6 1872 19 1549 19 1615 21 1825 22 1571 5 1742 3 1315 4 1307 2 1248 1 1039 24 1540 23 1655 25 1252 26 1354 27 1160 28 1157 30 1134 29 481
2690 -1.0152039765755245 -3.9490099978877797 8.1589470414413352 164 153 158 1.5035147999069087 16 15 15 719 17 740 20 594 13 703 12 782 18 623 14 833 24 10 25 3 28 354
2691 -1.5318330779492064 -0.19054750527344388 7.9707133234226708 146 110 96 0.45289958880660708 8 905 17 254 18 775 16 872 15 842 14 963 20 732 13 836 11 845 12 1268 16 1158 15 1181 10 949 9 831 7 1111 6 1100 19 811 21 769 22 891 5 944 3 615 4 882 2 923 1 473 1 669 24 624 23 736 26 747 25 639 27 441 28 493
2692 -1.5307142334408168 -0.27805050294952566 7.9800253612698855 89 91 105 1.0463135751343497 17 242 14 251 13 207 11 206 12 880 18 767 20 726 9 829 19 100 16 253 22 161 3 612 1 664
2693 -0.95234949582104389 -2.7163310302158683 8.8970681495766151 101 94 83 1.8670552245314891 8 1255 13 1139 11 1126 12 1221 8 1252 15 1338 14 1589 13 1419 10 1257 9 1165 9 1169 7 1052 6 1043 6 1047 5 875 3 834 3 837 4 822 2 871 1 791
2694 -1.161951178700726 3.1344403784531911 5.1353625102722109 68 49 40 0.49201527299502651 14 1221 11 1051 12 1135 16 661 15 650 17 670 18 570 20 852 13 637 8 1171 10 700 9 605 7 977 6 590 19 478 21 568 22 772
2695 -0.72168407437856907 -2.6352905670042555 9.2054344581104566 87 100 104 1.069393900890059 16 803 8 1263 15 778 17 832 14 1314 20 660 13 780 11 784 12 825 16 122 18 113 11 78 10 1263 9 1172 7 1061 6 1054 5 883 3 843 4 830 2 876 1 406 23 672 26 48
2696 -0.27951129247515355 0.63893181214128414 7.3373988780993677 18 27 34 0.41722291132820394 8 923 13 852 12 907 16 1169 15 1197 18 797 20 999 7 796 21 1088 2 661
2697 -1.1203152599716053 -3.8549014250912794 8.2012484074659735 78 111 136 1.1753707326556777 12 784 16 23 8 5 18 30 11 711 10 798 24 495 28 358
2699 -1.2283788302809366 0.47857305552908097 2.9825947747649262 18 28 34 0.58367870101650021 13 874 12 921
2700 -1.2887205837485418 2.9846176637936717 5.4536892958286813 124 106 96 0.020628384609739633 14 1163 12 1086
2701 -0.81244958984683269 -3.6076690356938452 8.1885094047039679 127 97 95 1.2029948629645233 13 719 10 10 9 697 6 636 5 486 3 496 4 1
2702 -0.93648844790524555 -3.0238784499535436 8.8225597443440424 98 127 148 0.6075316328839131 8 65 10 47 5 516
2703 -0.70595960534367586 -2.7890134811575082 9.1198622841131805 133 149 148 0.37423103611861358 18 92 10 63 3 55
2704 -1.03643118847655 -2.6802371387145545 8.9267955870165885 159 154 134 0.22521869540598005 12 30 13 86 10 67 7 72 4 508
2705 -0.68011831897704067 -2.6838044485301724 9.2443505688106846 125 137 137 0.49275529017211278 20 101 10 71 4 56 23 105 25 51 28 426 30 397 33 326
2706 -1.0687443482346759 -2.5483808717370247 9.1296435628756356 107 104 99 0.36084547661882477 11 83 10 72 9 79 6 94 4 515 2 565
2708 -0.60769402867549749 -2.2656717905259125 9.9345464546396762 44 39 44 0.72057083421649859 18 129 10 84 23 124
2709 -0.44109231365244872 -1.4858375886935855 9.889145987456704 86 80 80 0.20541831974853941 8 102 10 91 9 91 7 100
2710 -0.15458217877532671 -1.3930903484976307 10.037994736545501 114 138 140 1.3580857793758012 13 793 20 674 10 95 3 1059 4 1053 2 113 2 1089 1 801 24 896 23 991
2711 -0.18515291321691163 -1.1723054910428177 10.369099332275185 78 97 96 1.2072050472834104 11 124 12 58 10 115 4 537 6 713 2 122 1 426
2712 0.10915653759171895 -0.87695137558317293 9.551405932745519 158 157 160 1.3961962551560605 8 155 10 136 7 134 2 139
2713 -1.3034225620314199 -0.85808975744401039 9.046512886535659 33 52 72 1.1814505114405065 13 146 10 142 7 139 4 103 1 440
2714 -1.4602024753725371 -0.83017789802733533 8.8967401778857802 33 49 74 1.6787573471113693 11 153 10 150 7 140 6 145 4 860 23 173
2715 -1.7096136737849048 -0.79657810305685528 8.800121740982604 29 47 75 1.4732666140929112 18 177 10 153 4 561 6 731
2717 -2.2075883584580476 -0.64014997323238587 8.6229651903448943 71 92 131 0.23521259267513026 12 79 10 166 2 170
2718 -2.3696481139078682 -0.68382304549262163 9.2032807854358172 73 96 137 0.74314242417297294 11 173 10 168 5 132 2 173
2719 -2.3464862165945548 -0.70142524248603899 9.4630115817548948 68 91 138 1.7617743135554274 14 205 10 170 5 575 1 456
2720 -1.8572208484334802 -0.5338290431481385 8.6011488562575877 53 80 123 0.44479299928330518 13 178 10 179 9 152 2 184 7 177
2721 -2.7371022981940483 -0.57096454245897055 8.7648299690376508 107 115 121 0.4390089384740406 11 180 10 180 9 822
2722 -2.0144953362793059 -0.46840894866833604 7.8568460048605404 118 135 163 0.93407703542468024 12 86 13 177 10 181
2723 -1.7226135966884182 -0.51599742567023477 9.0387960449104909 120 137 160 0.41864932960819484 12 90 13 182 10 184
2724 -2.54472538621348 -0.5303841253346826 8.9146730891813171 71 78 86 0.40146385055227635 13 179 10 186 2 198
2725 -1.3381138581067487 -0.37711458203280263 7.8178330954309496 32 66 115 0.20310789760911419 8 205 10 193 9 826
2726 -1.4939938837470907 -0.37350735038676491 7.7629662090930411 103 126 162 1.0575098353132697 11 194 10 194 9 164 6 748 5 582 3 608 10 195 4 578 2 630
2727 -1.5523716292919316 -0.28560454069592367 7.1116135454662448 157 158 170 1.6488240405597636 8 220 10 198 7 199 6 197
2728 -1.5906631581130681 -0.27105173159724077 6.8668967943722716 157 158 170 0.84288222591594497 8 221 10 199 7 200
2729 -1.9817395283192378 -0.038301503344109977 3.3532015118112715 165 164 182 2.2434450557066379 13 188 10 202
2730 -1.6240274021953622 -0.32811081722455349 8.1083639832133532 138 149 162 0.70719258311379041 14 241 10 209 4 182 2 639
2731 -1.8272640849692272 -0.12668173231624763 7.2283720589002476 0 0 0 1.2893135607244028 8 240 16 268 7 212
2732 -2.0679430731247717 -0.12364673442205495 7.8206312335048809 103 104 108 0.57807825864660034 13 223 10 230 19 109
2733 -1.3566487052374425 -0.082047700715745991 7.9872560805159649 71 98 117 0.7161121534177336 12 119 10 232 6 219 11 226 13 226 5 190
2734 -1.3918005861709808 -0.028104926202841912 8.3379342672905548 81 106 128 1.9488045365589917 11 233 10 242 6 223 10 243 1 176 3 228
2735 1.7947929337758701 0.14551653602553627 8.6554683840326483 107 111 112 0.61190423005468919 20 754 10 246 21 238
2736 -2.7461611670125858 0.036743217562974294 8.8780143670115805 91 94 99 0.33661350031389353 11 240 10 250 12 127
2737 -1.3309996044991381 0.40719001061597737 3.4432894201204758 39 48 55 0.13320567875919942 12 147 10 282
2738 -0.3252819595252997 0.53867293689647067 5.606519898407047 37 48 54 0.3739328681121239 18 283 10 283
2740 -0.27832182983521442 0.65874922965122606 7.2941869266448922 19 29 38 0.3178025102839892 8 296 12 169 10 294 6 261 5 215 3 254
2741 0.54234516526576371 0.75210979725652205 7.1539192862311047 57 67 74 0.30280741255482435 13 298 11 295 9 255 10 306
2742 1.2626765615503173 1.0872226057256118 10.910945507328911 70 77 83 0.43986501197933719 11 309 10 316
2743 -0.37000608124630108 0.84211558264388631 6.8909456394277644 49 60 64 0.27585057919737999 12 218 13 314 10 328 6 282
2744 0.60511410942190558 1.0478244665933323 6.4811766590601563 62 80 87 0.57881335454228566 13 320 10 330 12 229 22 245
2745 0.60511410942190558 1.0478244665933323 6.4811766590601563 62 80 87 0.57881335454228566 13 321 10 331 12 230 22 246
2746 -2.9839884350397279 1.6206854581258008 6.2431402048785483 17 20 26 0.24040700304745169 12 243 10 354 9 302
2747 -1.334583312544801 2.0814011262811047 6.6258974358557898 26 27 29 1.3501353914528027 13 365 14 422 10 360 6 319
2748 -1.3909374576085294 2.319115895573804 6.7186569037316675 75 78 83 0.25068881414716565 11 366 13 374 10 368 12 263 7 341 8 358 6 324
2749 -1.5626500002722743 2.4924082571602901 6.3885945174073031 54 36 16 0.16546954609387951 8 386 10 377 9 330 6 342 7 358 5 266 3 341 2 728 4 675
2750 -1.867201506996361 2.5835969897006796 6.2963235737432326 76 42 23 0.26578939330262863 18 395 19 240 22 303
2751 -2.0257956383075095 2.5929203027507586 6.2811430538861712 66 41 19 0.36457640334127311 12 321 13 425 10 409 6 383 3 365 1 550 5 708
2752 -1.4672125070544013 2.6348616545514827 6.1858472270142491 38 19 12 0.32451878182668753 14 498 10 413 9 363 7 399 19 260 16 481 3 362
2753 -2.8106516009444449 2.5555709997961995 6.3242391468216876 53 25 11 0.55998808608198747 11 404 12 318 10 420 9 971 7 891 6 903 3 727 4 960 2 757 1 730
2755 -2.9106930012509604 2.5928697864501604 6.2672894897897109 92 73 66 0.2417916324357004 12 336 13 433 10 436 9 393 7 414 6 422 5 733 3 389 4 341 2 414
2756 -2.8842437284448312 2.6047935473878603 6.2809424497929927 55 32 16 0.3689309757494148 11 951 10 437 7 419
2757 -2.6590868711898952 2.6181427815862026 6.2361278878017288 134 110 98 0.14511816505781594 11 416 10 439 7 420 6 420
2758 -2.1377474592261643 2.720149072494392 6.2000436057251136 24 5 2 0.23882275931507205 11 433 13 448 10 448
2759 -1.6098694348255562 2.7270381408633826 6.0564547391684362 34 16 6 0.095797700268101249 14 536 15 486 10 450
2760 -2.0147572799354649 2.7007794219759984 6.1043453384139221 49 26 20 0.17930725343863183 8 464 11 434 12 373 13 451 10 451 7 906
2761 -1.7906388711415473 2.7300194370255193 6.0791303747397052 99 79 70 0.093490098960207366 11 438 12 382 10 452
2762 -1.0065730839613181 2.7948703263610906 5.9535067817262606 54 35 28 0.24766817096033689 11 453 10 459
2763 -2.918705776792486 2.6718371156310128 6.1325817602997477 83 67 58 0.18377896722636183 8 500 10 475 6 449 3 410
2764 -2.1125098285184309 2.7391445947089323 6.0259206921298132 97 77 69 0.15310058153251668 14 566 10 481
2765 -0.67044995990202794 2.8316346682211977 5.8320817854487181 49 31 21 0.096705705803845243 8 484 10 482 7 449
2766 -2.7815742817151778 2.7198400667281502 6.1173809208628089 35 11 0 0.32858197320732757 11 459 12 397 13 975 10 486 9 1014 7 454 8 509 6 463 5 757 3 748 4 739 2 435 1 317
2767 -1.8769040051870318 2.8095677592467165 5.8782433003670498 62 41 31 0.06657408534505864 8 536 10 507 6 942
2768 -1.8056883473913037 2.8261953318695485 5.8862963739257044 136 117 110 0.22166228531030627 8 1082 13 496 10 515 11 483 9 441 6 470 3 416
2769 -1.2358714210204875 2.8401427313839118 5.7348822009091185 66 48 38 0.2170080577902099 8 1080 10 516 6 464
2770 -1.7909006695830221 2.836211534953931 5.8764458426604236 32 13 6 0.21461870808330163 13 501 10 519 7 477
2771 -2.7736389669135284 2.7995560759918079 5.9751923282425512 34 14 5 0.28635601322625243 8 576 10 534 7 483 6 498 3 759 5 774 4 751 2 462
2772 -2.6419055081114315 2.8106984785566662 5.9500156456499047 30 17 10 0.20144763123295109 12 452 13 502 10 535
2773 -2.7883896161597534 2.8729817943126417 5.862820638859195 135 113 100 0.16873879176514697 12 498 10 579 9 499
2774 -2.1136677795984928 2.9127897031697185 5.6982813449206002 29 10 2 0.12990706917356268 8 618 10 591 7 517 5 788
2775 -1.6054232993904671 2.9570300000435377 5.5979328283293288 44 16 1 0.3936478743740055 11 531 13 552 10 595 9 1055 8 1114 7 948 6 971 5 785 3 1005 4 996 2 798
2776 -2.6289578323378819 2.9079257762201256 5.6922872018859323 31 12 6 0.27346242680221439 12 1071 13 1008 10 606 11 1008 9 1063 7 530
2777 -0.75211073918437421 3.0180406841734193 5.3973640582389946 104 84 73 0.24604392166003775 11 547 10 607 9 517
2778 -2.7543570881383825 2.9297134013049617 5.7165174929657701 34 14 9 0.33512753141460344 13 555 10 613 12 546 7 536 6 988
2779 -1.9367276503169322 2.9775967700779247 5.5850544846818702 43 21 2 0.27480180314607339 8 639 10 614 7 537 6 984 5 805 3 778 4 765 2 807 1 761
2780 -2.2673083013484563 3.0019189681488512 5.5850879427851581 31 14 6 0.23133666194040209 12 583 10 638 11 553 13 576
2782 -0.61722724095370407 3.0722238160171909 5.2164735952136825 56 34 12 0.31720130230649801 12 1104 13 1033 10 651 9 1077
2783 -0.74922838355175558 3.0751103406605766 5.2394864565355848 94 74 57 0.25765259215073849 11 579 10 652 13 598
2785 -2.7725955801954347 3.0165836001413782 5.578652970143505 134 116 104 0.24872196268737906 12 599 10 663
2787 -2.1153411869279277 3.0615619889481316 5.4661316624641971 117 104 96 0.09977368552402506 12 617 13 597 10 668
2788 -2.6060343413258358 3.0643510992528427 5.4129461275888104 118 103 100 0.23684557461644629 11 595 10 694 13 615 7 593
2789 -2.0799939734612916 3.108590969850868 5.2968723258624522 30 15 10 0.095229806014235155 11 613 10 711 13 629
2790 -2.5857068198691895 3.0890091957950663 5.3473805786976154 53 40 34 0.14687103295211362 11 620 10 718
2791 -2.2677379819731263 3.1121295392271917 5.295100362185166 123 109 100 0.18507612614415048 8 1188 11 627 10 721 13 635
2792 -1.8953484403234531 3.1281390084201655 5.1869677634489531 103 86 76 0.13501469275784594 8 750 10 730 9 633
2793 -1.2467732518665031 3.1879687197891475 5.0776208345592035 111 97 91 0.52967198891971246 8 1193 10 746 9 640
2794 -2.0914804150951061 3.1754351404286614 5.185231006048749 115 104 98 0.22398971493297251 11 667 12 720 10 763 13 668
2795 -1.6663818918678603 -3.7414012908383936 8.936701073578508 27 26 22 0.98916346386471332 8 20 10 808 6 17 5 487 9 14
2796 -0.46777418873337795 -3.3337556508987061 8.9827501220911898 91 87 92 0.42346637568122125 17 782 10 831 4 487 24 856 25 584 26 680 27 626 28 389
2797 -1.5891394981098537 -3.2437370401607923 9.1762379831660024 84 59 39 0.40855881142415956 8 805 11 748 12 808 13 1127 10 833 9 723 7 678 6 1032 5 864 3 817 4 805 2 850
2798 0.0033765033929061827 -2.6417292911726009 8.2606099885907511 98 113 113 0.5213646197210845 8 824 10 850 3 1211
2799 -1.1430561928101688 -1.7890871731193316 6.4727717919116596 92 102 104 0.797136855963549 11 82 10 868
2800 0.83814111190792395 -1.2311154514078391 8.5494248965817903 140 160 161 1.8106654432476088 8 1271 11 104 10 878 9 1182 7 1070 6 1064 5 1143
2801 0.8789524511470227 -1.1434737534247543 8.9670872180795751 133 155 153 1.1990222450960688 8 114 10 884 5 78
2802 1.3762093509951834 -0.95146116255819047 8.9335909763691514 162 172 176 0.66824619002040087 12 844 10 895 25 415 23 193
2803 -0.72681316255798234 -0.92295924456291678 9.3213942192210197 126 118 120 0.85909636755167496 8 151 10 903 9 127 7 131
2804 0.3779727535328512 -0.79867520884083842 8.8190226426535965 94 127 134 0.42152778247051964 8 1291 10 907 9 796 6 1079 5 915 4 853 2 600
2805 -0.84026643260280176 -0.47080121633307415 7.936012456159161 38 46 57 1.7245406835993506 8 895 10 933 9 1214
2806 -0.86162717768030583 -0.39943259784012125 8.0114930926651233 87 96 104 0.61154281887369932 13 190 10 937
2807 0.46278091740688188 0.62025872474967403 7.2338269814321068 44 53 62 0.077283240330910594 13 273 10 962 11 271
2808 0.34126501323836922 0.71781218531963664 8.581590225550773 19 29 35 0.066910748582601653 14 983 10 969
2809 -0.53942412179751642 0.6299840418369711 7.4152766606806271 18 27 35 0.33345145769145013 14 1389 10 971
2813 -0.98061111542202739 0.52567924562159218 3.9506469042354193 18 31 37 0.48549299750413455 12 917 10 982
2814 -0.20794185939364418 0.75820812486135014 7.0815679002849397 22 31 38 0.027505469816095231 11 873 10 986
2816 -3.6029173390630187 0.82760660825116206 9.6369156769599815 142 144 143 0.86990425114094938 11 1216 10 1001
2817 -1.361054063690635 1.9361581241957233 6.5365939933414481 26 24 26 0.57637231362975261 8 351 10 1032 7 329 5 251
2818 -1.7418703116477636 2.4621414121631893 6.4755693729586925 24 16 13 0.62660689641367429 14 446 10 1047 9 945
2820 -1.0573052074793392 2.5772692728281088 6.2451297705060016 68 46 35 0.25890749684492909 13 948 10 1057 12 312 9 954 7 879
2821 -2.1377913661548824 3.0328084907882378 7.8868628254633633 57 33 18 1.803286176565756 14 1070 10 1059
2823 -0.99954918108089919 2.6156232288711219 6.2246509813322266 34 11 3 0.14613197454891083 13 950 10 1061 7 882
2824 -0.74391895327129121 2.6436061769384671 6.2081909298089171 57 35 21 0.50179524209304915 8 409 11 940 10 1063 12 989 6 879
2825 -1.8649976556618304 2.6081055814841387 6.2386128046653226 41 17 7 0.17078222938759444 13 427 10 1071 11 405
2826 -2.8772290731545977 2.5580191503609897 6.3714858808831893 34 21 21 0.35698380018473214 8 1393 11 1257 10 1073 13 1296 9 1317 7 1184 6 1406
2827 -2.9047544762603636 2.6156377457563273 6.2493469149828105 38 20 5 0.33652799595768174 11 955 12 998 13 968 10 1083 9 989 7 904 6 913 8 1057 5 739 5 1042 3 974 2 768
2828 -2.9073661866036131 2.6889795528569058 6.1071419315057778 36 17 3 0.3851435028969043 12 1012 13 972 10 1100 11 970 9 1012 7 1211 8 1415 6 1213 3 1154 5 1250 2 1024
2829 -0.85756983385390084 2.8822120505958941 5.7892518839114118 151 132 122 0.1208599341303381 12 1048 10 1108 9 1341 8 1417 7 923
2830 -2.9137823677778445 2.7689880278534282 5.9798324323824108 42 22 2 0.22386539434121847 11 982 13 984 10 1111 12 1031 9 1028
2831 -1.5965986069884384 2.8533244470922581 5.7820522123702993 91 71 64 0.18372482983093344 11 991 12 1051 13 991 10 1113 9 1027 8 1087 7 931 6 948 5 1059 3 753 4 983 2 782
2833 -2.9001026209472704 2.9226458121144891 5.687768346968042 39 21 3 0.28326996166968332 12 1075 10 1147 11 1012 13 1011 9 1069 7 959 6 1263
2834 -2.9096112229363982 2.9664174409464397 5.7186490038034252 30 13 1 0.23424924712626949 11 1017 10 1149 12 1078 13 1017
2835 -1.452906511343139 3.0431162291007889 5.4609615527335897 67 41 24 0.40696214442934558 13 588 10 1151 12 598
2836 -0.63355685575607745 3.1221344823973496 5.1673674624800245 49 34 15 0.88497550418244142 11 1042 14 1202 10 1166 7 967
2838 -1.460646312866821 3.143779650527649 5.1565128212538403 164 139 132 0.15718529832183836 11 631 10 1184 12 695 9 1104 7 985
2839 -1.2879263201079718 3.1904812131113274 5.012410281257119 153 138 126 0.12311513991180278 12 1164 10 1194 13 676
2840 -0.82384545372996287 -3.274895781658163 8.7762060145044156 179 179 171 0.33502984236183758 8 1237 10 1238 7 672 6 1028 2 527 1 371
2841 -1.4482282235720114 -3.0097823604932308 9.1314423983159134 48 58 48 0.70433013530297794 8 1248 10 1250 9 1159 12 816 7 1041 3 825 5 520 4 813 2 863 1 620
2843 1.1921519895969168 -0.25578731820542838 7.919179260825568 167 121 97 0.72141677306348995 11 1431 13 1445 10 1312 12 1713
2845 -0.60870320696245006 0.67004510105481441 7.2713338555281704 19 30 34 0.26057792936153862 8 1327 11 1199 10 1341 7 1121 6 1121
2846 -0.60399249608900296 0.67191988702576222 7.2852902722915225 19 30 34 0.20574848807739637 8 1328 10 1342 7 1122 6 1122
2847 0.437735126099838 0.76440406960195428 7.083189344001517 19 30 36 0.39412044027136395 11 1212 13 870 10 1345 9 1247
2848 0.54046070329791018 0.85557144719738898 6.8257787395715512 47 61 69 0.17454999640724533 11 886 13 1244 10 1353
2849 -0.7349623091802957 1.5644962443428607 6.1330014119767311 66 68 63 0.16722215933419293 10 1373 6 1151
2850 -1.3132305044426107 2.1636229158646869 6.6596217199058314 31 29 30 0.90064833303119762 8 1640 13 1630 10 1383 9 933 6 860 3 1121 4 1118
2852 -1.8019889229527344 2.5186836803037669 6.4487497662140232 44 28 14 0.24708618857472905 12 1351 10 1390 11 938 13 944
2853 -2.1237467488852677 1.0975584281663426 2.1170750843513204 0 0 0 1.0085914251873191 12 1352 13 1292
2855 -1.0533439191358112 2.6246088674430896 6.2485437113965387 49 24 18 0.45040897132932722 8 1382 14 1474 10 1395 9 1306
2856 -1.2029721503210737 2.6224164077772976 6.2387092424177935 50 26 17 0.28975247869612808 11 1254 10 1397 9 1307 12 1360
2857 -1.297875998947204 2.6286291730889371 6.2044087411265147 32 13 3 0.15190179050828242 11 1258 10 1399 7 1176
2859 -0.68152149043908594 2.709988102743297 6.1011575585847488 142 131 111 0.24331340534522344 13 1303 10 1404 9 1313 7 1182 6 1176
2860 -1.3385642138976843 2.6615156384854131 6.0780336115943712 66 45 36 0.34704344530290437 8 1392 10 1410 9 1320 6 1185 4 1135
2861 -1.2607961861792047 4.4886258036989579 11.194405358015407 36 16 7 2.8564035708934976 13 1298 10 1411
2862 -1.9451928104935865 2.6736948942849512 6.1806132821915138 33 15 5 0.092193296658825155 11 1264 13 1304 10 1416
2863 -2.1761071043484166 2.7099731773603155 6.0533162586399465 32 13 6 0.38464497309457402 16 983 10 1424 7 1206
2864 -1.640411467784193 2.7710781300349447 5.9776508655387453 61 41 32 0.24953383829941786 8 1411 10 1426 7 1208 5 1043
2865 -2.6479713544225985 2.7170166685796158 6.046892400996815 33 15 11 0.17408937520933118 8 1416 10 1429 9 1339
2866 -2.9093715335069779 2.7158574114096825 6.0924651252434039 43 24 9 0.19303583066104152 11 1276 13 1318 10 1430 12 1377
2867 -2.4222564757435809 2.7629038918427029 5.9684695899967348 33 10 2 0.23575265896363151 11 1280 13 1323 10 1433 12 1385
2868 -1.0926557407465558 2.8515203331390846 5.7725250297362694 37 17 9 0.23084502257609804 8 1418 10 1434 9 1343 7 1218
2869 -2.5771428736466664 2.7715044207446571 5.9680445110820814 32 13 6 0.34681798247266699 8 1424 11 1282 10 1436 13 1324 7 1223 6 1224 2 1207 5 1261
2870 -1.4137323522365211 2.859902457518634 5.7691301060959868 34 15 9 0.25994260066654618 11 1285 10 1440 13 1332 9 1353 7 1229 6 1220 3 990
2871 -0.83158861650153404 2.8974075306647329 5.6501284806269867 41 21 12 0.40591874474577677 8 1427 13 1334 10 1443 9 1356 7 1232 6 1218
2873 -2.7996788697769839 2.8049489316996148 5.9211562926982007 44 24 5 0.44251193413999618 13 1331 10 1445 9 1364 7 1237
2875 -0.90963096867839632 2.9228451338646018 5.5910891996604937 55 33 23 0.34190284914415386 11 1293 10 1447 9 1363 8 1433 7 1239 6 1228
2876 -2.0718798660545739 2.9122233212287534 5.7652387513787264 33 15 4 0.22011040508979265 11 1000 13 1003 10 1450
2877 -1.4007014372466395 2.971229901278309 5.4563794287544161 35 15 6 0.49564473876400905 12 1085 10 1461 13 1018 11 1016 9 1382 7 1264
2878 -0.80727606801048957 3.1027561364111191 5.1176738292764874 37 19 9 0.35645138486512867 11 1323 10 1480 13 1364
2879 -2.8929071712019883 3.084112693918784 5.3902616574016955 27 8 0 0.38233551958217643 11 1333 12 1417 13 1367 10 1496 9 1629 7 1484
2880 -1.7603099446781099 3.1652427843969506 5.0000585901891643 34 16 6 0.16446428451520811 12 1442 10 1509
2881 -1.6113965153384284 -3.7671297192158466 8.9866028086205354 86 70 55 0.5946474765675217 8 1522 11 1377 13 1400 10 1530 12 1677 9 1460 7 1328 5 847 3 801 7 1015 4 1018 2 835 1 771
2882 -0.36399060115356352 -3.3591282043896502 9.0490206208040203 121 121 122 1.3059614832706112 12 1474 10 1541 7 1340 5 1124 3 1036 4 1034 2 1069 1 779
2883 -1.4463685374335242 -3.2334920039548214 9.0902805702938938 51 57 45 0.33369236856628248 8 1533 10 1546 9 1471 6 1301 2 1254
2884 -0.50345757602187136 -1.6820520475921628 10.18180632844626 20 26 31 0.31627200287031715 8 1552 10 1566 2 1269
2885 -2.1657350189500528 -1.1482261340195197 9.225423748331723 74 79 82 0.39024998092096386 11 1410 13 1157 10 1571
2886 -0.84183490367369873 -0.98783787287519653 9.3066201807955871 159 157 157 1.1454622609228082 14 1615 10 1577 9 1198 20 695 23 998 25 837 26 962
2887 -0.68278893708798094 -0.77303473851803806 8.5637436326315459 46 50 53 0.66785538956979862 11 1836 10 1583 13 1820
2888 0.038760953838637313 0.63325604443485972 7.3115700499452609 17 30 36 0.64124899383589018 12 1543 10 1607 9 1528
2889 -0.33892035576791985 0.72005280997068377 7.1752172008922059 17 26 33 0.30088456259635959 8 1598 11 1454 13 1467 10 1615 7 1402 6 1362 9 1541 5 1192
2890 0.3495083804433875 0.75139366976173094 7.1360498024267347 15 26 32 0.2486301884901263 12 1561 10 1620 9 1536
2891 -0.67028084806418398 0.70866424527932725 7.2577643840778956 19 30 36 0.21957727021281359 11 1449 10 1622 7 1408
2892 -0.45253276230190254 0.71601914584179605 7.1818407004817271 18 29 35 0.16399083387323188 8 1603 11 1451 10 1625 7 1411 4 1099
2893 -0.41317950164098777 0.76924034807428698 7.0954851770584222 16 27 33 0.28906453996828246 11 1462 10 1628 7 1415 9 1548
2894 -0.2094569193382303 0.76824071804792626 6.9727155544683077 20 30 37 0.1840175233129285 13 1478 10 1630 12 1566
2895 -3.5423899790758835 0.73191981726649613 9.0891547815126597 194 198 197 0.32375026842026439 11 1609 10 1632
2896 -0.71909196878169268 0.80130417554191502 6.9995262797993147 33 43 53 0.33593223556944996 8 1620 10 1635 9 1261 7 1136
2897 -0.72186472955921954 0.80238304925666637 6.9894496807321067 33 43 53 0.11641741747620066 8 1621 10 1636 9 1262
2898 -0.26925703675468537 0.82574865755490445 6.9724112951433987 21 30 37 0.27675558615971341 8 1617 10 1637 9 1555 5 1201
2900 -1.4717954837546872 1.4081083899306424 6.6653489310844538 59 64 70 1.6166669947402945 8 1635 10 1645 5 646 10 1016 3 282 12 233 4 252 1 694
2901 -2.1442390616640745 2.3023122121978128 9.7758285610118829 46 53 56 1.7540845174510351 11 1621 10 1647
2904 -0.85271739714641948 2.4948557002244289 6.4214315544629841 37 7 0 0.19417647103562 11 1496 12 1599 13 1515 10 1661 9 1714 8 1788 7 1554 6 1529 5 1367
2905 -2.3787315508886122 2.4622331552188004 6.2350750978484175 87 56 46 0.009621081398241603 11 1501 10 1665
2906 -1.39058198158367 2.6490855842238763 6.1510615040187231 158 128 120 0.20897324614084994 11 1509 13 1530 10 1669 9 1589 7 1442 8 1653 6 1401
2907 -2.9482034385855638 2.5978456170766919 6.2588503582091608 19 15 15 0.53760018736529935 13 1531 10 1672 9 1597 7 1448 6 1414 12 1365 13 1301 5 1242 3 970 2 1189
2908 -2.9620670166605896 2.6857195969852912 6.1379740264620271 13 9 6 0.63105715449096911 12 1618 13 1536 10 1676 9 1604 7 1450 6 1420 3 1153 9 1337 4 1151
2909 -2.2283366481280025 2.9543371946209942 5.5651146908768734 28 10 4 0.2714121648751352 8 1687 10 1693 6 1438
2910 -2.2298937193512423 2.9520547770912144 5.5549105176985201 28 10 4 0.26390404721444116 8 1688 10 1694 7 1464
2911 -2.5662087539787186 2.9853255197600528 5.5373620292305938 29 11 7 0.31083197436692089 8 1902 11 1527 10 1696 13 1556 9 1853 7 1684 6 1612 5 1427
2912 -1.3093859435807045 3.126728899212742 5.1501313954977679 131 109 98 0.10536447544752083 11 1801 10 1703 9 1869
2913 -1.2778021653659386 3.691754999111597 6.0454567305030915 63 45 35 0.32796989641271879 14 1547 5 1112
2914 -0.28616752133033863 -1.5354428458440528 10.100811848648982 108 134 141 0.97160068545812028 8 1737 10 1740 9 1666 7 1515 6 1490 22 1073 5 1321 3 1221 4 1320 2 1271 1 960 24 1127 25 1022 26 1151 27 1085
2915 -0.32718148842082262 -1.2807927447955274 10.015214007869135 56 69 77 0.72945600842882574 13 1601 10 1749 9 1489 7 1356 24 1455 23 1568 27 1088 28 1115 30 1042
2916 0.76490379596089741 1.0312241178410133 6.5802739782640973 68 86 90 0.50736264801816 13 1488 10 1763 19 1025
2917 -1.3969268881974597 1.9568639916942416 6.5486118276718646 75 78 80 1.0083491023264386 8 1784 10 1773 9 1709 7 1550 6 1526 5 1462 3 1348 4 1346
2918 1.1541459769561087 2.791030970321827 8.8083837168707362 56 69 61 1.7664132681698326 11 1489 12 1596 13 1510 10 1774
2919 -1.4060632628591463 2.4727610518935115 6.9160425997766328 51 52 54 0.50505502177403905 11 1628 12 1743 13 1631 10 1778 7 1551
2920 -1.0623526253118354 2.4948959491941212 6.3513507967046676 179 144 110 0.33857738366635809 8 1790 10 1782 7 1558 6 1394 3 1128 4 1123 2 1170
2921 -1.0775394596662271 2.6416010278293718 6.1796368237634169 96 73 67 0.21648825090575774 14 1875 10 1802 9 1586
2922 -0.76927487036131892 2.6761884808783432 6.1747343883993944 30 10 0 0.057214665170937477 12 1772 13 1651 10 1805
2923 -1.4431760008217138 2.7293433962847651 6.0212764032649737 48 28 21 0.30175575263887694 8 1818 11 1679 13 1677 10 1824 12 1801 9 1750 7 1590 6 1553 5 1538 3 1400 4 1403 2 1443
2924 -2.4301724076891627 2.6851922694830903 6.084587650902197 43 23 14 0.25103996595247696 8 1827 10 1834 9 1758 7 1603 6 1561
2925 -2.5904305841888835 2.721256487442814 6.1507301938221515 45 26 20 0.32949949680650392 11 1685 12 1800 13 1680 10 1839
2927 -1.362383220815802 2.7968114399044581 5.8534755383782517 120 91 85 0.18285166646407802 8 1840 13 1700 10 1850 11 1706 9 1777 7 1620
2928 -1.7852909175138301 2.7877157961852994 5.9284256489751366 72 52 45 0.12757452483446782 14 1741 10 1851 9 1779 7 1621 6 1565
2929 -2.8267564760073189 2.7584860861163212 6.0482651559556961 23 1 0 0.2049328018906322 8 1846 10 1855 7 1625 5 1586 3 1440 4 1442 2 1474
2930 -0.68718810911776784 2.8914512396446281 5.7239910966079863 39 16 1 0.11903348717425231 11 1720 13 1714 10 1859
2931 -0.68718810911776784 2.8914512396446281 5.7239910966079863 39 16 1 0.11903348717425231 11 1721 13 1715 10 1860
2932 -2.2744231983259411 2.8178667231974215 5.9088430045384506 68 48 39 0.32080327099786471 11 1715 13 1709 10 1865
2933 -2.274375780381837 2.8184852554690352 5.9116097129775591 68 48 39 0.28385625503460099 11 1716 13 1710 10 1866 9 1792
2934 -1.6674959102748517 2.8641041277388353 5.8221771256825843 24 6 0 0.33154702954000548 8 2070 10 1868 9 1794 7 1845 6 1771 3 1437
2935 -1.3651984511761217 2.818742301188137 5.6073630054783337 108 85 79 0.2310507024067795 13 1719 10 1869 11 1727 12 2086
2936 -1.582797599243597 2.8937669010001104 5.7494882531488427 35 13 5 0.28765591202881918 8 1856 10 1875 9 1799 7 1634 6 1575 5 1590 3 1445 4 1444 2 1473
2937 -2.4168351793803429 2.857971915211039 5.8394750708406056 42 23 16 0.41638296011282583 8 1861 13 1726 10 1881 9 1809 7 1639 6 1584 5 1601 3 1450 4 1449 2 1482
2938 -2.5016287697415032 2.855048907792229 5.8073197713464797 85 65 58 0.39062429688082673 8 1864 11 1969 12 1840 13 1728 10 1882 9 2038 7 1646
2939 -2.5002042469279839 2.8642314627963819 5.827165575840298 85 65 58 0.26397030093483598 8 1865 10 1883 7 1647
2940 -2.4105759108100524 2.9335955819339259 5.6969396921246727 36 17 8 0.30593353776246385 11 1751 13 1745 10 1903
2941 -0.74275285083681442 3.0729244006191041 5.3650383996259148 46 27 12 0.31852125321152847 11 2020 10 1918 9 2077
2942 -1.5754895663937312 3.0226874023375192 5.474565810119401 70 37 7 0.37085303302093281 12 1889 13 1769 10 1920 7 1675 9 1844 6 1603 8 1891 5 1421
2944 -1.8989382519837146 3.0382388433413259 5.458636952451184 79 45 10 0.30520605671156187 8 1901 10 1928 9 1852 7 1683 6 1611 5 1636 3 1480 4 1483 2 1511
2945 -1.7367647515465889 3.0973688502500791 5.3194792028554465 53 22 4 0.18659691654809263 13 1788 10 1937 9 1862 8 1910 7 1693 6 1618
2946 -2.550057511588085 3.1334952747280251 5.2857438910378383 31 16 9 0.41670710395816479 11 1804 12 1921 10 1947 13 1794
2947 -1.5356955781912582 -3.6803751310717696 8.8254526160682651 104 77 62 0.37153871092213875 8 1923 10 1956 9 1879 7 1499 6 1627 5 1297 3 1314 4 1306 2 1243 1 1038
2948 -0.91282015697519381 -0.77151866108352474 8.8313728905380771 28 66 124 0.53298550579737347 11 1837 12 1962 10 1967 7 1720
2949 -3.0333401231408885 1.7350555348336174 6.0951052781175203 84 87 94 0.074311751985117414 11 1237 10 1989
2950 -1.6887354977937985 2.4300995813294821 6.370846596509077 15 15 10 0.37327793046823915 11 1859 12 1982 13 1837 10 1992
2951 -0.82279451646127955 2.5489833439515954 6.3655532626343359 202 167 129 0.34238167206750847 8 1955 10 1994 5 1468 7 1741 9 1913 25 1074 27 1051
2952 -1.2340099396920436 2.6825908725416299 6.0986900221311382 32 5 0 0.21327690416081102 8 2000 10 2040 9 1962 7 1784 6 1702 5 1510
2953 -2.0394673511657082 2.6469927297835096 6.2054310163918771 28 6 0 0.35986859511400404 8 2008 11 1907 10 2043 13 1884 12 2025 9 1966 7 1787 6 1714 5 1526 4 1392 3 1391 2 1438 1 1191
2955 -1.1882975467432644 2.8499024242249891 5.8430591311377755 23 3 0 0.65076959127966394 8 2050 10 2083 9 2004 7 1829 6 1749 5 1564
2958 -2.8270216231562824 2.8303949053550026 5.8926059891823455 26 7 0 0.27568999679375356 8 2087 10 2107 9 2034 13 1720 12 1834 7 1857 3 1453 4 1454
2959 -0.67935945928559027 2.9728507088362646 5.4827376274408355 217 179 130 0.25027937202498951 13 1974 10 2120 7 1868 8 2092
2960 -2.4907127973345564 2.9018934718387888 5.7574785084417446 19 5 0 0.2692816376411597 8 2105 11 1981 12 2103 13 1961 10 2122 9 2055 7 1875 6 1809
2961 -2.6637460436779801 2.9081312595777629 5.762315711986254 18 3 0 0.36769487979319387 8 2111 11 1985 10 2127 13 1965 9 2061 7 1880 5 1712 3 1567 4 1567
2962 -2.6634960525630986 2.8945134114208799 5.7323069861266438 18 3 0 0.3525604726703328 8 2112 11 1986 13 1966 10 2128 12 2106 9 2062 7 1881
2963 -2.814778892168464 2.9036985747525454 5.7421446990765537 37 14 6 0.23117810982881995 11 1992 12 2109 10 2131 13 1970
2965 -0.99376629018458917 3.0254579711688376 5.414560725578502 24 5 0 0.40754413240604948 11 2005 13 1987 10 2136 12 2131 9 2069 8 2116 6 1814
2966 -1.1525831827501305 3.0368073810326175 5.4143107942767417 25 7 1 0.21185421570197771 13 1994 10 2143 11 2013 9 2073 7 1896 6 1816
2967 -2.6512395736149879 2.9718798765370082 5.5973968695013214 20 7 4 0.3467375493269132 8 2134 11 2008 13 1985 10 2150 9 2088 7 1905
2968 -2.812009781320675 2.9921901678092064 5.6396634290804277 25 5 0 0.14859974646086652 11 2015 12 1883 10 2154
2969 -1.2242686727832948 3.0625903017790295 5.3319673686701492 45 25 16 0.39857631650365039 8 2132 13 2010 10 2160 7 1915 6 1834
2970 -2.734508168198067 3.0351895214120446 5.5942202544098389 25 12 5 0.3261039038730642 13 2006 10 2171 12 1892 9 2109
2971 -2.6434690680984292 3.0339986427962975 5.4487553386912211 19 7 3 0.30140983958103928 11 2040 10 2183 13 2020 12 2152 9 2116 8 2156 7 1934
2972 -2.8060960557444115 3.0672466627353079 5.5177006989173849 24 3 0 0.019203953061395045 13 2024 10 2193
2974 -2.6516497512361181 3.0571034319953063 5.3627381882768876 63 48 44 0.29600975649932343 8 2169 11 1796 12 1914 13 2033 10 2202 9 2132 7 1946
2975 -1.3004394854914092 3.1472164793448116 5.0706927063142819 20 4 0 0.29328270644710625 11 2075 10 2215 12 2193 13 2062
2976 -2.6274966100224058 3.1152497586902981 5.3542866648113092 17 5 0 0.13175476360942415 11 2066 10 2217 9 2148
2977 -2.8020698075105597 3.1190514968034257 5.3478440372128526 26 9 0 0.22990239086788683 11 2071 12 2181 13 2056 10 2221
2978 -2.4732436526295447 3.0996843496739697 5.2256466121946223 73 55 48 0.18930896641622963 11 2073 10 2222 13 2059 12 2186
2979 -2.4728652958957644 3.092477678878415 5.2128535652193468 73 55 48 0.099483373559930532 11 2074 10 2223 13 2060
2980 -1.4607622150768891 3.1584475424275933 5.0668116875043339 25 8 0 0.11364480256619858 11 2080 10 2224 12 2197
2981 -2.2880110743535691 3.1073030824512426 5.1359607347838656 18 6 0 0.2807703306802809 11 2078 10 2228 12 2191
2982 -1.6389184596845618 3.1222433359745452 4.9873435684038654 22 4 0 0.57916668721402109 11 2086 10 2231 12 2201 13 2071
2983 -2.1421690329419394 3.1267292067712185 5.066457598152315 72 59 53 0.2352161238441306 11 1810 13 1803 10 2233 9 1875
2984 -2.1418866282448832 3.1438479999943705 5.0993271194150624 72 59 53 0.25555993396859256 11 1811 13 1804 10 2234
2985 -2.4546555016743614 3.136493965096018 5.1651844341281219 18 5 0 0.38754693355045261 11 2087 13 2068 10 2235
2986 -2.4546555016743614 3.136493965096018 5.1651844341281219 18 5 0 0.38754693355045261 11 2088 13 2069 10 2236
2987 -1.5421704383987411 3.1936369438949304 5.0207121535002806 38 19 13 0.91643509746410845 11 2094 12 1933 10 2237 13 1570 9 2163
2990 -2.5794886136655744 -0.1345467355740422 8.5453722901409677 47 55 61 0.30738231325244758 8 2203 10 2263 6 1892 5 1667 3 1603 4 1602 2 1539
2991 -0.67678332931303908 3.0347226391427822 5.3236584950226407 219 191 146 0.16013820120306987 11 2144 10 2278 13 2113
2993 -2.8256513945120778 3.009502190902706 5.5324055965578953 164 131 86 0.28793847227670077 11 2146 12 2247 10 2284 13 2115 9 2212 8 2243 7 2024
2994 -1.1237365261930554 3.1703198309400866 5.1445399944941572 22 5 0 0.43719082109267626 8 2252 10 2289 9 2221 7 2037 6 1949
2995 -1.1246164719185536 3.1712391094309029 5.1430751460852893 22 5 0 0.37471832120983239 8 2253 11 2070 13 2058 10 2290 9 2222 7 2038
2996 -2.8258711167873609 3.0958837644892161 5.4406546119837893 157 123 77 0.24869424578115001 11 2151 10 2291 12 2253 13 2120
2997 -1.7908142997187677 3.1803441746377725 5.0822346068037092 27 9 0 0.39116007579997425 11 2090 12 2261 10 2297 9 2161
2998 -1.7899119043408289 3.1812487611912497 5.0856858899558022 27 9 0 0.4343988192880352 11 2091 12 2262 13 2074 10 2298 9 2162
2999 -2.8095394000510754 3.1468273813548286 5.2740514430706948 149 116 75 0.32253124591317245 11 2156 13 2126 10 2299
3000 -0.80103776870819388 -2.9164756468167203 9.0338127040085254 44 53 70 0.77838248311487956 8 2262 10 2304 9 2241 7 1981 6 1879 21 1868 5 1657 3 1494 4 1499 2 1520 1 1160 28 1242 30 1168
3001 0.74202431601694363 -0.73502656361653607 9.0492973878199283 57 67 72 0.93579288869886168 11 2176 10 2318 9 2254 8 2200 7 1989 6 1886 5 1663 2 1529 1 1168 3 1501 4 1501
3002 -1.3808460994603102 -0.61887396238990311 8.5504140838817744 35 49 62 0.38023675890068959 8 2276 10 2319 9 2255 7 2059 6 1976 5 1758 3 1600 4 1596 2 1632 1 1254
3003 -3.1261359699246114 0.23695852568983516 5.9439004056445066 210 214 217 1.0041909482640587 12 2307 10 2327
3004 -3.0680386947117566 1.8693357410954361 6.6848038672909951 79 82 89 0.32552818016461976 11 2204 12 2330 13 2179 10 2331
3005 -1.3467466318576189 2.3585146428759969 6.7216900784572902 51 54 59 0.66239673621044204 8 2284 10 2333 9 2266 7 2070 6 1984 5 1772 3 1616 4 1606 2 1548
3006 -1.5051651376505999 -3.9403129826814682 8.4698156723487106 44 80 105 1.6789154041923326 8 2289 10 2338 9 2273 7 2104
3007 -3.0003217219172655 2.5679839548708077 6.0116168856520265 7 11 12 0.45151570774033334 8 2333 10 2384 9 2320 7 2115
3008 -2.4976540510023102 2.8268300994341362 5.8971990298088803 16 4 0 0.33395218471002047 14 1946 13 1938 12 2079 10 2097 8 2077 11 1725 9 2025 7 1850 6 1783 5 1596 3 1447 4 1446 2 1478 1 1142
3009 -0.60311399382737818 -1.023501338770862 9.4036386749086454 91 94 100 1.5821441146151913 16 167 15 187 18 157 14 159 10 120 14 155 12 60
3010 -1.5541155526271746 3.0625083552268633 5.3298178386338364 40 20 2 0.3405203624398096 16 1017 18 1177 14 1188 20 1083 10 664 8 687 15 603 9 573 7 573 6 567 19 728 21 1182 22 1008 5 814
3011 -1.676666533518993 3.122678479334243 5.2271405033801752 34 5 0 0.84840168307643593 8 1915 14 1771 13 1567 11 1538 10 1941 16 1493 15 1501 17 1508 18 1409 14 1770 20 1316 13 1566 12 1655 7 1701 9 2129 6 1621 19 1113 19 1512 21 1184 21 1646 21 1775
3012 0.97329926060543637 0.60899523456350368 7.4769861178987389 30 36 42 0.66078295946236976 16 1386 15 1398 17 1410 18 1300 14 1661 20 1212 13 1622 11 1608 12 1538 10 1333 13 851 14 1388 19 1012 21 1290 22 1265 24 1350 23 1466 26 1259 27 1186 28 1233 30 1156 29 560 31 1363 32 1092 33 1187 34 1070
3013 -1.657567515724943 -0.99657479842718277 9.0297517341026676 70 82 83 0.91264048117352969 16 159 11 125 10 898 17 845 18 725 14 926 20 687 13 803 12 841 9 1197 6 1078 21 728 4 551 24 898 31 484 28 442 36 59 34 21
3014 0.12478056552525507 0.73803181529181949 7.1556189836752448 19 29 35 0.42043957259600467 15 1411 17 1413 18 1304 14 1681 13 1474 11 1459 10 1613 14 1680 12 1558
3015 -0.37960096580925795 -3.2615543523210229 9.0691229365219481 111 111 116 0.46317032549740794 16 1086 8 1240 15 1107 20 633 13 1124 10 1545 16 1319 15 1327 9 1151 7 1031 6 656 21 1008 21 1237 5 862 3 31 3 815 2 1071
3016 -1.9687631936365197 -0.082908991194282466 8.4315917428332305 182 183 193 1.1694095818577697 16 2043 8 2280 15 2057 17 2045 12 2286 10 1976 17 1839 18 1712 20 1374 13 1829 11 1846 12 1967 22 1256 1 1259 23 1584 26 1327
3017 -1.5597592343096505 2.9512593127886002 5.5770479396670618 51 21 7 0.64206995880094675 8 1446 16 574 13 1009 11 1007 10 1136 15 1004 18 907 7 1255 6 970 4 759
3018 -0.75985913734817356 2.9333714679208027 5.6045763540784028 59 35 17 0.24601891095581133 15 997 20 466 11 995 16 1001 14 1500 10 1121 8 1432 13 1338 9 1362 6 1222 19 382 21 505
3019 -1.9479170054882298 -0.19392280764250375 5.9228386990606623 82 85 94 0.88916561277647987 13 198 10 210
3021 0.092495606723727031 0.75145845674391876 7.1272853014147595 18 31 37 0.27526460605665581 14 997 10 981
3023 -0.63152021903492694 -3.2364252218866278 8.9634584566761681 169 169 169 0.2568159446268366 16 73 9 36 3 29
3024 -0.1493876460592411 -2.759711036878377 9.6325620242975774 66 87 88 0.92286122904448387 18 1017 9 72 22 86
3025 -0.14623348237286149 -2.5861157965307822 9.7287627299251458 82 103 106 1.1098116226244221 12 1498 9 81 6 1057
3026 -0.5641621023059713 -2.2740868137569614 9.9747679345250653 35 41 41 1.4196226855478444 12 44 14 127 9 88 7 95 22 95 3 94 4 69
3027 1.4085231568205581 -0.89361276378386978 8.9340729608547598 222 233 234 0.28813298650842217 13 140 9 116 22 142 17 182
3028 -1.1880986047152611 -1.021769061309644 9.1247304998738823 78 84 82 0.47531159821949542 17 159 9 118 21 732 5 94
3029 -0.90197039321496209 -0.97423210667515081 9.2583604345198225 80 84 83 0.32688942945877975 11 134 13 807 9 123 5 99 4 98
3031 -2.6667627772673215 -0.72420491469948245 8.7352653982809532 188 196 206 0.91411625326195534 14 193 9 141 19 68 26 468 28 90
3032 -2.0827207213545238 -0.51686471070096229 8.2502322985906069 118 138 165 0.16892108721586677 12 84 9 151 7 176
3035 -2.4327435592912381 -0.49466203157852129 8.727430674126305 81 81 91 1.4777889816611052 13 183 11 189 7 187 5 164 10 191
3036 -1.5319416771422689 -0.40828417905840864 8.1154749332557774 112 132 163 1.2368465919637277 8 204 10 192 9 162 5 157
3037 -1.3498689855674486 -0.33184880760031238 7.5425760895308027 123 129 153 0.64172264710162474 8 213 9 167 7 196 6 189
3038 -1.7810947772340739 -0.35832412071321157 8.1337926617452112 145 150 158 0.68309004700684961 14 236 16 244 9 171 18 223 3 611
3039 -1.4135039912326828 -0.30325650845747693 7.5973530804157203 161 165 178 0.85012182771470379 11 198 13 200 9 172 2 207 6 198
3040 -1.792736759740674 -0.33654674590992179 8.2006834022903412 84 84 94 1.2122812009015425 11 200 9 174 5 175 12 103
3041 -1.9881676205099175 0.18410291289603287 8.4335840709204941 90 90 98 1.7385123759928121 14 291 9 198 24 189
3042 -1.1338442252588536 0.25763334356512646 7.9795105701309703 116 131 154 0.37576788179962134 10 958 9 200 4 600 2 251
3043 0.73391698885630452 0.66570636001588113 8.0031019096236982 46 57 63 1.1743499506180664 15 322 6 758
3044 0.20768225574132393 0.62954907218366285 7.6013180856440083 43 52 59 0.95970979331975259 10 278 9 222 7 795 6 761 22 211
3046 0.021905618621622991 0.65592493901300741 7.1786954189936347 21 30 37 0.35574695830619146 8 289 9 236 6 255
3047 -0.56060764956847509 0.63375698257521607 7.3458156269839066 18 29 35 0.29257277535058185 8 293 15 326 9 238
3048 3.7731457978103875 1.3699962013641978 18.566685785080278 24 33 40 2.2792769894759388 13 292 9 239
3049 -0.2175666319876145 0.74040220592344641 7.1169482475837471 16 25 32 0.017459160591855129 10 312 9 261
3051 -2.3418642864157544 1.5849726759946487 6.2450864303285059 39 43 46 2.0008598613792024 11 1234 9 299 7 856
3052 -1.5666194000493658 1.8713805067265601 6.7477183424627185 25 25 24 0.59221036613008404 10 355 9 301 6 312 2 319
3053 -1.4927046143322458 2.0668260874409619 6.8758609279616856 29 29 26 1.1382516619871346 12 255 9 306 7 331 6 317 8 994
3054 -1.4289041805732674 2.2669364731820405 6.6383661115781498 38 41 46 0.56431602982831797 8 356 9 311 6 322
3056 -1.365021605697724 2.4129336693568848 6.7693934547304577 66 69 74 0.45034418496822692 10 1043 9 314 6 325 5 670 3 323 4 925 1 263
3057 -1.0009647621712476 2.4111179089994219 6.506517682333512 22 15 7 0.38821846109873331 20 806 9 316 19 211
3058 -1.1205663190576169 2.4735825332162396 6.4743144356543221 144 123 108 0.088672496750646423 8 370 9 321
3059 -0.95699085734052514 2.5595190575980293 6.346224146989905 152 123 105 0.16688901279694046 10 380 9 333 7 361 8 388
3060 -1.7310546124500794 2.5045946758967386 6.4222832743695388 150 126 112 0.12114650005656756 8 391 9 335 7 362 6 344
3062 -1.0740642661339228 2.5692545038288643 6.2980166932322952 48 25 11 0.37185600941956298 10 391 9 339 6 346 4 678
3063 -2.1604009106209978 2.5335142300624542 6.4585107865221616 128 116 99 0.16252124829211026 8 407 9 341 7 374 6 362
3064 -2.2063862753258605 2.5215162271266922 6.4023148251728861 116 98 88 0.10019166943012293 8 411 9 348 5 701
3065 -1.6600400008221605 2.5894420856042788 6.2971512138271954 33 6 0 0.29327199877950855 11 397 12 316 9 354 6 366 4 303 2 739
3066 -2.4995149550693294 2.5414237240616422 6.3772756316403187 59 39 18 0.11356724486825984 10 404 9 360
3069 -1.3702311165940999 2.6122733931089042 6.0735907620578766 45 24 14 0.26105611613538016 8 1034 9 368 7 889
3070 -2.8256993185311345 2.5523294567645998 6.3582344543773877 132 109 104 0.42664650625973238 10 417 9 371 7 400 6 397 3 377 2 396 1 290
3071 -1.4885896485880474 2.6665530098305497 6.1722930484702196 27 7 1 0.16906197900486697 11 413 9 375 7 404
3072 -2.5461217124139637 3.1579153905163455 7.6557838142800172 75 49 33 0.97828838254941042 8 444 18 414
3073 -2.3384486080869049 2.6245704085305102 6.2020294499239945 42 18 6 0.29951488788449432 10 433 9 385 6 408 7 413 4 706
3074 -1.3577520504769935 2.7387579322007665 6.0255758095522101 140 116 106 0.12963219142624682 8 458 9 403 7 432 6 414 3 381 2 756
3076 -1.9525944297402242 2.7264664549434214 6.0299661201736354 102 79 70 0.10798486240719857 8 482 9 415 6 432 3 740 4 721 1 568
3078 -1.2930766433024719 2.8784987751067606 5.7718618571580214 125 105 96 0.089943931239084465 8 544 13 509 9 448
3079 -1.4258915813782407 2.9136883466934305 5.6387530501519683 96 76 65 0.17011427818475436 14 654 9 485 7 507 6 499
3081 -1.6106754063851576 3.0148009635462496 5.4790966285453555 165 130 87 0.45547719181671686 8 655 9 546 5 445
3082 -2.2822776109021676 2.9896699964826352 5.5824842669525481 127 112 105 0.28794687684351133 8 1140 9 552 5 810
3083 -2.2638348158057537 2.9914952462333164 5.567212207522438 29 11 5 0.31285007188612779 8 666 9 555 5 453
3084 -0.90815766974725998 3.0760979061291773 5.2198385444635473 88 69 62 0.28326755369627166 17 639 9 565 21 556
3085 -1.1742244071255177 3.0772980361277456 5.2824757687068127 76 52 42 0.41097354455393292 8 680 13 1038 9 569
3086 -0.78626829164272127 3.0886938479167383 5.1687667670365514 45 25 15 0.30602546571936784 10 670 9 572
3087 -2.262268912804795 3.0392137140785964 5.3871020516312136 30 15 10 0.079369564747267196 8 709 9 589 7 577
3088 -2.5754256851893307 3.0340016221896642 5.4340358192660245 92 79 73 0.0090694945124146949 10 682 9 593
3089 -1.8781725162843905 3.0832454524018016 5.2673262824930225 94 62 34 0.17262386774711233 10 692 9 603 7 590
3090 -1.5618081348289174 3.1282496660924761 5.1888343685544314 35 19 10 0.11868015851327854 12 681 9 612
3091 -2.2405014038308422 3.1004500341161094 5.3089030967917159 30 11 3 0.23932321930277545 11 615 9 619 6 615
3092 -2.2672524740571531 3.1109834510355951 5.2942894888713194 120 103 93 0.099135323289706798 8 1187 10 720 9 627
3093 -1.2467732518665031 3.1879687197891475 5.0776208345592035 97 82 76 0.52967198891971246 8 1192 10 745 9 639
3094 -1.2535920174822572 3.185028326997883 5.034611960015976 34 19 12 0.52281370049158193 10 758 9 650 7 631
3096 -2.2235898276387567 3.1441995472927973 5.1872091156349178 73 56 50 0.21262362107948182 16 667 9 661
3097 -1.495230334980497 6.2970122992369282 10.751909176630837 109 94 91 1.3756025361257334 12 760 9 683
3098 -0.98728633854103354 -3.8465337921672131 8.201965756967132 139 128 97 0.14550828495345999 15 19 9 693 7 5 22 14
3099 -1.4100684929823672 -3.2009913774760008 9.0286526686757735 39 56 45 0.20463040071388691 11 43 9 719 7 676 8 802 6 661 3 531 2 532 1 23
3102 -0.71231059064009195 -2.9703515053035834 9.0787774867593463 36 47 64 0.43141427094443563 11 54 9 737 7 62 6 669 4 44 2 57 1 388 23 81
3103 -0.70803643839239261 -2.7706591910305201 9.1969145501753768 103 119 118 0.42953180558633619 17 811 9 753 22 845 30 802 12 1491
3105 -2.6758085510590126 -0.55221743449995031 8.8884284093285828 72 79 87 0.41118990065969097 8 198 11 1163 9 825 7 185
3107 -1.2372928631824882 0.40568966718426536 7.9305801211352867 162 165 172 1.4256358998316276 17 1187 9 847 26 777 23 1462
3108 -0.70463612956733013 0.68664360820563097 7.4953029667713151 18 31 40 0.21551861795210656 8 929 9 875 6 787
3109 -0.29199966054951321 0.71606579912947432 7.1443393026953643 59 68 75 0.32313093839682866 8 935 9 882 6 791
3110 -0.1091473011867119 0.74164957470782644 7.0948067552533916 23 23 28 0.21039595637074657 8 943 9 889 5 617
3111 3.2286652396193478 1.6160121582322202 16.377133410876649 20 31 35 2.7438558017614572 10 318 9 897 7 815
3112 -0.10764883427592725 0.84213736402521433 6.9110441907188882 21 32 38 0.20866914477605875 8 963 10 998 9 899 7 818
3113 0.049479067411014044 0.83888561145360541 6.7637215657122587 21 32 38 0.44696323705552743 8 961 9 900 7 820
3114 -1.2738286933624101 2.4713016025058754 6.4419666358961551 156 131 124 0.23578301985516048 8 1005 9 944 6 868 3 333 4 664
3115 -1.4055879370025324 2.4885401873942072 6.4011820485726929 62 34 20 0.32697832935616261 10 1049 9 947 7 871 6 870
3116 -0.90564485521182414 2.7145069213166142 6.0386517370866271 157 130 121 0.16315256129705766 8 1039 9 974 6 387 7 411
3117 -1.9883224125477654 2.6958455542249995 6.2512787481059533 35 14 7 0.07521160881940811 8 1045 9 981
3118 -1.2100840476025789 2.7162351203106003 6.0018446410933661 152 130 119 0.064366410451857564 8 1049 9 985 6 402 7 425
3119 -2.6631971006287309 2.6187614806937289 6.2297313571290989 146 121 106 0.24750718248662262 8 1051 9 986 3 969 4 968 2 997 5 1037
3120 -1.315367474769275 2.7419683041413627 6.0460544195946992 34 11 3 0.20324717224931671 8 1055 10 1087 9 988 7 905
3121 -2.1749878491408632 2.7151039877523147 6.0815270332588831 34 14 7 0.21062792238632549 11 966 12 1011 9 996 6 924
3122 -1.6951106496970363 2.7544869397839777 6.0047186262218943 161 137 130 0.13598751864327116 8 1063 10 468 9 998
3123 -1.4225056237677138 2.7840262965485829 5.9013946139851239 37 17 8 0.26832711355718514 8 1413 9 1008 7 1210 6 1202 5 1044 2 1002
3124 -2.4894321191386091 2.717145407964511 6.064221967010285 42 21 11 0.11424014671137683 8 1068 11 972 9 1009 7 1212
3125 -0.92735484980742355 2.84640394061684 5.8026305586263112 31 13 3 0.25657231119895568 12 1042 9 1013 7 920
3126 -1.2565197122420055 2.8488323523181065 5.7654420916401969 36 16 7 0.15590656513136586 8 1079 9 1019 7 925 13 990 11 984
3127 -2.3420724753128632 2.7894712229065872 5.9819024709592821 142 122 111 0.062470448520317919 8 1083 9 1021 6 945
3128 -0.83187783977500673 2.8580335256242781 5.6537753287401973 64 44 33 0.37300372752184613 8 1078 9 1023 7 927
3130 -2.1718674112506866 2.8569698201518126 5.8390173993236507 147 125 119 0.021759931208553449 8 1093 9 1034
3131 -1.1134482929396055 2.9347162742084523 5.6141891077201906 30 12 2 0.11687748843278588 8 1095 9 1038 7 938 6 955
3132 -1.4425845461005795 2.9447358830398263 5.5955026408744981 39 17 6 0.2876347996328098 8 1107 9 1048 6 966
3133 -1.4839266652219298 2.9605763580708748 5.5549902890957403 39 15 3 0.25424358856056434 11 1009 9 1056 13 1010
3134 -1.7675635982859745 6.3459235532722245 10.808223011539038 30 13 6 1.355610963579265 20 873 9 1124
3136 -0.86579012219449258 -0.56949943316472851 8.0855781340574548 20 36 49 1.1323769731266466 8 1305 10 1304 9 1211 7 1099 6 1090
3138 -0.0098244828174939292 0.74993034927056657 7.1554235006038693 19 25 31 0.56751978658733326 14 1411 9 1250 7 1126 6 1125
3139 -1.446696576086087 1.3336705353424971 6.6541694223569081 121 122 126 0.88186202436629291 12 1328 15 910 9 1276
3141 -1.0294709638219128 2.6966413817595951 6.0819781799469403 40 21 14 0.16229891526030649 8 1036 10 1409 9 1319
3142 -1.4342713746789209 2.7192833396038667 6.0605329728123003 32 14 4 0.30625222354290582 13 1310 9 1322 7 1196
3144 -1.0911184752987613 2.7961237119236575 5.8664237710222382 52 29 21 0.19120788910929018 8 1408 9 1334 5 1038
3145 -0.92181281818060123 2.8622310892529135 5.72515359313382 40 21 13 0.14278966348076014 13 1330 9 1346 7 1220
3146 -2.4176660019144007 2.7631987333715533 5.9787099176111589 34 14 3 0.30214432827230725 8 1667 9 1347 6 1422 5 1256 3 1161 4 1158 2 1200 1 1024
3147 -1.3107569219973088 2.8561960549279584 5.7808745695992112 56 33 25 0.14455915515206577 8 1420 10 1438 9 1350 7 1226
3148 -2.0854859346528709 2.8233952806502964 5.8653257492329613 33 13 5 0.17547163328453008 8 1428 9 1358 7 1231 6 1227 5 1066
3149 -2.9684653998483528 2.7756762775876309 5.8571184234955913 11 7 3 0.97616648008648088 8 1672 9 1367 6 1236 4 1291
3150 -2.2296748084249844 2.8625127484659463 5.8110109360748963 38 18 9 0.25911844290960362 10 1448 11 1288 9 1368
3151 -0.94570069227986264 2.998328828523996 5.4141729814879955 55 41 32 0.09599258335519982 8 1452 9 1378 7 1263
3152 -0.79375078546402456 3.0809961631336016 5.2340462575465834 42 23 11 0.18507461194095029 12 1413 9 1392 13 1359
3153 -1.2908716405717886 3.088056535792052 5.2876545169360005 39 19 10 0.14952166506836537 10 1475 9 1397 7 1288
3155 -1.2472764490551884 3.1374159795945338 5.1854006481667705 28 11 3 0.32300142881396959 8 1487 9 1414 7 1302
3156 -1.1813949226303961 3.1392382860468055 5.168064439048015 44 26 16 0.31345445642508846 8 1166 9 1415 7 1303
3158 -1.3796764453353827 -1.3379079204066482 10.28146327793076 125 130 133 0.45146829235125013 10 1284 9 1492 7 1358
3159 -2.6048257399375001 -0.76882211032585324 8.8113047022725564 199 203 211 1.1405872912201551 10 1588 18 737 9 1504 6 1336 24 119
3160 -0.78335181300365098 -0.64440349086281556 8.5115349934801205 78 97 112 0.10092948822584794 10 1301 9 1505 7 1374 6 1334
3161 -1.6643734600786799 -0.17581023703644139 9.3230173398156797 133 134 139 0.25108559490771432 13 1448 9 1512
3162 -0.121745586812052 0.63523631341995668 7.4483236237451944 19 30 36 0.24687724106309797 8 1586 9 1530 6 1351
3163 -0.15617398475185906 0.63023188064810687 7.3593448861070856 19 30 36 0.16925984128908644 8 1587 9 1531 5 1184
3164 -0.62224974963728064 0.61275158966006427 7.409781300985105 21 32 37 0.21776328816785445 8 1589 9 1533 3 1098 4 1089
3165 -0.98410455586469592 0.65851276034052331 7.3905077880296819 131 140 149 0.25053140024277704 8 1592 9 1535 7 1401 6 1357 5 1191 3 1100 4 1097 2 1137 1 843
3166 -0.58487452229462877 0.7076861067973258 7.1381618970649434 20 31 37 0.56874656258294576 8 1601 9 1544 7 1409 6 1363 5 1197 3 1101
3167 -0.14332151140499033 0.83515959201013079 6.9929704924350702 23 30 36 0.18096023389148747 8 1618 9 1551 7 1416 6 1373
3170 -1.0939420998584981 2.6231169908116261 6.1265069331089581 109 89 80 0.22981313836440875 8 1650 9 1587 7 1440 6 1397
3174 -1.1361067605614004 2.9716987486309052 5.5041809923034464 45 25 18 0.43434421407594775 13 1550 9 1609 7 1456
3175 -2.2294398522625003 2.9561533187715971 5.5610168015285275 27 9 1 0.20968494811185981 10 1465 9 1614 7 1463
3176 -1.034284511484568 3.2211781055244391 5.4586689101358958 31 12 5 0.19804227912269301 8 1693 9 1618 7 1474
3177 -2.2152689138296222 3.0918346969772776 5.2838864230551366 30 11 4 0.59010868720863408 8 1703 13 1564 9 1625 12 1654 7 1479
3178 -0.81054751878117204 3.2432830551434284 5.1663797629690675 39 21 11 0.39695122129366162 8 1700 9 1626 7 1482
3180 -0.29713930095717789 -3.3889952041471876 8.9120493351263317 59 75 74 0.48175904777333178 13 1580 9 1650 3 1317
3182 -1.4366336675026141 2.0414446152133925 6.6502248795458536 30 35 39 0.39887393644000518 10 1775 9 1710 4 1117
3183 -1.3996754064832855 2.1324687572980849 6.7419212084351532 32 36 39 0.69538214779333885 8 1785 9 1711 6 1655 4 1518 3 1512 2 1545
3184 -1.2670101403266794 2.5276011225800481 6.4262036415340855 31 6 0 0.42527856824783228 8 1793 9 1722 7 1562 6 1534 5 1373 4 1262 3 1276 2 1172 1 874
3185 -2.3137191218947977 2.4852531472936703 6.3930121124637767 25 20 11 0.1311471173019734 8 1800 9 1728 7 1435
3186 -0.79861141113909129 2.6457045606354499 6.094103222098477 36 12 2 0.17176205401357353 8 1975 9 1731 7 1577 6 1677
3187 -0.79861141113909129 2.6457045606354499 6.094103222098477 36 12 2 0.17176205401357353 8 1976 9 1732 7 1578 6 1678
3188 -0.8062160631243489 2.6733852232407895 5.8375968992368046 37 13 1 0.20775510317675261 8 1811 9 1741 7 1583
3189 -1.3661423060193894 2.7279315099322354 6.0182015322972466 123 97 88 0.16182660591913983 8 1815 9 1749 6 1548 5 1239 4 1276
3190 -1.614917967132139 2.7442715969343254 6.0230334970957875 38 17 11 0.13248482161605904 8 1825 9 1753 7 1597
3191 -2.2676631109904233 2.6956155259718506 6.1118602053455575 40 21 14 0.33878280219945156 8 1826 9 1755 7 1595 6 1557 5 1392 3 1418 4 1419 2 1456 1 1128
3192 -2.5856495746593113 2.6950127457010389 6.0877709667903455 37 17 6 0.28097920084198413 8 1836 9 1766 7 1608 6 1564 5 1399 3 1428 4 1429 2 1466 1 1136
3193 -1.2682692612662194 2.8081778819042267 5.8911853550537501 41 21 12 0.31142594132646428 8 1835 11 1704 9 1772 13 1697 7 1617
3194 -2.2572800606426595 2.7837531720555044 5.9968239872528972 33 12 9 0.14873235561604722 8 1845 9 1783 7 1624 6 1571
3195 -2.2783324837255283 2.7986025898451898 5.8676910773018713 68 48 39 0.19402028816311137 8 1849 9 1791 6 1574
3196 -2.6569998224032183 2.816989446310858 6.0193323338781477 88 68 63 0.23262926383629506 8 1851 9 1795 7 1629 6 1576
3197 -2.6569998224032183 2.816989446310858 6.0193323338781477 88 68 63 0.23262926383629506 8 1852 9 1796 7 1630 6 1577
3198 -0.68033266039102169 2.9345565433279717 5.5494151094199227 36 14 1 0.16335409667156117 8 1854 9 1800 7 1636
3199 -0.68033266039102169 2.9345565433279717 5.5494151094199227 36 14 1 0.16335409667156117 8 1855 9 1801 7 1637
3200 -2.5802709269596531 2.8714788178086139 5.8397583230725214 36 18 11 0.25748680386298495 8 1869 10 1886 9 1812 7 1648
3201 -1.0832304031616466 2.9678796833775984 5.5781237240242838 76 53 45 0.34188326272794983 8 1866 9 1813 6 1581
3202 -1.0832304031616466 2.9678796833775984 5.5781237240242838 76 53 45 0.34188326272794983 8 1867 9 1814 6 1582
3203 -2.6638387339520531 2.8555153408544887 5.797380286341288 115 95 89 0.15493384249733855 8 1870 9 1815 7 1653
3204 -2.6618548217696554 2.8730886977075611 5.8346533205772682 115 95 89 0.16998448807969879 8 1871 9 1816 7 1654 5 1411 6 1589
3205 -2.0766927134547744 2.9115638763471563 5.7106267432785867 36 17 8 0.4230405787150634 8 1872 9 1818 7 1656 10 1893 6 1801 5 1610 3 1456 4 1457 2 1486 1 1146
3206 -1.7460346789544521 2.9735381389331819 5.6215443997492116 85 53 15 0.2585680908015508 8 1878 9 1824 7 1661 6 1590
3207 -2.089766527672408 2.9416082599095636 5.620237707153545 79 55 49 0.16419881981205742 8 1881 9 1828 7 1665 10 1904 6 1596 4 1295
3208 -2.4128706416913936 2.9204359440993475 5.6682554081469423 33 17 10 0.26454969774337778 8 1882 9 1829 6 1600 5 1418
3209 -2.5814287355433256 2.9450032604252354 5.7048181067383688 26 11 6 0.46876102437362643 10 1909 9 1833 7 1669 6 1824 5 1623 4 1472 2 1505
3210 -2.1655568498667157 2.9626902747974895 5.5180887143325243 115 95 84 0.097411106032048625 8 1892 9 1845 7 1673
3211 -2.3960431933578459 3.0496782113403738 5.4105072666335845 34 16 12 0.22780470762992627 8 1911 9 1865 7 1691 6 1854
3213 -1.555946396594031 1.8297903061332059 6.5754294074081807 63 64 65 1.4529388842433488 8 1781 10 1984 9 1904 7 1734
3214 -1.5456909165309214 1.8400537087793034 6.6221555267550931 63 64 65 1.2808926951215163 8 1782 10 1985 9 1905 7 1735 11 1855
3216 -2.1515339071976496 2.4617813229591139 6.3600269320319125 17 11 6 0.090248046606438079 8 1960 9 1920 7 1745
3217 -0.81455765404321068 2.6037981918529862 6.1584899232345531 211 187 154 0.05230585319194106 8 1964 9 1929 7 1751
3219 -2.1465217120698394 2.5505515149998192 6.3018244897595181 180 152 105 0.31185869792894433 8 1978 9 1941 7 1759 6 1686 5 1501 3 1374 4 1371 2 1415 1 1102
3220 -2.4508155126701014 2.5582362132140672 6.3006269037397598 176 148 106 0.25922397247071083 8 1990 9 1952 7 1767 6 1705 5 1515 3 1382 1 1112
3221 -1.7268547463377022 2.6191211733308197 6.1898704620048699 31 11 4 0.22556763020582263 8 1991 9 1953 7 1773
3222 -1.086468496761539 2.6736310539467318 6.0959917930676921 28 8 1 0.29306566910411996 8 1992 10 2033 9 1955 7 1776 6 1695 5 1502
3223 -1.086468496761539 2.6736310539467318 6.0959917930676921 28 8 1 0.29306566910411996 8 1993 10 2034 9 1956 7 1777 6 1696 5 1503
3226 -1.8632002799310099 2.7322865135966254 6.0988815621160706 23 3 0 0.21034140987328176 8 2028 9 1980 7 1805
3227 -1.218937390122846 2.7563066698490526 5.939139475248302 22 2 0 0.2169392076981263 8 2030 9 1982 7 1807 6 1725 5 1540
3230 -2.7539496831057755 2.7267894480401624 6.1321703968379957 43 22 13 0.27127806545394628 12 2045 13 1907 9 1999
3231 -1.3641826690906442 2.8269060596673885 5.7846822045772086 29 7 0 0.41303453725414158 8 2056 9 2007 7 1834 6 1755 5 1569
3232 -1.5097708328808301 2.8536936035057305 5.822538356645369 27 6 1 0.33253535508106286 8 2061 10 2087 9 2013 7 1837 6 1761 5 1577
3233 -2.3414042316163499 2.8261685348115138 5.9155535730316702 25 4 1 0.21556749779988157 8 2072 9 2020 7 1847 6 1775 5 1593 3 1552 4 1548 2 1583 1 1220
3234 -1.1976403638953241 2.8859951598466376 5.6493448839209677 25 5 1 0.38332684038815046 8 2073 9 2022 7 1852 6 1772
3235 -1.1976403638953241 2.8859951598466376 5.6493448839209677 25 5 1 0.38332684038815046 8 2074 9 2023 7 1853 6 1773
3236 -2.0054948890453783 2.8718953970406034 5.775891963117477 28 9 2 0.35847771869352313 8 2081 9 2031 7 1855 6 1785 5 1595
3238 -2.5015715193232069 2.8521852347157588 5.800917802012199 93 74 67 0.43560793799035114 13 1729 9 2039 11 1970 12 1841
3239 -1.2028610843741738 2.9349012564194954 5.4806225968107469 28 8 1 0.16987811238490905 8 2100 9 2048 7 1872 6 1920
3240 -1.1939760490216784 2.9493318110876561 5.5087737065467843 28 8 1 0.13952561233477401 8 2101 9 2049 7 1873
3241 -0.77436093666778649 2.9807670285193417 5.4509617668717452 44 17 8 0.37741312155892803 8 2098 9 2050 7 1874
3242 -2.8140126974328554 2.989424781982688 5.6321436774129801 28 8 0 0.22619726175643887 8 2139 13 1766 9 2093 7 1908 6 1844
3244 -2.494975127945902 2.9886110753293256 5.5176379774195867 95 78 68 0.19210676590178824 8 2142 9 2100 7 1918
3245 -2.3025120525497567 3.0389511723933071 5.5132326040020718 24 5 1 0.27768280093492526 8 2149 9 2103 7 1920 6 1847
3246 -0.8748179277946615 3.1298118724736703 5.2414525495164277 44 27 17 0.30635361762951996 8 2146 9 2105
3247 -2.4784652942622487 3.0376766884463979 5.4828335596302615 24 5 1 0.2618333304449269 10 2177 9 2110 7 1928
3248 -2.4927237042510169 3.0428125784711431 5.3628000525729922 74 59 49 0.4934996998129651 8 2158 9 2121 7 1699
3249 -2.4927237042510169 3.0428125784711431 5.3628000525729922 74 59 49 0.4934996998129651 8 2159 9 2122 7 1700
3250 -2.8069175862975428 3.0532887935835267 5.4811397189431084 29 8 1 0.10101351073832644 11 1790 9 2126 12 1904
3251 -1.3830068929138366 3.1369565632838636 5.1790131546941272 34 20 9 0.21240764753995345 8 2162 9 2130 7 1944 6 1857
3252 -1.3657182625741395 3.2031651559012766 5.0450789093864037 34 17 9 0.4311301070649452 11 1812 9 2159 12 1931
3253 -1.7189731718440906 7.2113554644401825 12.60842973935973 21 8 0 2.4330228427446521 11 2096 9 2165
3255 0.39657476088718269 -1.0744376477477511 9.7707273710028169 85 113 112 0.61502247506929275 12 2230 13 2092 9 2178 5 1661 3 1594 2 1528 23 1572
3256 -3.1561885169324282 1.4277806979914867 6.1684890125407676 74 74 74 0.66025017277112974 8 1945 9 2187 7 1546
3258 -2.8315364416235278 2.9450507030938344 5.6831541905518694 171 135 94 0.15351248816689536 8 2231 9 2203 7 2013 6 1927 5 1718
3260 -1.1528088626932247 3.0946249640438284 5.2552088215444819 26 8 0 0.4176183742237296 8 2240 9 2210 7 2025 6 1934
3261 -1.1528088626932247 3.0946249640438284 5.2552088215444819 26 8 0 0.4176183742237296 8 2241 9 2211 7 2026 6 1935
3263 -1.77545487823244 1.5019982990131475 7.362446985134393 34 39 43 0.88326896440349945 12 1973 9 2264 11 1851
3264 -0.72411190666312075 2.5411247941932551 6.3155735196590284 26 19 11 0.34072592435302723 8 2288 9 2270 7 2073
3266 -0.85414334950240811 -3.7947911234883676 8.2101614004736696 36 78 113 0.1364779995742742 10 2341 9 2275 7 2076
3267 1.0667384530699122 -1.0960653954612782 8.5672700795233627 191 197 195 0.26793062228092746 8 2299 10 2347 9 2284 7 2084 6 1994
3268 -0.5966405812706409 2.7443019624763583 6.0864006309328307 20 21 16 0.18971516969544241 8 2310 9 2299 7 2093
3269 -0.5966405812706409 2.7443019624763583 6.0864006309328307 20 21 16 0.18971516969544241 8 2311 9 2300 7 2094
3270 -0.63373964714039621 2.7432862273676193 5.8218781025530157 20 22 19 0.42389705880291451 8 2313 9 2302 7 2095
3273 -0.077002875193472264 -1.4886449011877199 9.9468633689994359 119 149 151 0.90716360304772337 11 2236 9 2325 1 1326
3274 -0.99282182026524635 -3.8967490617032654 8.1683200990062002 140 141 127 0.35114190645266979 15 14 17 25 14 11 13 13 10 1 9 2 18 23 11 707 7 4
3275 0.92501412633756519 -0.95804132874394032 9.223813086540968 113 133 135 1.9228078413520473 16 174 15 184 17 173 11 130 10 116 9 119 17 180 11 135 22 592 23 192 23 714
3276 -2.4227693827407832 2.9525642581740268 5.608576526535658 59 41 37 0.35248980323116319 16 1473 15 1482 14 1758 11 1762 10 1914 9 1840 8 1889 13 1753 7 1671 6 1605
3277 -0.81735009359990418 2.8065977621102949 5.921584831925534 52 26 11 0.2682959447166115 8 1821 11 1693 10 1832 9 1754 16 1452 17 1470 18 1376 14 1916 7 1598 6 1554 19 1075 20 1286
3278 -0.85401384132191804 2.9302470661791942 5.6179297795827656 111 94 91 0.17020156915693169 8 1671 10 1681 11 1292 10 1446 12 1396 9 1607 7 1238 6 1225
3279 -0.88496812227628929 2.8343655666398786 5.8510853729035688 27 4 0 0.28318048076988567 8 2038 10 1846 9 1990 16 1668 15 1666 17 1693 18 1572 14 2146 20 1484 13 1923 11 1940 12 1824 7 1814 6 1735 19 1262 21 1589 22 1341
3280 -2.9409607069105332 2.7970068464495768 5.969928051414124 60 51 45 0.34368362658601409 8 1094 13 504 12 1037 10 1117 9 1033 11 494 7 492 6 504 5 778 3 766 4 754
3281 -1.0070120032294332 -2.6583408987227535 8.966096811063208 86 82 70 0.34588052795018964 8 835 13 771 9 757 16 114 15 117 7 74 6 1051 5 879 2 873
3282 -1.0470875065197158 -2.6620339077111681 9.0546629755484762 72 72 65 0.42294033478510329 16 1522 15 1347 17 1357 18 1240 14 1596 20 1157 12 1684 13 1584 10 1737 9 1657 16 1521 15 1346 17 1356 18 1239 20 1156 13 1583 11 1574 12 1683 7 1506 21 1250 21 1251 19 964 22 1066 22 1067 24 1112 23 971 23 972 25 820 26 944 27 641
3283 -0.53096101125342066 0.76826066803779858 7.0758477061615297 21 30 38 0.71763925331878897 8 1607 13 1477 11 1610 12 1565 10 1631 9 1550 15 1413 18 1306
3284 0.29466948064933352 -1.0678703735854165 9.7506828997990649 148 157 157 0.9349512785298677 16 169 17 1144 13 1167 9 1495 16 1356 13 1608 17 1379 18 1267 7 123 6 1072 6 1322 22 1082 5 902 5 1156
3285 0.29303947143087827 -1.0665170159181554 9.7699884176769256 148 157 157 0.73276203564793019 17 1143 13 1166 9 1494 16 1355 18 1266 13 1607 17 1378 6 1321 22 1081 5 1155
3286 -2.2771077427911171 2.5272320697236452 6.377649895969852 48 24 10 0.44651372458765248 8 416 10 1060 9 353 16 452 15 452 17 421 18 387 20 350 13 412 7 382 4 304 1 546
3287 -1.8302194736104447 2.4621530048633127 6.4026170807891871 6 8 9 0.31755082189276501 13 1838 11 1860 10 1995 15 1582 16 1571 17 1601 18 1737 9 1914 21 1501 20 1389 22 1278 19 1413
3288 -1.3232726463828355 -2.546746666404228 10.341141877446017 38 40 46 2.1717801817936024 13 1590 9 1663 15 141 18 705 10 77 24 1311 20 1162 28 867
3289 0.78088609368718653 -0.81682198369285974 9.0888134331289034 94 114 115 0.73733901106881616 8 152 11 149 12 853 9 129 7 133
3290 -2.0088904455868737 2.5028977356838698 6.4579578808086442 22 11 3 0.030253112594872948 8 398 9 337
3291 0.051694555677780474 0.72943918450585477 7.1041339967039248 51 62 68 0.34765725055810803 10 974 9 876
3293 1.9838415579687085 0.86581992399835406 12.109239071607925 28 37 44 1.3372269759449167 10 2268 9 2259
3294 -0.9079569925706128 -3.1284425260396671 8.779763787128358 176 180 178 0.30592020879974996 20 62 7 48 21 64
3295 -0.81864932813990277 -2.4862865065135535 10.097613162433539 47 45 44 0.21613590856995751 17 124 7 83 5 58 2 97
3296 -0.64910462949715753 -2.3780807026998203 10.104469986566153 86 51 55 0.79972093934189314 13 106 7 90 2 571 1 70
3297 -0.43938042997548177 -2.3424170390532253 9.996013358262454 37 39 43 1.0008319221185678 12 40 7 91
3298 -0.56161075480317646 -1.2018964715962093 9.6193672788764708 30 44 69 0.14957647704345126 14 149 7 118 22 107
3299 1.3260820109040354 -0.95694965795567277 8.963731002238184 137 142 145 0.68534876603794648 12 843 7 122 21 750 25 624 30 646
3300 0.95388591083694096 -0.98255313112246034 9.1678053984717494 152 169 169 1.2464924794497507 15 803 7 124 2 585
3301 -1.1383563879262506 -0.73763590830211556 8.7629364802466636 117 150 194 0.39455222815837315 9 812 17 193 7 147 3 137 2 155
3302 -1.4179491879487331 -0.66952513458263641 8.6203040844593897 97 116 142 0.2780861852365914 10 163 7 157 3 142 2 165
3303 -2.0700422054390133 -0.63209957285536178 10.294968161573387 159 161 174 1.7503928843976013 11 185 15 251 2 188
3304 -2.5234556674872559 -0.20794126296644394 8.6483060514588566 171 178 184 0.49407162952440786 16 270 7 213 19 108 24 170
3305 -1.6203021234138784 0.28443171537816697 7.9100977628423452 83 84 88 0.26500860878864563 11 254 6 238
3307 -0.090761387904226609 0.60171241162273792 7.3992340346278418 60 69 74 0.14030068855353986 8 276 11 267 7 246
3309 -0.031749224601519299 0.66230472251469752 7.3462920150075144 17 26 33 0.2107044942756934 13 290 7 255 11 278
3310 0.05605377318204352 0.66902233693635205 7.2480284158839003 16 27 29 0.12379448213287716 8 292 11 281 7 260 6 260
3311 0.065997850546363424 0.74990337035319343 7.0804967128117138 14 23 28 0.32575580874936333 13 300 7 274 6 271
3312 -0.64610021761617664 0.79309392811876323 7.0320666064927035 53 62 71 0.22552309267596007 10 322 7 280 4 233
3313 -2.958284627449387 0.91298829884036536 6.6527950627358221 108 112 111 0.68448935068498296 11 327 7 289
3314 -1.6609211532004586 1.3128185370448633 6.5300108317059662 61 68 74 1.3326452080631412 11 335 7 300 6 838 19 178 5 241 14 1034 3 655
3315 -1.281863094879981 2.426406572203927 6.4929604211421417 19 14 10 0.29519443164440817 13 938 7 346
3316 -1.266794236797474 2.4784322084917614 6.4587163225707211 168 146 135 0.31605500735335212 11 372 7 351 2 721 1 529
3317 -1.5328793312220648 2.4904437084773767 6.4554868018995748 155 135 126 0.19095728005983864 8 379 9 326 7 355 6 336
3318 -1.3496249012613428 2.5726660555560876 6.3286729250915279 35 10 4 0.17743571355341073 8 405 10 395 7 373
3319 -1.1600418440923286 2.6118472140542899 6.2339421913450384 95 73 68 0.23868928704368636 9 350 10 1062 13 420 7 384 24 377
3322 -1.953887728852584 2.7250530600785656 6.025384474586148 105 86 79 0.094248462473335695 11 446 7 440 2 767
3323 -2.755041849327458 2.7647557864330996 6.0113797363881467 85 65 58 0.2127512585482994 8 545 9 446 7 473 5 386 3 430
3324 -1.9527424557372548 2.8878090446944311 5.7563843542325541 37 17 10 0.15181013192697754 8 596 11 507 7 501
3325 -0.62114133567499197 2.9660489123547364 5.5417877964321764 51 33 19 0.41049426904534253 13 538 7 502 11 521
3326 -1.7912795176392087 3.0371841252928533 5.4250070372515005 0 0 0 0.34647697447111486 14 739 16 599
3327 -0.90406184716568161 3.0840884576206702 5.2401805439519995 92 79 69 0.40106302378383335 11 583 7 565
3328 -2.244047596886638 3.0379207758794311 5.4492470205365091 34 16 12 0.3088140855424803 9 580 15 596 7 575
3329 -1.2324948218359477 3.1023733407266261 5.2286028075372313 92 76 69 0.29136268961223682 8 702 12 655 7 576
3330 -0.74724676940585433 3.1521744925134274 5.0955671220923495 37 23 13 0.42610853234795715 12 694 13 638 7 587
3331 -2.2359944155832232 3.0828696264783506 5.312333438615366 102 83 77 0.1693992248971469 8 730 11 605 12 653 16 627 7 600
3332 -0.91418325798075983 3.1984242589782035 5.1040189346553317 36 18 7 0.59051754780753207 8 732 10 725 7 607
3334 -0.72253421008583141 3.2173672455538975 4.9897528671666711 94 76 65 0.70858375842008081 9 636 10 751 7 623
3335 -0.90913959253361698 -3.8544006402590756 8.1461578486153599 66 102 116 0.22926635830239683 20 599 7 647 21 652
3337 -1.4891610956454024 -0.26978626396570893 7.9756095219856968 87 96 105 1.0779273373638294 12 109 7 765 21 762 22 162 4 189
3338 0.21537309038247177 0.70489194095868668 7.1842381113207514 13 22 27 0.19297492609905922 9 247 12 912 7 800
3339 0.15679916130047677 0.7340755619813194 7.0827074443733089 58 67 72 0.30428970280362005 8 932 13 866 7 801 6 779
3340 -0.38914159904123446 0.79479281646806577 6.9901046632769095 14 25 31 0.47287756174120865 11 882 7 817 12 206 5 633
3341 -0.20768789650551039 0.84155565715560066 6.9563687949405466 20 27 33 0.33586081906046777 8 964 10 1000 7 822 5 970
3342 -0.40388440260302394 0.83748852860631484 7.0588549281504145 20 34 37 0.11147995064693779 11 888 13 890 7 823
3344 -1.0279897864318053 2.6665430645078825 6.117910798845636 58 40 30 0.18449031489505363 13 962 7 890 6 890
3345 -2.1280903251382219 2.7463772810273053 6.2373596381619256 29 9 1 0.44017378769364202 8 1061 9 994 7 907
3346 -1.4728119247211184 2.7946876400473921 5.8452778340242659 28 11 1 0.27617153210097611 8 508 9 428 7 919
3347 -2.9080034623467461 2.8532331435839575 5.8450799424933244 35 17 5 0.30062592033967445 12 1060 7 943 6 1246 5 1089
3348 -2.7745954393755001 2.8753182038199294 5.8244014580744619 24 5 0 0.20658210322252013 8 1447 9 1053 7 945 3 1178 5 1090
3349 -2.4220807642281224 3.0286501277586524 5.6101444460102687 26 7 0 0.095398118603559345 8 1145 9 1080 7 962 6 996
3350 -1.3731738488358143 3.0717547613396956 5.2923032406478647 40 18 7 0.23183172811753164 10 1164 7 966 6 995
3351 -2.2221780014442234 3.0757399401157932 5.3665214748462411 66 49 42 0.25799870788849477 12 1113 7 973 13 614 6 1004
3352 -1.0553722254777962 3.1245995734881395 5.1104015494451422 64 45 38 0.27528508906806531 13 1059 7 976
3353 -2.9316415887055403 3.023498271566099 5.370860417664935 19 11 6 0.25077131075649572 10 1179 7 981
3354 -1.1395194397050239 -3.9748615443206301 8.282714434297958 73 100 118 1.2219253013468963 13 1094 7 1004 22 494
3355 -1.3701146849835077 2.4513438458192751 6.7554557062032758 18 22 25 0.68216331646461426 10 1387 7 1166 6 1165 3 1124 5 1217
3358 -1.611722196550514 2.89831750407948 5.6700985250864111 60 44 31 0.53168673217898199 8 1440 9 1040 7 1244 5 1266 2 1035
3359 -2.0571221435376019 3.0444301846496824 5.4080066143473555 71 44 25 0.93196563082919059 12 1099 7 1291 2 1054
3360 -2.7380281436590268 3.0731904478752758 5.3217945749114515 56 42 34 0.36303299514239995 13 1056 7 1309
3361 -2.754559406729324 2.9069882788624803 5.0090375365197621 56 42 34 0.033194686198511084 8 1503 7 1310
3362 -0.72309816063837384 3.221969414782623 4.9560443621823529 38 22 7 0.66968390586827786 12 1445 7 1315 13 1384
3363 -1.6316868370913076 -0.9786538217030355 9.0443729423260084 66 80 83 0.60327582749431297 10 1575 7 1362 5 1160 6 1326 2 1283 1 811
3365 0.19864760449984664 0.65929409828162489 7.6798893926756753 20 29 33 1.1650012762793671 16 1392 7 1397 6 1350 8 1585
3366 -3.2917265804080968 0.90356333780650799 8.3484052795546457 107 111 110 1.9037940577969694 11 1470 7 1423 6 1377
3367 -3.2010996019173259 0.97005620511856872 8.6414796117427635 107 109 106 1.0170556300488407 13 1248 7 1424
3368 -0.98182628712135944 3.073017437002294 5.34514037070001 124 104 96 0.26320346691231222 8 1689 10 1695 7 1467 6 1437
3369 -2.2166323559662131 3.0801968833090139 5.2687955633406309 26 11 0 0.4690074554304049 8 1702 9 1624 7 1478 6 1622
3370 -3.5220237133325343 0.51571585460744995 6.7599071002921818 196 200 199 0.80810100335732782 8 1942 9 1695 7 1536
3373 -1.4658415404813809 1.8570216430885851 6.7794817375105518 13 16 21 0.91994724847503406 8 1638 11 1484 7 1549 5 1363 3 1119 4 1252 1 1003
3375 -2.8280653692171391 2.7572707444993205 6.0460190893526331 33 10 3 0.33567315888082899 8 1847 10 1856 7 1626 5 1587 3 1441 4 1443 6 1573 2 1475
3377 -0.36224206109146129 -2.95112625015134 9.3621477971074665 48 68 69 1.3514799179563834 18 1690 7 1714 6 1481 5 1308 3 1044
3378 -1.5886893682526861 2.5343867061623522 6.3658355795630319 35 6 2 0.18110109112760642 8 1959 9 1921 7 1746 6 1665 5 1476 3 1357 4 1352 2 1398 1 1088
3380 -0.71661013409649676 2.852731427948227 5.7700925927359688 200 172 132 0.086503359422033299 9 1998 10 2077 7 1823
3382 -1.2225020404148133 3.068151727075989 5.340446098656745 44 26 16 0.34295042614220583 10 2161 7 1916 6 1835
3384 -2.4694921230258595 3.0652280000087178 5.290382717120881 15 5 0 0.28317490758036129 8 2176 9 2137 7 1951
3385 -1.508867055014002 3.076685332178049 4.9398752532766688 22 4 0 0.31338957340244505 8 2178 7 1960
3387 -2.5522874366550132 -0.74180386784937502 9.1429763395264967 86 112 147 0.44795560685162972 11 2121 7 1992 23 1723
3390 -0.6998827963531834 2.5943401952344165 6.1080625345116966 23 23 15 0.39352411912235113 8 2309 9 2298 7 2090
3391 0.41114431807634044 -0.70599815089433748 8.8596564419450488 47 58 60 1.282350416208456 9 2313 12 2302 7 2109
3392 -1.8214490624500259 2.5412235270467436 6.3255701381438953 146 117 78 0.47870851154079846 16 1861 15 1836 17 1862 18 1748 14 2088 20 1645 12 1997 11 1875 13 1851 10 2005 7 1747 8 1965 9 1930 6 1672 19 1426 21 1730 5 1485 3 1361 4 1356 2 1403 1 1091
3393 -0.56556562798562304 -2.38821219142147 9.9469036932203458 86 79 84 1.1522037539242289 14 123 20 114 7 86 17 129 18 125 13 104 12 39 22 91 9 86 3 85 4 524 24 562 5 891
3394 -2.6002996848537077 2.6562944947451732 6.1463607173710866 82 59 52 0.28173683623450146 8 1822 9 1598 7 1591 14 1737 13 1533 12 1613 10 1825 6 1559 5 1393 3 1294 4 1280 2 1333 1 1019
3395 -2.0361709712086573 2.6717795342266206 6.0954748685473845 75 60 52 0.40983095025043004 16 1623 15 1627 17 1641 20 1424 13 1897 11 1666 12 1783 10 1821 7 1589 8 1817 9 1748 6 1556 21 1528
3396 -0.72743774357402624 3.1751680825142108 5.0232740754324734 72 43 18 0.78192722597875863 10 1185 9 1419 7 984 17 691 13 654 12 718 21 592
3397 -0.75559369675525301 2.7104359618433032 6.0745928736832298 209 172 128 0.26682274254024257 8 1995 9 1958 7 1779 16 1879 15 1862 17 1885 18 1780 14 2124 20 1656 13 1887 11 1909 12 2039 10 2036 19 1441 21 1745 22 1476 24 1509 23 1624 25 1182 26 1287 27 1141 28 1143
3399 -0.79831755652770275 0.57700896772531629 7.4770111696416421 41 48 56 0.36132423012882342 9 862 11 266 8 288 15 313 14 302 12 146 7 248 13 270 10 285 6 766 22 203 5 605 3 251 4 605
3400 -0.74303140751353758 2.7793949131414855 5.912669478215399 214 185 143 0.1713283701473369 8 2017 9 1974 7 1802 13 1904 10 2057 11 1925 6 1718
3401 -1.8214700131180614 2.5416184046572332 6.332559218148174 174 140 96 0.32030834768103256 8 1966 9 1931 7 1748 16 1862 15 1837 17 1861 18 1747 14 2089 20 1644 12 1998 11 1876 13 1852 10 2006 6 1673 19 1425 21 1729 22 1458
3402 -2.4982910143643631 2.9790577016339244 5.5031080037009215 81 64 56 0.3803364543315868 8 2141 9 2099 7 1917 14 2210 13 1997 11 2021 12 2132 10 2162 6 1842 5 1638
3403 -1.6875822260294706 2.7946333031377706 5.9518489299889472 25 6 0 0.42523207402404195 8 2042 9 1994 7 1819 16 1659 15 1655 18 1563 17 1889 14 2144 20 1461 13 1918 11 1937 12 2064 10 2073 6 1747 19 1252 21 1556 22 1325
3404 -2.1186926784950781 2.5145477068361384 6.3858977250367657 26 12 6 0.27609421330107758 11 1248 12 980 10 1392 7 1171 8 1381 9 1303 6 1172 5 1012 3 949 2 1174 4 1126
3405 -2.8326467729320099 2.9364686935700335 5.6662933175427588 171 136 94 0.17042351247456775 8 2232 9 2204 7 2014 13 2112 10 2280 11 2141 6 1928
3406 -0.92564235549570695 2.4140576637331344 6.5001886661492323 18 15 13 0.8612304069727833 8 2215 9 2192 7 2005 16 1849 15 1825 17 1597 18 1484 14 2074 20 1387 13 1835 11 1857 12 1979 10 2272 11 2136 13 2105 9 1910 6 1902 19 1049 21 1723 24 1580 23 1609 25 1237 26 1345
3407 -0.85001490289935 2.9068136935197071 5.7273844380699117 17 4 1 0.4782226014050503 8 2062 9 2014 11 1959 12 2088 13 1942 10 2089 7 1840
3408 -0.97446451429581193 3.1627261775086781 5.1520242623916985 17 4 0 0.36973247923295371 8 2251 9 2124 11 2062 10 2199 13 2053 12 2189 7 1941
3409 -2.9295221006514041 2.6247473022178855 6.2408936458368061 57 49 48 0.22686604723774539 10 447 12 343 11 424 9 407 7 431 6 919 3 741 4 348 2 420
3410 -0.84685242981002851 2.9536014497880076 5.5482393703378792 30 9 0 0.57912107586980155 8 2083 9 2036 7 1861 16 1715 15 1708 17 1744 18 1611 14 2178 20 1524 13 1963 11 1979 10 2113 19 1299 21 1618 22 1514 24 1526 23 1520 25 1190
3411 -1.5225935381507294 2.788384004179123 5.968170547409577 31 5 0 0.48743042642455459 8 2037 9 1987 7 1813 16 1656 15 1651 17 1684 18 1561 14 2140 20 1457 13 1914 11 1933 12 2062 10 2068 6 1739 19 1250 21 1558 22 1327 5 1558 4 1423 2 1563 3 1530
3412 -1.1648169723739463 2.743523971594807 5.9591534579784886 40 28 22 0.20356195976970359 8 1401 13 1313 15 980 11 965 10 1089 7 1201
3413 0.91233022619187831 -1.165330376718916 9.0740616442771653 133 157 157 2.1627061231237108 8 1743 16 1537 11 1832 18 1259 17 842 10 2253 7 1355 15 165 14 911 13 1155 6 1494 5 1440 2 885
3414 -1.0840760639838665 -0.22764257715693609 8.0847126170662431 86 97 107 1.3585101475517747 15 837 14 962 10 946 7 766 17 253 18 235 14 260 19 104 26 127 24 171
3415 -0.49551082294807414 0.67451359565908131 7.2313010385181178 20 26 34 0.40639060372956531 8 1326 9 1245 7 1123 14 989 13 854 11 1201 12 1286 10 1343 5 957
3416 -1.8270518478284021 -0.95245869985177201 8.9213123932269571 68 77 84 1.0026263119110843 8 147 14 929 11 810 10 1290 9 122 7 1084 8 1755 16 1133 15 1364 18 1264 14 1613 20 1172 11 1418 12 1243 10 1576 9 1679 6 1328 19 987 21 1259 22 113 5 562 5 1339 3 872 3 1073 4 1218 2 134 23 993 26 958
3417 -0.54835487265708382 -2.7001978814163023 9.3659618774193802 74 87 87 1.2121837987328143 8 839 12 824 9 763 7 1060 16 799 18 110 13 778 17 113 6 1053 19 33 5 882 3 842 4 828 2 875 3 841
3418 -0.64093957732461815 -2.4536869231409835 10.020018725094319 40 44 50 0.74281556950497063 15 1129 17 1127 18 1020 14 1322 20 939 13 1147 10 1271 9 1178 7 719 8 94 15 142 17 836 11 91 6 698 21 1037 22 853 3 850 4 1049 10 1561 2 880 1 65 23 984
3419 -1.6253959002101461 3.0277328338860503 5.4239675413259807 110 76 34 0.67475711083515222 8 669 10 646 7 551 16 595 17 590 20 484
3421 -0.55719571795920064 1.6624887938418458 6.3951290903438149 62 65 58 1.9163450668277027 18 339 7 319
3422 -1.2660446834821553 2.4783224613571053 6.4601198531209647 168 146 135 0.40624133566339105 8 1004 12 271 13 387 7 350 6 867 5 673 2 720 3 332 1 528
3423 -1.2198295498583933 2.5835748282254518 6.2947954483476378 38 17 6 0.12943819851707994 13 415 7 377 14 472
3424 -1.4119959007365877 3.1501416293273432 5.200062355869445 28 11 4 0.57946818470494155 8 1177 7 983 6 1005 5 832
3428 -1.2014127773327719 3.1930481748801158 5.0661985580955804 27 12 5 0.65924541712446016 8 2180 7 1965 6 1869
3430 -1.7929851419973719 -3.8350319716550851 8.7434019280546131 88 74 86 0.59465865169646326 11 721 6 12 3 498
3431 -1.3127390287161527 -3.6199452441827278 8.7230479883893146 84 82 83 0.2580067002269214 7 23 6 19 8 21 4 476
3432 -0.65089571656459744 -3.4101810270416304 8.8159849977978482 168 169 164 0.19578873303575109 16 62 17 63 6 33 21 53 27 21 28 17
3433 -1.4774753776139247 -3.2734354245088899 9.1593059030796677 123 100 76 0.68930531934614026 7 49 8 1242 9 717 6 48 5 1128 3 816 4 803 2 1073 1 780
3434 -1.5197006917402618 -3.209116029476407 9.091331339303661 87 62 32 0.28244985261564565 7 50 8 806 9 724 6 50 5 25 4 25 2 535 1 26
3435 -1.0917117485837831 -3.1047253031466426 8.8766491078124918 56 98 100 0.16624661324786463 7 56 6 54 3 535 4 28 2 40 1 29
3436 -1.4065994779825397 -3.1729194130557743 9.0597472420474823 101 123 114 0.19256163715739488 9 45 6 57 4 495 2 538 1 379
3437 -0.98222284786839387 -3.0230773899573991 8.8838669901363367 109 114 125 0.14261916533375657 8 67 9 50 6 62 5 31 3 39 4 33 2 45 1 40
3438 -1.4038307748294763 -3.02926850463479 9.1339458582732878 61 91 79 0.46595774466707746 9 53 6 68 1 383
3439 -0.98800597107742516 -2.8513233984629118 8.9518521224495515 118 118 118 0.22185631862426519 8 72 6 76 5 41 3 52 4 49 2 69 1 48
3441 -0.73589996209030994 -2.3727493331895726 10.073379306571926 59 43 46 0.25371694256901417 10 80 6 99 2 104
3442 -1.2873207692230944 -1.5833525523763115 10.764847268894444 97 111 118 0.6301008392155607 7 104 8 854 9 776 6 113 5 546 3 561 4 1054 1 417
3443 -1.3889674388286752 -1.3015531705399486 9.9478458623559991 42 52 61 0.49949083133040595 7 113 8 123 6 122 5 897 4 839 3 1061 2 1092 1 802
3444 -0.66248448584886699 -0.9324962955470345 9.4238388702543272 102 101 99 0.13848601585890905 9 128 6 135 1 97
3445 -0.66805276052599438 -0.85574227481146592 9.2930034690749626 112 120 128 0.36481680035474651 8 159 9 133 6 141 2 143 1 102
3446 -2.2952945169302037 -0.92477165936403349 9.2718837297867669 75 86 95 0.35615257628274216 7 137 8 160 9 132 6 146 5 111 3 133
3447 -1.3311482676055089 -1.0204041708581997 10.747628900831739 58 78 100 0.84092446975680391 8 161 6 147
3448 -0.80418072531087426 -0.68591825701833886 8.5733759953759829 14 42 73 1.112343677859897 7 148 6 151 3 135 4 112 9 138 8 166 2 610 1 444
3449 -1.7228701416514598 -0.77136334629008085 8.9087483676633195 100 123 154 0.16559697795698566 7 146 8 164 6 153 5 119 3 138 4 113 2 159 1 110
3450 -0.81546323731878501 -0.66638799788622238 8.6489468995866208 7 35 72 0.26744591087806585 7 151 8 168 6 156
3451 -1.5750396761264647 -0.68835745186944342 8.699651657254261 29 54 89 0.47195043491429001 7 153 8 170 6 157 3 595 2 618 1 453
3452 -0.83271483545884062 -0.61007755901411409 8.451261690845973 21 44 58 0.22987401157066037 7 161 6 159 5 123 4 117 2 162 1 115
3453 -0.85166636681355024 -0.5439508266013845 8.3117772701574104 27 45 67 0.49282151365323706 7 167 8 175 6 163
3454 -2.3693934156455048 -0.61691700503984692 8.5149915094098496 59 93 139 0.009957099399543071 8 179 6 166 5 136
3455 -0.85406528927277225 -0.43469239805959092 8.3355592613639473 59 72 78 0.87096432814416214 7 183 8 192 6 174 9 823 9 156
3456 -0.8828179254716545 -0.42801936156639386 8.2405842993210889 59 72 78 0.90765341920295317 7 184 8 193 6 175 9 157
3457 -1.2949615963548431 -0.36968201134057144 7.7973456259837164 33 69 119 0.1974038661101124 8 207 6 185 3 173
3458 -2.3019953654894754 -0.30182774997589767 5.7685430929967136 155 166 179 0.13513131782194482 7 186 6 188
3459 -2.1532044434434576 -0.37942545637169761 8.4732885694160096 33 43 53 0.635697272072137 10 205 6 205 3 204
3460 -1.4716682594523909 -0.27927726511999545 7.7911682629691157 151 154 169 0.60917954977799627 11 204 6 206 5 178 4 186
3461 -2.4816084189777858 -0.2495016011702606 8.4864003822698635 175 179 184 1.9207007220283192 11 218 6 215 19 102
3463 -1.452916821776058 -0.063432858367676453 8.3223165910731272 81 125 138 0.48273276089521056 8 243 6 222 5 192 2 233
3464 -2.3240390776735707 0.16641839561418362 6.5953231251298039 173 176 185 0.6782528657464697 9 197 6 236
3465 -1.8252626806567078 0.25601501060758797 8.320898890062562 171 176 182 1.9324005973848284 16 315 6 237 21 794
3466 -0.39121606742447745 0.58987348947753082 7.3959195542032541 38 50 56 0.45227470319693563 8 278 6 251 3 250 2 659
3467 0.81856905273572333 0.81906544393051672 9.3248144619360485 16 27 33 1.0215579244205517 7 252 6 253
3468 -0.4049965700660515 0.65486505102956205 7.2701426194020984 18 28 30 0.23920754240233066 7 263 6 262 5 216 2 262
3469 -2.7530915218705907 0.84628062152331562 7.0370746481426512 130 133 138 0.079857433851925425 11 325 6 284
3470 -1.3652781269818606 2.2139650907782475 6.662392046864837 23 28 28 0.27097996074612762 8 354 6 321 5 255 2 339
3471 -0.98729739842571229 2.4107343158018297 6.4887998201593842 18 14 9 0.34070774737524107 18 364 6 327 16 952
3474 -0.86342557663231712 2.6100156569916089 6.1879618642710268 74 54 29 0.26557891182505056 7 379 8 406 9 346 6 355
3476 -0.88056648865025999 2.6450591979057405 6.2260527416227589 32 10 1 0.23194398818064704 7 386 8 413 6 357 5 688
3477 -1.7127807325753337 2.5671770518790882 6.2739304860287914 68 39 13 0.34798644342549601 8 1021 6 365 5 279 3 359 4 301
3478 -2.508636516746543 2.6219803371548625 6.2448094473317779 159 133 120 0.26630180615272869 7 412 6 410 3 734
3479 -0.65582167445316764 5.1571625771237173 11.744220972061344 28 9 1 0.52879579320648484 12 436 6 416
3480 -0.98486080319295177 2.7835549457943203 5.9287176441441121 107 89 80 0.26641505412565719 8 466 6 418 5 316
3481 -1.4413838848440412 2.7771029819941728 5.9292440554915489 95 77 67 0.20407191129612989 8 491 6 433 5 740
3482 -2.6248966180065247 1.1215518006713596 2.4256483402978644 51 33 23 1.2329787700768682 8 437 6 437
3483 -0.86440938951847224 2.8335624532002583 5.7391191210732426 61 42 35 0.14500779029132035 8 507 6 444 7 460
3484 -1.1762753307984164 2.8760680789994604 5.7445972773042451 136 117 113 0.14457974223022133 8 543 10 525 6 471
3485 -2.597929301050427 2.7558626299983406 5.9976304120028807 103 88 83 0.1265284546028205 14 581 6 475 1 328
3486 -2.2688568940611167 2.8253573616913066 5.8817271923386052 96 76 69 0.14078786577560407 7 484 6 493 8 568 4 390
3487 -1.8208209817350394 2.9044625820840504 5.6845349361174362 53 26 12 0.15601730513694992 7 510 6 512 5 410
3488 -1.2389458510081559 3.0265417635865948 5.300706813451793 0 0 0 0.099667527251180721 12 613 14 736
3489 -2.286514731385664 2.9433701072764986 5.7532188786946117 135 118 111 0.092604814468940658 7 523 6 539
3491 -2.7449811659372081 2.9171628767194306 5.7353746298918704 107 90 85 0.046614012739469413 9 530 6 554
3492 -2.76557230139059 2.9673237485316974 5.7228965817352853 34 17 3 0.21678941964029033 7 545 9 547 6 559
3494 -2.6087063034528879 3.0027272020538462 5.5699541912226493 103 90 85 0.59679973064020653 12 594 6 572 3 489
3495 -2.6200717112238618 3.0196214641122623 5.5504483504668869 23 12 8 0.21825996872786094 7 572 6 576 4 459
3496 -1.9132102857079878 3.0859180269977422 5.3264228196948862 68 43 16 0.13587949696644697 7 582 8 717 6 591
3497 -1.0858927442368631 -3.3177176758569158 8.7803281280708845 156 176 178 0.17403195529467164 8 1234 6 651 5 502 3 521 2 522 1 369
3498 -0.44175285563949018 -2.9771081950923444 9.2212307716720474 85 105 106 0.49682413548831034 9 56 6 673 3 50
3499 -0.86923518627286989 -2.7805592634938772 9.0176112106742696 163 168 171 0.11141676351850688 7 698 8 830 6 679 9 1167
3500 -0.51145912430967377 -2.7473363045677224 9.3483536563338934 99 113 114 0.27041880045222039 9 70 6 682 5 533 2 86
3501 -0.88384216689855744 -2.6586703323920617 9.0804698336332077 147 164 158 0.47184325289552242 8 836 6 683 7 75 3 552
3502 -0.8349179384866271 -1.3845733780825036 9.7902978169499413 141 132 132 0.19010832166275074 7 730 8 855 9 100 6 705 5 547 3 562 2 579 1 418
3503 -1.4812291788102625 -1.0362624109620411 9.3344404816135551 68 78 80 1.2589891038392651 17 844 6 717 5 910 2 895 4 548
3505 0.22095162739149454 -0.88888230217874908 9.671444678884729 150 160 160 0.5020116436660047 8 156 6 725 9 130 5 564 3 1074
3506 -0.61218974417853866 -0.8442364644454442 9.2516454308125056 147 152 159 0.17383910677208383 7 751 8 881 9 804 6 726 5 567 3 583 4 558 2 606
3507 -0.7103662472333 -0.74192362791878852 8.7006237353580342 31 44 65 0.35532327953832843 8 1296 6 728 7 1092 9 808 5 921 3 875 4 560 2 907 1 651
3509 -2.30678940763883 -0.87083421145608497 9.1376253516434822 33 45 63 0.41964002922129384 7 752 6 730 5 571 9 806 3 588 4 562 2 612 1 445
3510 -1.6465891374113553 -0.40115685687350405 7.9268906875639322 120 135 158 0.35382458025726682 11 839 6 747 1 663
3511 -0.15857988333064349 0.60238406867927685 7.4570298679800064 37 48 52 0.38544400785731892 7 244 8 281 6 762
3513 0.13434090171230784 0.72889215147670527 7.0349963415011594 54 65 69 0.29057962921385466 7 802 8 933 6 780
3514 0.29860900177296901 0.75261754098892553 6.9388454503450214 0 0 0 0.23564830650432314 8 937 9 258 7 805
3515 -0.37527338956880252 0.78425997549685422 7.0782965467597974 18 27 34 0.058881278503477623 8 958 6 808 5 628
3516 -1.5112068241971932 1.4145038125353739 6.6067173751902981 21 29 35 1.4340556603232193 9 1281 10 1017 6 840 3 284 2 955 10 1371 1 514
3517 -1.5176162065709047 1.5542863934276805 6.6347977357846464 49 57 61 1.2806398337676113 8 346 6 843 3 934
3518 -0.79281918209027791 2.5500160785057111 6.3157780315843821 48 30 12 0.11205462277104337 8 1009 9 329 6 869
3519 -0.76799836638729135 2.5880595438734368 6.2592421026256533 49 30 16 0.16060536527286962 7 877 6 873
3520 -0.90273923603103623 2.6149249692759815 6.2742914727682644 45 23 15 0.31182851694273506 8 1379 6 877 5 686
3521 -0.9280683241581722 2.6394179371056881 6.1887495783253987 151 127 117 0.13286151052003117 7 390 8 1022 6 883
3522 -1.2257606384119519 2.6493583783306365 6.1740816233089904 167 143 133 0.1523085775658837 7 397 6 888 3 714
3523 -2.4241083601140798 2.531529998643482 6.3965703681926263 42 20 0 0.13710445483214534 7 883 6 889 8 1383 5 1018
3524 -0.97609216169649793 2.6995419544966679 5.9965106294278332 40 22 13 0.34692752151191747 7 897 6 895 5 712
3525 -2.6876064734176119 2.6122099026044281 6.2923749359325596 78 56 41 0.19241602700179397 9 386 6 910
3526 -0.63695175252990766 2.8402487544975523 5.8248671853363865 31 21 11 0.3158336980477649 8 489 10 1099 6 915
3527 -1.1349614003486979 2.8094294890404714 5.9152287871267717 26 7 0 0.16440034479575386 7 913 6 918 8 1410
3528 -2.7567376543026079 2.6730005567067301 6.1332382845697051 100 78 67 0.26287927378103343 7 442 6 930 3 745 4 728 1 572
3529 -2.4988014680473571 2.7978756815537595 5.9687271291407544 149 129 122 0.21075362674643724 7 479 6 951 2 786 3 994 1 751
3530 -1.8331498605513556 2.9074150306441369 5.7160559816107703 160 135 125 0.22808087491012125 7 508 9 493 6 961 4 755 2 794
3531 -2.7541721788349904 2.9327527072559318 5.7218799336738497 36 15 12 0.22776607596997853 12 545 6 987 13 554
3532 -1.2757577639142523 3.2113874136504768 5.0607533739874633 175 156 149 0.36043914296170709 7 999 6 1012 8 1506
3533 -1.1759662530627701 -3.0498841482699648 8.9336356288212269 44 64 73 0.7856557139248187 17 790 6 1034 5 868 3 820 11 49 2 853
3534 0.86040454455167648 -1.1395745761053186 8.6118656418564772 135 152 150 0.85628682732621475 7 1072 8 1274 9 1187 6 1067 5 1147
3535 -0.13518223426519965 -0.84870807913051938 9.1787008857605237 181 185 185 0.8988716416666761 13 147 6 1081 3 579
3536 -0.59375279318520202 -0.87128807514320339 9.1908089376055244 61 61 65 0.35768057085280108 7 749 8 879 9 798 6 1082 5 918 3 873 4 858 2 901 1 650 28 481
3537 -0.51875492084851549 -0.85239751188976054 9.1625943706900355 36 41 47 0.25125927844876023 8 880 6 1083 7 750 9 799 4 859 2 902
3538 -2.0435291446720418 -0.90820719610209599 8.9219252201988652 89 100 95 0.38283395648858454 8 1294 6 1084 2 1104 1 972
3539 -0.84824957923399835 -0.56186139990130823 7.9822466915839838 146 154 162 1.8754277723869957 8 892 6 1091 9 816 5 931
3540 -1.0478534683437732 0.35739088988956635 8.0447769428351332 90 93 98 0.44722474902282061 12 1279 6 1110 5 1179 4 1083
3541 -0.41235199762228347 0.62986672823981882 7.3944895087101257 17 28 32 0.44801583643317294 8 1324 6 1115 4 890 5 606
3542 -0.93470480703260761 0.60615394715415116 7.664673323733008 112 121 124 0.26720627461856489 7 1398 6 1117 5 1190 4 1093 2 1134 1 682 2 932
3543 0.013521567632095333 0.68810457310452422 7.0725326387338949 15 26 30 0.28299941891699537 7 1119 6 1119 9 868
3544 -2.4063053896137081 1.0773699816691837 7.5014067101930468 132 133 135 0.69106384855810643 11 1222 6 1142
3545 -1.5771082845789843 1.4687861318747393 6.2481291543032489 58 63 67 1.5731903881645328 8 988 6 1150 2 311 3 285
3546 -1.3291550726942867 2.4698727366236293 6.4211891010619793 43 25 14 0.29397031001891594 9 1295 6 1166 5 1002 8 1006 3 943 4 929 2 962 1 705
3547 -2.4599022829732728 2.5479991410904108 6.5224451904303526 20 14 3 0.25684312081421368 8 1023 6 1174
3548 -1.3697497612403031 2.6697860291149236 6.117260029715907 28 8 0 0.18087874981011565 7 1186 6 1184 2 978
3550 -1.0037228537832021 2.8338754132959676 5.7807085784359229 32 14 2 0.29734350441751806 7 1214 6 1205 9 1338
3551 -1.8264703183697004 2.8016618991021227 5.885201529709942 32 13 7 0.10298367962142192 7 1217 9 1344 6 1216
3552 -2.4124193925381028 2.7759153099937541 5.9409447060804856 30 12 2 0.25415305327060561 9 1351 6 1221 3 1163 2 1204 1 915
3553 -2.5693931956626588 2.8030426979306866 6.0410121200273972 28 9 3 0.12600984316546537 7 1222 8 1423 6 1223
3555 -0.80506598278767227 2.9683154296833072 5.5371296760509674 38 20 6 0.25457782886313218 7 1248 6 1233
3556 -2.7299915360138378 2.8609089296516701 5.8798201026475185 30 10 7 0.25777502718355305 8 1105 9 1371 6 1241
3557 -2.3946809387895245 2.9442506965815438 5.7749833020407531 27 10 3 0.18782277606165784 7 1257 8 1453 6 1251
3558 -2.3946809387895245 2.9442506965815438 5.7749833020407531 27 10 3 0.18782277606165784 7 1258 6 1252 8 1454
3559 -2.6316332511991627 2.9228947573440158 5.7393367635075139 19 6 1 0.31660444917002423 7 1262 8 1458 6 1256 5 1094 3 1012 4 1005
3560 -1.4880879532655997 3.0565299023412069 5.2682742168391155 165 145 136 0.049689940382705383 8 1694 6 1266
3561 -1.1084300836133461 3.2165685165391635 5.0953078054331069 145 132 124 0.46482515116075157 8 1499 9 1110 6 1275 7 996
3562 -1.5081260405106631 -3.4111047113574959 9.0055680977173047 120 93 70 0.42496827015134409 7 1336 9 1467 6 1296 5 1122 3 1032 4 1030 2 1066 1 778
3563 -1.0514993713643497 -2.7727145515908522 9.0126113405964947 78 69 62 0.61322439287151109 7 1347 8 1542 9 1478 6 1302 5 1309 3 1212 4 1201 2 1261
3564 -1.0263084537620624 -1.131080093929826 9.1316167459317992 134 141 134 0.3782236547013384 9 1191 6 1318 4 841 2 1094 1 805
3565 -0.16384701639006799 -1.2252400318479912 10.317342398388124 87 111 109 0.079970053901420673 8 1561 6 1319
3566 0.21497021683730644 -0.84879621607670297 9.4860325903139255 48 72 77 0.67226366788930059 7 1370 8 1756 6 1331 5 1340 3 1234 4 1219 2 1102 1 812
3567 -0.78043627574703578 -0.64525739821009986 8.5218600456360161 84 99 109 0.12644171320042241 7 1375 9 1506 6 1335
3568 -1.003595367461334 -0.35756351815596815 8.1042028017633907 58 66 77 0.78058351407416959 7 1382 9 1510 6 1339 5 1167
3569 0.0063258403697069587 0.64207129436803756 7.4930892988636195 16 27 33 0.055815515757950539 8 1584 6 1349
3570 -0.554327576514689 0.71395947535150595 7.2223531152519689 21 31 40 0.14075802943740062 8 1602 10 1623 6 1364 5 1198
3571 -0.4587066110540739 0.71810973095946251 7.1692480739644147 17 26 31 0.36508735306931672 9 1546 6 1365 5 1196 4 1098 2 1139
3572 -0.68154576108194653 0.71223796601319511 7.2187054832867776 19 30 36 0.78111274168706946 8 1599 6 1366 5 1199 4 1100 2 1140 3 918 1 847
3573 -0.67505729056283525 0.71446108469731184 7.2390423791953067 19 30 36 0.78095089421594932 8 1600 6 1367 4 1101 3 919 2 1141
3574 -0.37997234216852049 0.81955373845609947 6.9859596936068673 20 29 36 0.30879246482350969 7 1421 8 1616 6 1374 5 1202
3576 -1.3605819227502236 1.979982946878541 6.5195989101126326 28 30 25 1.2715578275994024 10 1654 11 1238 6 1391 5 1365
3577 -2.6011420994927095 2.8949435145724656 5.7191415130995855 73 60 52 0.17520098393517555 7 1458 9 1610 6 1433 5 1273
3578 -1.7415838873699512 2.9959205482304663 5.503412959027683 181 144 98 0.25501466592355243 7 1465 6 1436 5 1419
3579 -1.9069658594428143 3.0105183236899982 5.4974446892914806 183 151 109 0.33856880940891015 7 1466 6 1440 4 1300
3580 -2.2119347700361911 2.9887476115858869 5.5513452070882128 34 14 8 0.51755001989374982 9 1389 6 1441 3 1184 4 1181 5 1098 2 1234
3581 -1.5644908431833682 3.0481738811957229 5.3620257896876629 182 151 107 0.37385443313285477 8 1691 6 1443 5 1423
3582 -2.9008229127962735 2.9487703004930093 5.6750406175080652 39 21 3 0.2024224476133803 7 1276 8 1465 6 1444 5 1282
3583 -1.4187366024844379 3.0943350357319819 5.3400285625143686 29 12 5 0.28635188061989597 7 1472 6 1445 9 1616
3584 -0.99706859294114847 -1.4896803735954527 9.9578066425369389 24 37 53 0.43699477051439267 7 1518 8 1741 6 1492 5 1322 3 1058 4 1210
3585 -1.2574414331784218 -1.0375521750158545 9.168513644121699 66 78 76 0.15019598615947591 9 1677 6 1500 2 1276
3586 0.56431926195228888 -0.80604936966273677 8.8843989374254146 159 146 140 0.67546565970302086 8 1754 6 1501 5 1335 3 1230 4 1215 2 1281 1 809
3587 -1.1598493023992598 -0.12086452350729476 7.9489907659775829 179 183 193 0.81524898713203897 7 1728 8 1939 9 1897 6 1510 5 1345 3 1247 4 1229 2 1114 1 830
3588 -0.82227486778826941 0.47609354617298499 7.7310095707159636 57 70 76 1.0679893014817075 7 1395 8 1770 6 1519 5 1353 1 994
3589 -1.3338512055859408 2.2263075129684426 12.295765815248114 26 32 32 0.94494157845889848 8 1775 9 1701 10 1015 6 1523 3 1271 5 1206 4 1342
3590 -1.4015403525346208 1.961174863302273 6.5421898715936573 83 87 88 0.75136225597616801 8 1783 6 1525 5 1461 3 1347 4 1345 2 1390
3591 -1.0046290222866856 2.5116627546112262 6.3506690832799704 55 26 6 0.34172468279834434 7 1560 9 1718 6 1531 5 1370
3592 -1.3543795619618386 2.5096472958179268 6.3293574710329814 195 159 108 0.3656340753962995 7 1564 6 1535 4 1265 3 1279 2 1319 1 1009
3593 -1.6737845515852698 2.5248529480028701 6.295390006336139 182 139 91 0.2840885302602475 7 1570 8 1798 6 1538 5 1378 3 1281 4 1268 2 1320 1 1013
3594 -1.8134512015389412 2.6240166354691468 6.1980074826726126 69 51 41 0.26595810884729737 8 1807 6 1543 3 1283
3595 -1.8134512015389412 2.6240166354691468 6.1980074826726126 69 51 41 0.26595810884729737 8 1808 6 1544 3 1284
3596 -1.9476864925967421 2.6755396139666168 6.1313384510276574 35 15 8 0.37941062901402606 7 1584 6 1550 5 1388 3 1291 4 1277 2 1331
3597 -1.9475722918921625 2.6770709372624637 6.1326332334775522 35 15 8 0.26223904170117385 9 1594 6 1551 5 1389 4 1278 3 1292 2 1332
3598 -1.7440370586948739 2.983611035672626 5.6365529106028109 57 30 8 0.35613821078884594 7 1662 6 1591 4 1293 5 1412 2 1343 3 1177
3599 -2.4206206239667849 2.9590718017785256 5.6168417035918319 58 39 33 0.21232227880279964 8 1888 6 1604 7 1670
3600 -1.5593015562054737 3.1113593895832143 5.249228628592391 62 44 34 0.36248941158014408 7 1695 9 1866 6 1619
3601 -1.5306308550195851 -3.5823553462260449 8.8854154094974795 119 87 58 0.25949417163953231 7 1709 6 1629 5 1432 3 1316 4 1308 2 1350 1 1040
3602 -1.2877457260485712 -0.11994898423047951 7.8481902407057005 32 44 55 0.21377991313520917 7 1726 8 1937 9 1895 6 1648 5 1452 3 1335
3603 -1.4242849016455572 1.8909759537617883 6.5964206877356535 12 13 17 1.0610907962300005 8 1947 6 1654 5 1672 3 1614 4 1516
3604 1.0119855356215313 4.1222722060043218 11.224352007446296 84 81 69 1.7749027973539986 9 1911 6 1656 7 2006 8 1950
3605 -1.362566797309928 2.4280919875637754 6.4181117562499885 13 18 12 0.21072404572616651 7 1739 8 1953 6 1657 5 1464 3 1351 4 1348
3606 -0.80915102497404812 2.6100074216917082 6.1743555465173152 210 186 154 0.058975913873686996 7 1750 9 1928 6 1667
3607 -1.4134884604276654 2.6127245187403245 6.2219806637913679 22 3 0 0.43904503917467824 9 1938 6 1681 5 1489 3 1364 4 1363 2 1406
3608 -1.4134884604276654 2.6127245187403245 6.2219806637913679 22 3 0 0.43904503917467824 9 1939 6 1682 5 1490 3 1365 4 1364 2 1407
3609 -2.2234780034955359 2.561778351614723 6.3327051229918441 29 5 1 0.21583801669050304 7 1760 8 1979 6 1691 5 1504 3 1376 4 1373 2 1417 1 1103
3610 -1.5380102577971253 2.7009426662737459 6.0892176294807774 23 4 0 0.18164011879373937 7 1790 8 2010 6 1715 5 1527 3 1392 4 1395 2 1435 1 1115
3611 -0.74428568357820224 2.7968972524919109 5.8106500063200786 27 7 1 0.18734357996496342 7 1604 6 1726 9 1760
3612 -2.072789743036302 2.9163464949158122 5.7204389675527727 32 13 7 0.30311291698072479 9 1817 6 1802 7 1657 5 1611 3 1455 4 1456 2 1485 1 1145
3613 1.4184295332774783 3.0845836763219237 9.6744039741444325 77 92 85 0.94156718119669791 8 2212 6 1898 7 2003 9 1908
3614 -1.6817247883900257 2.4387476964246959 6.4159279574214567 15 15 9 0.2551671107915261 7 2007 8 2216 6 1904 5 1679 3 1516 4 1522
3615 -1.9882376180761274 2.4591184773884076 6.4215084786732959 18 17 13 0.19936309381379233 9 2193 6 1906 5 1681 4 1523
3616 -0.89676269667691666 2.6803458641995501 6.1610928221273298 26 7 1 0.7505089486656078 12 2243 6 1909 13 2110
3617 -2.8356994713407286 2.8681017968521414 5.8220300563364624 166 138 91 0.21045426013121893 8 2224 6 1923 5 1708 11 1975 12 2092 13 1955 3 1565 4 1562
3618 -1.2936852360328821 3.1691290922862181 5.1207921863083046 20 5 0 0.30728488297492379 7 1955 8 2254 6 1953
3619 -1.2936852360328821 3.1691290922862181 5.1207921863083046 20 5 0 0.30728488297492379 7 1956 8 2255 6 1954
3620 -0.63275789137329186 -3.7264618371925953 8.4255077822494666 154 134 105 1.219818889460724 7 2079 8 2292 9 2278 6 1987 5 1740 3 1580 4 1584 1 1157
3621 -0.65645823072049081 -3.7179081973000523 8.8080036866297267 22 32 36 1.1770852062837112 6 1989 5 1805 3 1638 2 1674 1 1296 26 1390
3622 -1.1691383776243831 -3.0976728382171359 8.9092148849055466 30 52 62 0.33092780929976762 8 2294 6 1990 5 1780 3 1619 4 1611 2 1648 1 1273
3623 -1.927390911850035 -1.2356623034727998 9.3262058349486594 177 180 187 1.6008647881274705 14 2329 5 1753 4 1592 3 1592 2 1625 1 1166
3624 0.43078774124967867 -0.74644544090790466 8.8841740153035218 56 71 74 0.81819272321629966 9 2289 6 2001 5 1791 2 1658
3625 -0.21810403865183137 -3.3914812643034553 9.0241002723442296 60 82 80 0.79850893853393379 8 2325 6 2030 5 1806 3 1653 2 1687 1 1313
3626 0.037534609046199208 0.85531380020428849 6.9841554471307496 19 29 35 0.35715362175048504 13 891 9 898 11 889 8 960 10 999 7 819 6 814
3627 -1.8055734508598063 2.828010413342759 5.8883525759007638 144 124 117 0.18199484490929549 8 1081 9 440 6 469 16 529 15 516 17 523 18 458 20 416 13 495 10 514 11 482
3628 -1.6452740461788835 -2.5751188144804629 9.5416635541176866 74 83 91 1.7427963624879277 8 847 20 665 6 695 17 835 10 1268 7 716 21 1035
3629 -0.06679429462565778 0.79483855551394977 7.0750926458397787 28 25 35 1.4725189926935844 8 1335 16 1181 15 1208 17 1207 18 1096 14 1414 20 1008 12 1304 10 1349 7 1133 6 806 16 362 14 351 13 309 11 312 10 317 9 273 19 154 19 828 21 261 21 1092 22 911 24 947 23 784 25 466 26 205 26 784
3630 -1.2626293630227765 -1.7405336495116455 10.807277556298269 177 185 194 0.96817984619721131 8 2298 16 2030 15 2041 17 2033 18 1968 14 2355 20 1796 20 1827 13 2171 11 2195 12 2298 10 2345 9 2282 7 2083 6 2021 11 2224 9 2311 19 1621 21 1873 22 1669 5 1809 3 1643 4 1641 2 1678 30 1096 26 1309 31 1293 32 1024
3631 -0.7643509084389899 2.9038693812931884 5.6420316911361166 40 15 3 0.26475867880036241 16 998 15 993 17 1026 18 903 14 1135 8 1085 13 995 12 1062 6 1217 11 1287 10 1444 9 1355 19 712
3632 -1.2323115593759526 0.31483246905832696 8.1005163757656735 161 167 178 0.37575682621677947 10 1604 12 1535 7 1393 6 1347 16 1164 8 1319 15 1190 17 1183 18 1078 14 1381 20 994 13 1209 11 1186 12 1277 10 1327 7 1117 19 818 21 1081 22 903 5 1177 3 1089 4 1081 2 1125 1 833 24 942 23 1042 25 450 26 530 27 464
3633 -1.2730637527336022 -1.7269721212391653 10.728765193689259 178 185 190 1.2463025265798431 8 2297 16 2029 17 2032 18 1967 14 2354 20 1795 20 1826 13 2170 11 2194 12 2297 10 2344 9 2281 7 2082 6 2020 11 2223 9 2310 19 1620 21 1872 22 1668 21 1921 22 1694 5 1808 3 1642 4 1640 2 1677 24 1630
3634 -0.79674960329474598 -3.0354782249284638 8.9604537471398498 105 131 153 0.65372721760968955 8 812 13 75 10 50 9 734 6 664 16 1093 15 1112 17 1108 18 1229 16 1324 14 1293 20 921 11 1109 12 1484 7 1035 7 1344 19 953 21 1017 22 1059 5 518 4 808 24 1097 23 956 23 1234 25 807 26 687 28 851 27 822 30 943 29 324 27 974 31 946
3635 -0.90560779597792607 -3.1781869914119598 8.7600968222818398 180 185 184 0.36161729308337609 8 47 13 56 6 43 17 783 13 740 21 686 5 16 2 529 5 507
3636 -3.1066140321920215 1.5342171542892094 6.1546957852051056 46 49 54 1.2618956917066046 8 1780 9 1708 7 1548 6 1653 12 948 13 1276 10 1649 11 1480 5 1674
3637 -2.7341645456840791 2.5395177838662426 6.3694317620035248 31 19 17 0.52435156955899598 8 1652 9 1588 6 1403 11 1253 12 1357 10 1400 7 1177 8 1390 5 1232 4 1136 3 1285 2 1327 1 888
3638 -1.4817326176166754 2.4925365206923913 6.4337540730682523 42 22 6 0.085033350910194844 8 380 6 337
3639 -0.45188759034717441 0.68201271412803843 7.2799147361923735 17 28 32 0.028970496248241322 8 928 6 781
3640 -2.0711460536548381 2.5943795698809282 6.2943655475073843 69 47 36 0.036706987786759557 12 320 6 893
3641 -0.0097093626021195201 0.81809819648845106 8.1555151298786743 50 61 65 2.089913597084883 8 940 6 1126 4 899 5 964
3642 -0.3973668177180445 0.7131883161053777 7.1646279890136277 50 61 65 0.28748864631138826 8 941 6 1127 5 963 3 911 4 898
3643 -0.7686834002383377 -3.5131925749954185 8.7019844476799939 146 143 140 0.4397338839342167 12 13 19 11 24 512 25 9 27 12 10 21 29 27
3644 -0.77221586686744947 -3.5083464528222543 8.6874910757208195 146 143 140 0.36755918219032063 12 14 19 12 25 10
3645 -0.49716662781846915 -2.6981045349211987 9.4644430027048401 0 0 0 0.83303062841759057 16 124 18 115 20 107 9 1174
3646 -0.77615399522379924 -2.559279964431298 9.1171154649812074 98 109 113 1.6152019952718046 7 714 19 39 22 87 4 831
3647 -1.9577495450607159 -0.39361411495054988 8.5495730285452574 95 95 105 1.614521909713251 11 197 12 97 14 235 19 92 3 200 2 212 1 152
3648 -1.8549345447885099 -0.37994556405403046 8.6255612635293222 90 93 101 1.1438640410154082 12 102 19 94 5 589 4 582
3649 -2.0140329271290978 -0.33126800539046874 8.3586187169577872 75 63 60 1.8066017188475272 8 232 14 245 28 120
3651 1.646973244827131 -0.14316440707372266 9.251532891765029 154 96 58 0.19242243826556679 16 287 17 271 19 116
3652 -1.5292743583166235 2.4457925386572041 6.3725065380334378 16 12 9 0.035774327799182382 20 343 19 214
3653 -2.1750006706734397 2.520741051720881 6.4184483637232486 122 106 100 0.34097783957600775 18 381 19 223 21 365
3655 -1.7955406843124067 2.9696241711427391 5.5591902273400828 123 88 44 0.3494171605708592 12 1080 13 1012 16 576 19 393 11 540 21 497 20 461 22 395 18 911
3656 -1.4494191239884131 3.0190742792243226 5.4952117435135017 150 129 109 0.29592785426317048 16 591 19 411 21 512 22 406
3657 -1.2253475307378092 2.9870683683827455 5.3982042667909083 52 25 16 0.30192306743814851 15 1012 16 593 18 513 19 413
3658 -1.4555279169411848 3.0284943698172437 5.4481179830784301 77 54 30 0.082912071933665926 20 485 19 416 21 919
3659 -0.93429754088835626 3.0636913879208856 5.3684716453139218 35 17 7 0.066286299814827629 16 608 18 526 19 427
3661 -1.282137200762157 3.0670982378328953 5.3375709229390598 144 124 113 0.083310112456911292 20 503 19 432 22 417
3662 -1.3093737615981973 3.0681849583783993 5.2972313154397952 112 92 82 0.10334732890413008 18 533 19 438 17 621
3663 -0.57274579840473849 4.2819134318299987 7.8848890259836937 56 35 16 2.4876883014012847 6 541 17 641 19 447
3664 -1.223596197386257 3.1187898567371826 5.2183233538349549 34 16 6 0.11387506001776831 15 631 17 646 19 459
3665 -1.4086581473334956 3.1203577238718707 5.1947951701625392 35 15 6 0.14277737351375291 17 649 18 556 19 463 21 554
3666 -1.2355161136036423 3.2034518360547164 5.1259303990733986 39 15 11 0.025576856348675285 16 679 19 496
3667 -1.907848466442152 3.1887905873683913 4.9824536160462598 122 118 111 0.20968424147486309 18 589 19 512
3668 -1.0550603766507471 3.1959509127731565 4.9203952360557848 104 84 75 0.29792302343986421 18 601 19 516 22 466
3669 -1.1748042048467253 -3.887518141357496 8.2660503133546843 83 110 131 0.20767524328835441 15 18 19 537 13 707
3670 -1.3493070165872987 -4.0343894617900018 9.4680501899709899 41 44 54 0.0328197017948181 19 540 5 846
3672 -1.284717187837749 -1.1671396671338679 9.4720641189867383 93 103 92 1.6238237432442193 6 1070 14 914 5 901 3 858 2 890
3673 -1.4258394845068305 -0.66763932335507414 8.5885985024257714 81 98 126 0.23953632415159642 12 861 19 579 4 569
3674 -1.6901189400320131 -0.32298505882580764 8.3098205016582938 81 84 91 1.4289779952221988 12 878 20 722 19 587
3675 -2.9307528873260251 1.8252176566806426 7.3758270109328752 0 0 0 2.4348630992841489 14 1705 17 380
3676 -1.6225807094356854 2.6390762509147421 6.1594346769531292 36 15 10 0.29013216092438437 11 1260 16 970 19 679
3677 -1.6080186186284755 2.5993212023538388 6.0333242856087974 36 15 10 0.093409727922815877 18 875 19 680 16 971
3678 -0.84833526374907309 2.7683623740604584 5.952476343798395 47 27 20 0.54542997344814892 16 986 19 695 22 362
3679 -1.0740007829391631 2.9792755648998916 5.4924354134160831 43 20 14 0.070014760657495179 18 914 19 718 17 1033
3680 -2.450701998022137 6.9074176112243357 14.859063565583558 0 0 0 2.3470677289101851 7 509 17 581
3681 -1.3867032243202553 3.1030190236453903 5.156393170344491 36 15 7 0.14809108291499853 16 1026 18 934 19 733
3682 -1.0922609550406008 3.166321797507043 4.9233403566258707 59 42 34 0.33428744965608209 16 1281 18 954 19 746
3684 1.520936356904135 -2.732036315929824 7.4037893289792187 106 98 95 0.55320634562538262 16 765 17 1100 18 993 19 767
3685 1.5904205901202837 -2.7243514096519381 7.6819312279039549 112 97 93 0.47857606168537986 16 768 19 768 18 1000
3686 1.5156783824061053 -2.5485512304222007 7.4696222201408862 110 93 93 0.50907881342600936 16 770 17 1113 19 769 18 670
3687 -1.1894658028638139 -2.6685553623382257 9.1152263161419018 96 95 103 0.15900377960227027 12 1225 19 780 25 381
3688 1.2938469640398984 -1.4314119846446496 8.9111055825122367 155 170 173 0.51617006496349283 12 45 19 786
3689 -1.7548945237309832 0.99078944807844649 5.3555520566908212 114 114 122 3.0832480688488166 20 1022 19 846
3690 -1.5090285661877045 1.5604456158580082 6.3657263842707419 29 32 39 1.1762889809550929 17 1249 18 1122 19 858
3691 -1.2209446518195914 2.8822133074927114 5.6033290775467828 31 11 4 0.24718087620793985 20 1073 19 896 21 908
3692 -2.1900336970966987 2.8989412638304977 5.3977394548305417 39 20 14 0.15731554575489692 17 1291 18 1171 19 900
3693 -0.84241875627120266 3.080815195334607 5.188821551377746 79 59 52 0.28317092621215212 20 1088 19 915 21 1187 22 1013
3694 -1.2317785908866454 -3.6143393096564083 8.7326942060865171 52 54 59 0.71180704894417168 20 1132 19 941 22 1045 24 1078 26 915 25 996 27 610 30 936 29 194
3696 2.2414294789249962 -0.35853462674014086 8.4381062823089241 132 148 150 0.63226852623870189 14 1638 19 997 24 1157 25 871
3697 1.6961997822718407 0.9372086196993511 6.602408115365078 168 165 177 0.51549598482825476 20 1226 19 1019 21 1299 22 1271
3698 -1.3925993071562974 2.4323014148020876 6.8373834063885388 56 59 64 0.16071995557982663 16 1426 17 1445 19 1045
3701 -0.66614083257387047 0.67408813318290728 0.55674135103129352 86 85 83 0.92025069933972703 17 1593 19 1182
3702 -2.8587044543490459 2.7414773924149149 10.079671645885053 21 38 54 0.091574833465507072 12 1737 19 1184
3703 -2.40350124363006 2.5953870788598383 6.4047332357719924 37 10 1 0.012471317638816306 20 1398 19 1201
3704 -0.88180721750932634 2.8270173740192561 5.831349246475809 28 5 1 0.12452518742153947 20 1483 19 1261 21 1588 22 1340
3705 -2.1817812337707041 2.8462590870133546 5.8328929841440749 85 67 57 0.19711771590960994 16 1681 18 1573 19 1269
3706 -2.1817812337707041 2.8462590870133546 5.8328929841440749 85 67 57 0.19711771590960994 16 1682 18 1574 19 1270
3707 -0.90820883678272124 2.9385844981868723 5.3283421347012192 41 22 14 0.26392637597621799 17 1760 18 1630 19 1312
3708 -1.223399121664418 3.2181170508899126 5.1053535484697115 48 26 21 0.29098125215266196 17 1800 18 1664 19 1350
3709 -1.3734757073590029 -3.7661406216524376 8.5167688391947696 146 114 135 0.25023082113125034 12 1675 19 1357 24 1289 23 1406
3710 1.6098289262554077 -3.1527116721562884 7.1068323039648895 100 112 120 0.49308993620822572 14 2031 19 1359
3711 1.6693065874243822 -3.2018281691820047 7.3931381393816231 112 118 116 1.2401774419650773 15 1525 16 1978 19 1360
3712 1.2054143938262984 0.026077095539200346 8.1220444206344329 179 178 182 1.2258535939476503 16 1834 17 2007 20 1766 19 1396 21 1848
3713 1.7333797374914379 0.84965881077424932 6.7548220063364761 96 98 108 1.4279564520509898 20 1619 19 1403 21 1712 22 1439 24 1480 23 1684 24 1570 25 1154
3714 1.6140702755531531 1.1551143218994553 6.4207984928165738 175 163 168 0.4155970592424999 20 1772 19 1409 21 1849 22 1604 24 1574 23 1689 25 1233 26 1339
3715 -1.0451160710543397 2.7552020295928132 5.9696329985242524 29 6 1 0.15691161196413314 20 1658 19 1446 21 1563 22 1483
3716 -1.3314677410574904 3.0294130939979405 5.3753622206480864 28 8 0 0.24664860962691673 20 1687 19 1487 21 1768 22 1521
3717 -0.67575676057291179 3.0381449620936536 5.3276577418583955 225 196 154 0.12416898927125523 17 1929 18 1844 19 1491 21 1773 23 1643
3718 -1.1595153098132331 3.0305407994834597 5.2621583426384584 93 68 61 0.2739681043750008 20 1546 19 1495 21 1642 22 1375
3719 -1.3108784691108206 3.1040088090747049 5.1080712717037189 89 66 61 0.24890746590628235 18 1868 20 1713 19 1516 21 1649
3720 -1.4835786350213627 3.1988159223093175 5.2946337954923592 96 76 68 0.43956566220220511 17 1954 18 1869 19 1517
3721 -1.4835786350213627 3.1988159223093175 5.2946337954923592 96 76 68 0.43956566220220511 17 1955 18 1870 19 1518
3722 -1.136550812080694 3.1807960189695366 5.1537246913265573 26 12 3 0.15264186563880411 17 1961 18 1877 19 1526
3723 -1.4151727443259785 -3.2003241177212174 9.0127195762318717 63 66 61 1.107481381899371 12 2221 19 1552 2 1615 24 1440 25 1116 26 1132 27 967 28 845 30 790 31 443
3724 -1.0524955554660458 -1.163320701011616 9.1775781638551752 111 120 117 0.69193795792482204 20 1597 19 1560 22 1418 24 1454 23 1563
3725 1.3782701774633206 -2.6703553209361011 6.8024767909925883 49 53 56 1.0293530098964241 16 2021 19 1591 22 1663 20 1745 26 1392
3726 1.6560480458863251 0.98992555957514994 6.5073608430352081 159 155 169 1.1303924695986898 20 1811 19 1605 21 1889 22 1653 24 1571 23 1685 25 1230 26 1336 27 1192
3727 1.3413360431183197 -2.3490649058366637 8.0294273566869592 88 114 115 1.3510736718966181 17 2061 19 1619 21 1870
3728 -1.8479455150438935 1.9578595276327135 8.3174035468633036 52 56 59 1.1356076695773045 16 2100 17 2081 19 1640 18 2008
3729 -1.1043768542656105 -1.9574797272651079 10.661560806123479 39 47 58 1.0473251379189104 14 2384 19 1654 21 1919 1 1299
3730 2.0501237347976495 -0.19420892514555815 8.4159108574491288 190 195 200 1.9530202778407235 15 2102 19 1659 22 1699 16 2097 24 1678 23 1796 25 1339 26 1439 31 1387 32 1117 33 1198 34 1081 35 1482 36 1471
3732 -1.4274059866503066 -2.3175258700414787 10.451295304407765 166 165 173 2.4079270646074198 12 2339 17 2105 19 1680 22 1720 24 1673
3733 -0.29638352510143134 -1.3370388171352836 10.027754344668084 47 61 71 0.68856266006222799 10 1283 9 1189 6 708 19 564 15 162 20 135 10 103 5 549 4 531 2 115 1 79 25 610 26 718 27 663
3734 -1.2246484021923196 2.6894389612229412 6.1208578805156195 29 5 0 0.20593356120810177 14 2121 12 2034 19 1228 16 1620 15 1620 17 1648 18 1524 20 1430 21 1541 22 1314
3736 -1.0812871761322089 0.024806209234094351 8.0315096090352789 155 158 171 1.0935424094961561 16 296 17 905 18 784 20 220 13 841 10 1322 19 118 17 276 13 234 22 632 1 479 23 258
3737 -0.67238840196636518 3.0128051585706586 5.4197346035399772 37 6 0 0.19826161414236554 16 1740 15 1726 19 1100 16 1480 17 1500 18 1402 20 1311 24 1260
3738 -0.82683228870801917 3.0171693685586352 5.4153847348603108 26 7 0 0.61231902748927558 11 2000 12 2126 10 2132 7 1883 19 1320 16 1741 15 1731 17 1764 18 1631 14 1990 20 1540 13 1761 21 1640 22 1524 24 1413 23 1526
3739 -0.98508678865132915 2.5156898488355091 6.4073877330556641 51 18 0 1.4476278082263125 8 1792 11 1498 12 1752 10 1784 9 1719 7 1561 6 1532 19 1057 18 1356 20 1264 21 1157 18 1153 22 1157 5 1371 24 1228 23 1135 25 934 26 846
3741 1.7651471836468917 -0.90620236673833665 8.5393467660019144 171 178 180 1.1009008786704875 15 2002 16 2037 18 1972 20 1756 22 1586 24 1556 25 1214
3742 -2.0010039783125864 2.6264246087948839 6.1992434718164207 66 46 39 0.34650882262142713 20 373 19 259 21 403 15 962
3743 -1.0948100522604665 4.913839032307191 8.330474968921374 51 32 24 2.0432350502373895 12 737 19 521
3744 -1.7745694784895982 2.6267066652937809 6.0608768656355769 46 26 19 0.069660155310005273 15 1254 19 888
3745 -1.7550360380452359 3.1619532094179776 9.3921763601115469 22 24 23 1.9301140453844561 16 2118 17 2097 19 1663
3746 -0.94688929857357218 -3.9098753546852612 8.0795939513451316 167 157 158 0.77204975623614169 17 23 21 20 22 12 26 0
3749 -0.60751136597703981 -2.6884434073298991 9.3552707485665927 78 93 93 0.55666783041752332 20 106 21 109 22 82 17 114 23 109 25 52 26 46 19 34
3750 1.9134576658110114 -1.0359891927244949 8.3416492868913412 66 99 104 0.43706110297700884 17 154 21 139 22 120
3751 -0.90203662168011711 -0.92216722762582226 9.224749010912884 81 82 84 0.43758909758393755 11 140 21 148 13 143
3752 1.692703523531836 -0.89043754736395664 8.7157799760828105 132 148 149 0.73431952000333578 16 176 17 178 21 163
3753 -1.8064300350571827 -0.35593471162506052 8.6377890881157438 97 96 112 1.2144860569624101 15 263 20 191 21 186 22 159
3754 -1.3731563364233703 -0.17169198812243747 7.9491847473750701 46 55 64 0.37255417815746811 13 215 20 206 21 194
3755 -2.1682042733593936 0.11503010929776775 8.600798862901037 162 165 172 1.3966425560127218 6 228 7 224 22 184 21 215 24 186
3756 1.3656652661988495 -0.12317870456998697 8.9853934981172152 135 86 50 1.8077957065931656 20 219 21 217 22 633 23 274 26 159 24 192 27 141
3757 1.8374880240093368 -0.10227760155418916 8.6714025319449632 124 125 127 0.60832582598882379 17 273 18 783 21 219
3758 -1.4401681022744532 0.20096083262365896 8.1890656963168365 44 56 68 0.81756709803963135 11 246 21 224 22 195
3759 -1.0275766981769905 0.38035719094262754 8.0067962316438024 80 85 93 0.49676204996398932 13 254 16 320 21 239
3760 -0.5836650598497678 0.62245494946000657 7.3816263908551409 66 75 84 0.36961756734026441 15 324 21 243 24 210 25 139 26 177
3761 -0.47097038856500734 0.77156136566713185 9.0450480744680632 22 29 39 0.95075492570944109 17 307 21 250 19 143 22 220
3762 0.3442346718962489 1.4815473466251694 27.17721773175079 64 73 78 0.13411552379157518 18 288 21 255
3763 1.280369478375484 0.85553059304548829 7.1439739112428482 66 72 84 0.058107798846421102 18 306 21 274
3767 -1.3802370920395552 2.031991820305759 6.5875360803865544 66 71 77 0.13993933705099434 20 320 21 343 23 408
3769 -1.8744796709185514 2.5182811884639973 6.3698914359980954 64 47 26 0.014651680027950942 16 448 21 372
3770 -2.208033136530124 3.2678663019562042 8.5961090111786955 75 49 36 1.7221876386548711 16 464 21 384
3772 -1.9517635912432998 2.7321271898034074 6.0466470747332366 88 69 62 0.091162999361403846 12 393 21 428
3773 -1.0343262203465029 2.6777345073883185 6.1502650701780972 62 42 35 0.09104260636588607 17 474 21 429
3774 -1.6619548637412658 2.7450280360308277 6.039993845827496 149 129 122 0.26093114692923575 18 433 21 438 16 503
3775 -0.76424778166427088 2.9069406796205706 5.6427685864480521 48 24 4 0.047552396999468179 20 450 21 502 22 751
3776 -0.78031791061310041 3.0949359312206548 5.1985008445142959 152 133 123 0.26416892671441988 19 453 21 564 22 439
3777 -0.76647703086914931 3.1096934176386641 5.1980497035637407 31 11 2 0.12246346205638847 20 529 21 567 22 443
3778 -0.93576617864506162 3.1633268990455692 5.0546695464638631 141 123 115 0.24074170043558604 19 492 21 581 22 455
3779 -0.93576617864506162 3.1633268990455692 5.0546695464638631 141 123 115 0.24074170043558604 19 493 21 582 22 456
3780 -0.57815651299871762 3.2294071899460519 4.9527501829958185 36 24 18 0.38765626952022858 17 704 21 605 22 787 24 819
3781 -0.84891642446700522 -4.2315560428490109 7.9978232019195152 125 91 73 0.59521841489233851 17 722 21 634 16 718 18 961 22 484
3782 1.4922525355735963 -3.1378625178069401 7.4474501470447478 127 163 199 0.36027171199029151 20 611 21 664 22 516 26 410
3783 -1.7933941011940506 -0.96433855595532469 8.8942959972260027 68 78 83 0.42110091118648796 17 160 21 729 22 574 24 574 27 392
3784 1.8815786913299646 -0.75778490716496705 8.1173281554251044 111 126 132 0.33904266297267355 20 710 21 757 22 602
3785 -1.2383993208954407 -0.26644082522128132 7.8207504943682205 191 193 208 0.13845685976986521 20 727 21 764 25 427
3787 1.5709092285987927 -0.37381575542996115 8.7024357415382667 65 60 54 0.32788189862283912 20 200 21 776 23 752
3788 -1.2212555007492587 -0.016947149872230449 7.8606859154951083 103 146 165 0.85449039254194137 16 882 21 786 17 270 22 628 23 250
3791 -0.72617508965584809 2.6244841345791934 6.2888384309729828 116 98 88 0.15497068692673321 19 677 21 891 22 728
3792 -0.6743708538382035 2.8394618524050528 5.8359532617546606 48 30 14 0.43228578538092133 16 991 21 900 24 793 23 495
3793 -0.64744543973394608 2.8565222244243729 5.8188819051055347 134 126 115 0.12467352225892259 20 828 21 904 22 742
3794 -0.74903263669364339 2.9565100356861516 5.4852992499681958 43 20 6 0.15004375502468331 20 835 21 918 22 756 24 801 23 887
3795 -1.3365384739834096 3.2535470607718695 4.9687943819315352 65 47 37 0.29082387621132616 20 860 21 948 22 1021
3796 -1.2624289166288001 3.2537756587841034 4.932175701825269 147 128 122 0.50658392803589736 20 867 21 952 22 782
3797 -0.73821903843395842 3.2165748668556051 4.9329551866036914 48 25 4 0.4305636688942302 20 865 21 954 22 784
3798 -1.3619194428864621 -4.3589642570166403 8.2660944995392409 139 88 81 0.33757611337304239 16 1053 17 1063 18 960 21 972
3799 -1.3787021947367375 -4.2601212446613506 8.2970686207770807 133 94 105 0.53200232490984267 18 966 21 974 22 794 24 484 25 326
3800 1.4981733995106281 -2.7109821341352243 7.4650625870210785 63 52 46 0.96621689393522647 20 911 21 1010 22 1053 24 1092 25 586
3801 1.5061737685133245 -2.6214878970984175 7.5200647690099593 73 57 42 0.68326767232108598 20 920 21 1016 24 864 22 836 23 958 25 591 26 686
3802 -1.4303776178082988 -0.83610654496500014 8.9659564667938465 36 52 78 0.11292769378104432 20 965 21 1051 23 1001
3803 1.8659057351089743 -0.93948558533747517 8.3544718313235364 154 175 180 0.19667375292278486 20 955 21 1059 22 879
3804 1.4694071726383111 -0.48428347979324537 8.9812247020392668 60 67 73 0.33219688851062534 20 724 21 1069 22 890
3805 1.8395003575267368 -0.27165757755062403 8.4980452179090609 126 130 133 1.4065580700852818 20 1196 21 1075 22 626 23 260
3806 1.6464077984334708 0.94595938669757484 6.6186307727796647 126 124 134 0.91039581084255972 20 1023 21 1106 22 928 24 960 23 1066 25 482 26 563
3807 1.6182495632302532 1.1202629394048116 6.4958458674469917 161 151 150 0.44978038973368695 20 1034 21 1123 22 944 24 983
3808 -1.5669154992340453 1.5982087039106578 6.4741721612338132 59 68 75 1.2117549707515618 16 1215 20 1239 21 1129 22 696
3809 -1.1525155149656605 2.4502342430303221 6.4593036632259837 74 63 60 0.39170910537777787 20 1056 21 1155 22 978
3810 -1.9255742452200137 2.8382645985296553 5.8756902683998211 55 35 26 0.3827942450838846 19 1076 21 1169 17 1472
3811 -1.563149447200666 2.9906479363334464 5.403815590134486 82 45 12 0.22918521010606141 20 1304 21 1179 22 1195
3812 -1.563149447200666 2.9906479363334464 5.403815590134486 82 45 12 0.22918521010606141 20 1305 21 1180 22 1196
3813 -1.0186571869814733 3.0957428285295823 5.1903585106326551 78 58 49 0.19508889944771327 20 1089 21 1186 22 1012
3814 -0.73681080512257191 3.1533161290759608 5.0726869591149235 50 22 10 0.27810751463092942 20 1097 21 1193 22 1017
3815 -0.59945516330129667 3.2311405694332951 4.9239745702876059 123 108 97 0.18824331901366489 20 1104 21 1199 23 1176
3816 -0.40589485719127316 -4.3118180087714659 8.5394840131588285 97 84 68 0.62251592452228754 17 1323 21 1209 24 1065 23 1187
3817 1.5276055008757594 -3.2165900271974013 7.4203249219512948 160 173 179 0.3628217225652392 20 1129 21 1225 22 1041 24 1075 23 1206 25 784 26 1127
3818 1.5128157896871257 -2.7177743756978625 7.358922168897033 129 124 112 0.25369655356280568 20 1139 21 1235 22 1051
3819 1.5237060134211653 -2.7443693072308832 7.4311224654329537 129 124 112 0.39199982052261495 20 1140 21 1236 22 1052 24 1090 23 1229 25 798
3820 1.5252366180441226 -2.655580314934554 7.48842670747299 135 122 103 0.41317671244356424 20 1143 21 1239 22 1056 24 1095 23 1232 25 806 26 1134 27 972
3821 0.25852869027623382 0.64895990314310981 7.3568808564693704 18 27 36 0.073514054916242605 20 1214 21 1289
3822 -1.4985153731788863 1.9141582876872367 6.5665513162731655 60 77 85 0.16687973750778626 20 1247 21 1323 22 964
3823 0.00098695300677287268 1.698232354520973 5.5904515852842751 124 125 128 1.3785241218343152 11 1483 21 1327
3824 -1.4098178757830599 2.572181403573361 6.3030835749538543 101 74 64 0.093777276430994261 19 1062 21 1360 23 1139 24 1023
3825 -1.3633553194605832 2.702732399436353 5.9677646647615914 87 64 58 0.28437958696423299 20 1442 21 1378 22 1322
3826 -1.7339516829967794 2.9413225880275355 5.5563107327790826 98 63 23 0.15846080787677275 20 1301 21 1401 22 1193
3827 1.5140906912673113 -3.0459097361945005 7.4336127495617417 138 153 166 0.44792910272471576 20 1133 21 1433 22 1211 24 1295 23 1410
3829 1.5824568389393106 -2.4092947168739616 7.58589994349422 42 39 46 0.51415342715673462 20 1150 21 1444 22 1410
3830 -0.3700084489048161 -1.3625286103080523 9.9531027399560692 167 177 187 0.22203557274633159 16 1343 21 1456 22 1235
3831 -0.97564181262522331 0.48480450516710444 7.79394303518984 119 128 133 0.23737122772103625 20 1379 21 1484 22 1264
3832 1.7911503124416916 0.85740249436077076 6.7186720478699824 171 171 182 1.0265091659701246 19 1015 21 1489 22 1269 24 1182 23 1477 25 1058 26 1183 27 1110 28 1192 29 515
3833 1.78545566779444 0.91908011006090762 6.6885754582070174 178 176 187 0.27683841517631874 19 1177 21 1490 22 1440 24 1482 23 1595 25 1157 26 1265
3835 -1.885364287599212 2.5275105053649929 6.2712336893775662 32 8 0 0.30391206905194795 20 1396 21 1506 22 1281
3836 -1.0327875560152588 2.7825412442941815 5.8642575876927259 78 54 50 0.17531058102683753 20 1472 21 1573 22 1335
3837 -1.0157442412005833 2.8181806459700729 5.7767770656477779 28 8 0 0.089897734224953438 20 1490 21 1586 22 1492
3838 -0.85793827415318735 2.9064764099930538 5.5771613323427029 91 67 57 0.15029563620785202 20 1515 21 1610 22 1355
3839 -0.86266633417775895 2.9122691801116587 5.6016412109645142 91 67 57 0.58717125403857062 20 1516 21 1611 22 1356 24 1406 23 1519 25 965 26 1093
3840 -0.84978110310675514 2.9730603508172209 5.4572561827232677 88 70 60 0.22909693510443799 20 1533 21 1629 22 1369 24 1412 23 1525
3841 -0.84502332601984098 2.9625275944047189 5.4293510087284069 88 70 60 0.13680663297250262 20 1534 21 1630 22 1370
3842 1.9764984382320718 -0.089450616767242475 8.221502356181956 197 205 208 0.57148003192878993 20 1610 21 1706 22 1432 24 1477 23 1590 25 1146 26 1332
3843 1.3907711965168366 0.98866705759300777 6.7654221406146071 185 152 159 0.32572227949086718 20 1622 21 1714 22 1442 24 1484 23 1597
3844 -1.6828862450609767 2.4498981055156386 6.4307155865100745 19 23 24 0.15132089860202047 20 1629 21 1720
3846 -1.5074433897444555 2.5240901997230614 6.3736087203856142 182 154 115 0.27931642585215744 20 1634 21 1733 22 1459
3847 -1.5074433897444555 2.5240901997230614 6.3736087203856142 182 154 115 0.27931642585215744 20 1635 21 1734 22 1460
3848 -1.3453597247929969 2.5161382400005281 6.378363632934434 193 152 108 0.34999361020137415 20 1630 21 1735 22 1463 23 1611 24 1496
3849 -1.1664754855629151 2.9487339925175546 5.5071365629034501 31 11 2 0.18281835832052121 20 1671 21 1759 22 1510
3850 -0.67634304937651757 3.0393103856731671 5.3298429512968628 210 182 145 0.13517366284111612 20 1696 21 1772 23 1642
3851 -1.3040352305488876 3.0928083062024627 5.2139464915016651 29 9 2 0.31215120354311943 20 1708 21 1779 22 1528
3852 -1.2850408880527813 3.1303066824130443 5.0296755164172833 26 6 0 0.3880614501129182 20 1718 21 1785 22 1536
3853 -1.2850408880527813 3.1303066824130443 5.0296755164172833 26 6 0 0.3880614501129182 20 1719 21 1786 22 1537
3854 -0.97598947396601188 3.2114598511119175 4.9795727003731152 25 5 0 0.35619076791015153 20 1733 21 1800 22 1551
3855 1.3657663713431045 -2.8543943992856899 6.7415527552588097 41 63 100 0.85148267437997494 17 1981 21 1823 18 1896 22 1569
3856 1.2914262868321034 -0.33534476767120486 8.7241738940112548 88 60 48 0.32771269113540741 20 1762 21 1842 22 1596
3857 -2.1896798738698942 -0.86278269154287035 9.0117111992609935 50 59 74 0.88971657039048146 20 1829 21 1877 22 1671 24 1607 23 1722 25 1212 26 1312
3858 -2.2036009643009762 -0.35237904925999919 8.3755500560381719 54 64 75 0.42940708650400128 19 1631 21 1883 22 1645 24 1614 23 1730 25 1268 26 1366
3859 -2.2036009643009762 -0.35237904925999919 8.3755500560381719 54 64 75 0.42940708650400128 19 1632 21 1884 22 1646 24 1615 23 1731 25 1269 26 1367
3861 1.5708506928268546 -0.5316318651255284 8.8789487513208627 24 39 44 0.28016968214755611 20 1833 21 1906 22 1678 24 1618 23 1734 25 1276 26 1373
3862 -0.61791223313030053 2.8259879006145949 5.9244571841984728 28 24 21 1.7706571105440447 20 1841 21 1915 22 1686 24 1651 23 1768 25 1320 26 1415
3863 1.3488160968806246 -0.59438949123784701 8.8351254649255662 149 158 163 0.54128328263131875 20 1831 21 1923 22 1696
3864 1.809962231544556 0.055813067130967217 8.7933359968512725 110 114 117 1.9289199378224549 18 2005 21 1926 19 1660 22 1701 24 1642 23 1760 25 1312 26 1408
3866 -1.7000289382728466 -3.6736123308197071 8.936978449401078 28 33 42 1.6162549988349211 17 2113 18 2019 21 1932 22 1717 23 1801 24 1683 25 1345 26 1447 27 1289 28 1281 30 1209 29 620 31 1393 32 1124 33 1212 13 2220 34 1095
3867 -0.80846358332857249 -2.9853676800333853 8.9716447350464179 27 48 71 0.17348102868962115 13 76 9 736 21 76 15 94 20 82 25 35 28 682
3868 -1.0350003254133682 -3.9875612344285258 8.1453957529219583 139 127 132 0.42905755584267835 18 974 20 884 12 781 21 646 15 716 17 21 23 595 25 332
3869 -1.3899807488545268 -0.70769362384602008 8.6764253618648066 36 52 69 1.1688856556366425 8 890 17 869 12 859 15 819 10 924 21 753 18 189 12 78 7 150 22 136 4 564 2 160 1 450 24 601 25 619 23 1008 26 728
3870 0.64945329949203157 1.0695749139026824 6.38727021936021 34 50 58 1.545179484739126 12 1324 10 1642 21 844 15 366 17 356 14 1029 13 323 18 325 19 841 18 828
3871 -0.89354620890505143 2.5404107986478737 6.3891474115508124 59 26 6 0.85142917776554472 16 958 15 948 17 425 14 1064 20 358 13 1290 14 1468 11 1245 12 975 9 1296 7 1169 19 669 21 398 10 372 6 330 21 393 22 309 22 320 24 366 23 453
3872 -0.99362062198972034 2.5088178808993153 6.4558078352674944 41 8 0 0.69731401685395067 16 1235 15 1247 18 1152 14 1465 13 940 8 1003 11 1244 12 1349 10 1045 9 1294 7 1167 6 866 21 1156 18 1355 20 1263 22 1156 5 998 3 685 4 663 2 960 23 1134
3873 -1.5244854180393368 -3.9366389460467781 8.589934916741468 58 65 77 0.29153347400213575 14 837 16 737 11 715 21 30 8 11 13 22
3874 -0.51752978981615549 -3.4866739054025455 8.8134388670379096 129 125 129 2.0528163430465431 17 1535 18 1682 14 2036 11 1823 12 1944 10 1958 7 1710 6 1630 19 1361 21 1434 16 750 18 984 14 1280 13 1111 11 730 12 1467 19 542 4 1309 24 1435 25 1111 26 1226 27 1073
3875 -1.9142820042981534 2.9614879086543748 5.5670363506858882 65 39 18 0.75356080039479589 14 698 13 1015 21 912 15 1480 17 1292 18 1167 14 1756 8 1684 20 830 13 1552 11 1524 12 1644 10 1692 9 1612 7 1460 6 1435 19 897 5 1417 3 1306 4 1004 4 1297 3 1011 2 1344 1 1032
3876 -0.86544980114604075 2.6594303929112155 6.2174740172767144 59 35 24 0.50101499666508131 16 1446 15 1456 17 1457 18 1368 14 1874 13 1647 8 1805 12 1767 10 1801 7 1575 6 1539 21 1166 20 1067 19 1071 22 991 5 1380
3877 -2.1112381825212831 1.193392882563332 7.0422123210110907 78 83 87 1.8814549932748899 7 1539 17 1426 19 1027 21 1102
3878 -1.9536280197619273 2.4997079637255153 6.4706206798472836 62 45 42 0.1211571084368615 20 1816 21 1893
3879 -0.61897023564119946 -2.8376869370519087 9.2018877642735877 136 154 156 0.80185001612735696 14 881 18 91 22 70 28 413
3880 -0.81178281607617442 -2.6898119652201657 9.1152314776957617 150 163 169 0.24244942968520633 18 107 22 76 27 373
3881 1.0446661939025992 -1.3720943255152456 8.4041937090019747 156 171 174 0.67829393246575387 19 560 23 1253 25 828
3882 0.66381415866096416 -0.7884710615185756 9.1216274251911678 39 54 59 1.3083789097824765 20 167 22 147 25 99
3883 -1.8644523278089404 -0.67035764658145147 11.156499232662254 0 0 0 1.2649110121283089 13 185 14 225 10 185
3884 -1.8127718038750951 -0.41196836846912799 9.1563230871282606 77 76 87 0.70654174709877893 7 198 17 235 5 171
3885 1.7827232291403252 -0.23956493075055052 8.4643929596921517 107 108 112 0.29114688108601777 19 590 21 211 22 180
3886 1.4491559260317626 0.89182497183135412 7.0439846268916231 162 169 175 0.025524194249091116 17 342 22 234
3887 1.5079011161906224 1.0236427076437262 6.6879836904084931 70 57 66 0.17820616791159774 20 280 22 248 23 326
3888 1.1833088894319621 1.0621646510782119 6.6539210295062379 162 135 138 0.36525703282095129 20 284 22 249 24 263 23 325 26 240 27 181
3889 1.3401044900135943 1.1616422224523966 6.3709672533842818 144 126 124 0.09943999381358265 17 368 22 261
3890 -5.8353211996513146 7.7194063299157634 23.902783973995067 13 9 6 1.040846054692997 18 375 22 291
3892 -1.7200425414642306 2.5121525224377219 6.3494213523743568 62 32 16 0.31902576657808762 17 987 21 378 22 298
3893 -1.9876236141293595 2.7644956245764272 6.0260172651011068 133 114 107 0.52328387874880222 19 312 21 435 22 340
3894 -1.0113508973189174 2.7226910063774845 6.0690037944687534 150 131 124 0.15049274427379175 17 484 21 450 22 349 18 427
3895 -0.65008382454304126 2.7284807392519892 6.088807170058657 30 27 21 0.50870547783372366 18 426 22 351 25 286 26 365 27 293
3896 -1.1628173868862366 2.7451932298769965 5.9455914231548475 62 42 33 0.2133414049441843 17 1014 22 352 19 694
3897 -1.6223500398390742 3.1047363614869847 5.3068979438892239 72 45 18 0.23761939467141416 20 514 21 926 22 424
3898 -0.6219464002253271 3.2197985315974353 4.9321409053557144 54 36 16 0.38668901001431455 20 561 22 476 24 469 23 562
3899 -1.4697525630107218 -3.8851434405922647 8.4725066793548045 95 103 122 0.13940397019740799 7 649 22 500 27 323
3900 -0.84458692564920612 -3.6911111785601762 8.6828441706198287 59 70 74 0.5893866634410575 17 755 22 512 16 743
3901 -0.81355037157762444 -3.6305913437763766 8.5289639723471353 59 70 74 0.8508332323276071 20 610 22 513 23 616 25 345
3902 -0.6962551538070102 -2.6028884805861985 9.3357886426904031 37 48 54 0.59845157594030118 18 703 22 558 26 707
3903 -1.7606753145770102 -0.2042406028581879 7.4322573614628888 0 0 0 0.79239436873878033 7 768 18 1058
3904 -1.0976967046204158 0.30011131928911483 7.9455937317429202 25 42 59 0.29478930722819263 19 600 22 645 23 771
3905 0.23654969664843206 0.71180245886424443 7.2310956174456571 18 27 36 0.38870742113799478 17 919 18 805 22 653
3906 0.30476706016656885 0.90932559170932292 9.2386755961419489 43 52 61 1.1841176974304004 20 247 21 820 22 660
3907 1.3771118962708138 0.92948012826129112 6.8661759216169767 61 63 75 0.35717284254232184 20 770 22 670
3909 -0.91136768236115895 3.164312380011268 5.0848895532376943 38 18 9 0.16265764452824097 20 545 22 777
3910 1.6387054465890349 -3.75494214563005 7.2383504012607087 65 87 92 0.25674788755764993 17 1321 22 795 18 1202
3913 -0.48954480354360486 -3.2905696033552676 8.9982255394097823 148 146 152 0.1119715664178024 8 1238 22 828 3 813 4 800
3914 -2.847634774812255 1.5152206117560096 6.8549282070741118 0 0 0 0.54907363142502552 14 1698 18 837
3915 -1.4306359854117281 -4.3690595884388523 8.2962470486990565 143 89 84 0.39262814647741867 16 1291 18 1199 22 1025
3916 0.82589093291129456 -0.84436466367041585 9.217594506187389 115 141 142 0.79072669405517737 13 1179 21 1468 22 1091 24 1140 23 1451
3917 -0.19443166960459468 1.5676138751666806 5.3687215142860971 123 122 127 1.0032319987651779 17 1434 22 1139 24 1214
3919 1.6426097998823628 -1.0498735662276624 8.6206394378740736 126 157 159 1.0665542229539928 17 1558 22 1241 25 842 26 965
3922 -1.1914790608985466 -3.5042341705925892 8.7503985483251476 53 62 69 0.40322224031443771 19 1128 22 1396 24 1296 23 1548 25 998 27 960 28 834
3923 1.7024792673782736 -2.8656333958675826 7.1909508622655487 54 59 64 0.75562000432956389 20 1340 22 1398 23 1411
3924 1.3593439311046494 0.014638535480351919 8.6167529575444064 181 179 180 0.56815374010440611 20 1611 22 1434 24 1566 26 1333 27 1183 28 1183
3925 1.3593161129428828 0.015185606443913188 8.6388468204112066 181 179 180 0.64755617441320856 20 1612 22 1435 24 1567 26 1334 27 1184 28 1184 30 1112 29 556 31 1346
3926 -3.2842388651393302 2.9704502859710957 9.6128660682007681 77 89 100 0.67730163706278357 15 938 25 725
3927 -1.0050336423498281 -3.3660957241777894 8.7064550067493389 63 106 122 0.56363174508785363 17 1986 22 1575 24 1543 25 1112
3928 -0.99651262117242501 -1.0488088403930167 9.1223159634125075 63 73 74 0.52356675683525555 17 1994 22 1582 24 1552 23 1666 25 1210
3929 2.0001692684666015 -0.7484032597689082 8.0507601660312638 25 38 46 0.68995327642646898 16 1992 20 1602 22 1588
3930 -0.67541735970557049 3.037687040093449 5.3273028560396734 208 179 135 0.22977118848081218 14 2311 22 1615 24 1585 23 1699
3931 -1.4343224131779817 -2.5683625698947634 10.291974640035043 74 78 89 0.78538479839148756 15 1995 22 1632 30 1092 29 486 35 1438 36 1426
3933 -2.6304473358509126 -0.20505915767558031 8.8026692195361065 57 60 65 0.74925550678964192 16 272 15 279 18 237 14 262 9 182 7 214 22 167 17 1176 21 767 2 232
3934 -1.5898272649138065 -0.059391535954504138 8.3578498646883439 91 99 111 2.3651909256829193 17 265 14 270 12 120 22 177 17 268 20 214
3935 -1.7749155933671537 -4.255113246524143 8.5824028010111686 177 153 156 0.69213263632426936 16 1057 12 1449 22 489 15 1074 17 730 18 617 14 1254 20 588 13 1081 21 641 24 488 19 758 23 10 25 328
3936 -0.54405625959941939 -2.8942189569522858 9.2496539997710645 90 104 108 0.96168929923788948 8 74 18 89 14 96 17 94 11 60 9 57 7 66 17 804 6 77 21 701 22 68 17 90 20 86 4 503 24 61 23 654
3937 -0.74013737471317409 2.7809581442086881 5.9233943254400829 201 168 127 0.3788715127138817 16 1883 15 1873 18 1788 19 1447 22 1485 17 1893 20 1660 21 1748 24 1514 23 1627 25 1184 26 1290 27 1147 28 1147
3938 -0.53796010341677514 -3.4208297199031192 8.8836924666784256 142 141 145 0.46284986507451198 15 1098 17 769 16 1315 8 1527 15 1325 17 1341 18 1223 14 1574 20 1137 13 1407 11 1382 10 1537 9 1465 7 1335 6 1293 19 944 21 1231 22 821 5 1118 3 1029 4 1026 2 1063 1 775 24 1083 23 940 23 1220 25 794 26 922 28 838
3939 -0.62501109667729238 -3.8123564857313985 8.3194081519801433 118 99 77 1.9676425373471103 16 2107 17 2102 18 2013 19 1668 20 1855 21 1931 22 1716 20 1869 21 1943 24 1682 23 1800 25 1344 26 1445
3940 -0.53549152773459707 -3.417283531394756 8.8713272024040997 140 138 140 0.74264911933724775 15 1097 17 768 16 1314 15 1324 17 1340 18 1222 14 1573 20 1136 13 1406 11 1381 9 1464 7 1334 6 1292 19 943 21 1230 22 820 18 60 3 1028 4 1025 2 17 24 1082 23 939 23 1219 25 793 26 921 28 837
3941 1.2588561517205541 1.1116125385905962 6.5383515632129496 167 139 134 0.71890194508074778 18 1116 14 1438 19 844 22 1127 20 1383 21 1492
3942 -0.67612678783809643 3.0348547109978794 5.326165284267586 225 196 157 0.37026051713434721 9 2200 12 2248 7 2011 11 2145 22 1616 14 2312 13 2114 10 2279 24 1586 23 1700 25 1243 26 1349 27 1157
3943 0.90157260089339875 -1.3055259881475489 8.4372952838683712 131 146 148 1.1767017914988782 22 862 16 1119 8 1270 17 837 13 1152 10 86
3944 -1.2954466562298879 2.4026498644450283 6.7812754193913518 88 91 95 0.57246106246453754 8 362 9 313 22 716 20 338 21 361 3 322 4 656 2 345 24 747 23 856
3945 0.091415951229664838 -1.1137399751981367 9.7175788483380892 95 108 110 0.61988352829348414 15 179 16 817 17 846 18 727 14 923 13 800 11 804 12 840 22 873 20 1175 19 984 21 1047 24 1323 23 1442 25 1031 26 1240 27 1090 28 1018
3946 1.6385512363337815 0.81748306391759862 6.9938322341115811 46 47 52 0.7230871736331016 15 1209 20 1217 21 1098 16 1184 22 916 18 305 21 828 24 950 23 1055 25 881
3947 1.8130770781082415 -2.317589010118307 7.4591362136852553 131 151 149 2.2520924936992146 19 1138 22 1064 17 810 14 876 20 90 24 1307
3948 1.3116589570958181 0.92897033573278798 6.9492991043751919 54 55 65 0.38015923550909408 15 1418 18 1313 19 1017 22 1117 16 1189 15 1215 17 1220 18 1105 14 1421 20 1223 21 1295
3949 -1.4273906088115431 -3.5418780518360395 7.568917126228901 41 78 105 0.00040908607634321053 17 27 22 13
3950 -1.8031275223191101 0.2371945472915703 7.5506725188216466 168 171 176 2.8457657006720245 12 141 22 191
3951 -1.3969090070307069 2.5713013453754821 6.2970580604464077 107 86 73 0.16001860023407505 18 394 22 318
3952 -0.45193030245687821 -3.5350278326575544 8.8107115982465434 108 104 102 0.36274655582250104 17 51 5 4 4 4 27 16
3953 -1.3781679986427007 -3.3222844932375506 8.9750648003697027 116 122 120 0.043435050932979738 6 39 5 15 2 32 1 20
3954 -0.98456888551453825 -3.0210067727362948 8.8775721467263082 108 115 121 0.16522676794920355 6 63 5 32 3 40 4 34 2 46 1 39
3955 -0.98648938965558985 -2.9877190033771508 8.8963189732988575 118 121 126 0.22047455412041034 9 52 5 34 4 41 1 42
3956 -0.35852343365638861 -3.0602176843330775 9.2356671723050461 57 76 78 0.53732079014158407 8 69 5 36 3 44
3957 -1.5831574675536439 -2.8458552345036385 9.2668692167589146 85 74 68 0.31820566202804185 6 80 5 48 3 56 2 75 1 397
3958 -1.5479128797984809 -2.7229244186806767 9.1686473167204916 71 60 58 0.23379005531817701 16 113 5 51 3 547 2 84
3959 -0.91072469105777798 -2.4270092341443927 10.135827938866873 62 56 60 0.24245651423279421 6 98 5 62 3 87
3960 -0.22577325644126806 -1.5741906494181288 10.069172415847483 99 121 125 0.72879245009773952 7 99 5 72 1 73
3961 -0.86090579176183657 -1.4604547902023945 9.9523071566169126 100 91 86 0.35669027122334218 6 703 5 75 4 75
3962 -0.90032488726082593 -1.4432999847714703 9.9702879122343262 47 47 56 0.43004305821512168 6 114 5 77 3 101 8 108 9 99 4 76 1 75
3963 -0.53688939608422925 -1.2164763416699493 9.5610189701605979 103 116 135 0.36071609733454268 7 114 8 119 5 85
3964 -0.5765705778071879 -0.99462202500661634 9.4149611690810477 121 128 131 0.089767170002113761 8 146 5 97 2 128
3965 -2.2097953426160242 -0.7155382853757204 8.7861663929255034 96 131 180 0.26565820422528291 7 158 5 125 4 125 2 166
3966 -0.71093090190185815 -0.5551556799647952 8.2832679068520019 128 132 143 1.232410835213041 5 127 3 596 4 124
3967 -2.6634673064530747 -0.67395315974909897 8.8591165117066968 155 159 172 0.33892222249683013 8 177 5 134 4 132 2 176 1 126
3968 -2.092251898730499 -0.54745030419560414 8.278159712827172 38 73 118 0.071711972824775344 8 187 5 140
3969 -1.7743083065448872 -0.47158224501870205 9.6012957006866699 147 149 162 1.5680814182871454 7 197 5 166 2 204
3970 -1.8837172661752701 -0.36498375668706473 8.040968339295933 147 147 160 0.040003894547238877 8 217 5 169
3971 -2.4657993167735133 -0.13308416639128973 8.5558282347731733 52 61 68 0.58653416971961536 7 220 8 244 5 193 2 648
3972 -2.2293517916917871 0.15898934844506715 9.0444218766651616 174 175 184 0.86177571559222932 13 241 19 127 5 200
3973 -0.57413487885122183 0.72916166976796792 7.0768796936228631 16 27 33 0.076890632072382753 6 274 4 227
3974 -2.2027083517354229 1.3183988180275419 9.3245109388143117 133 134 136 0.6333810204219924 8 324 5 233
3976 -0.9384016666658952 2.5492680239451193 6.3782435654311707 71 45 22 0.067400635167862238 6 332 5 262
3978 -2.0342976862160356 2.5498047939448734 6.3511410836899227 92 66 43 0.0047101649253414313 13 414 5 280
3980 -2.2984450998276356 2.528633673036206 6.4042808337094526 113 91 78 0.065578235502272222 7 381 5 282
3981 -1.7191540788188804 2.5937163716259946 6.2707034313133585 159 131 117 0.13960528776049916 8 420 5 283 2 741 4 693
3983 -2.2628850456797478 2.7197240161744061 6.0494762644733626 61 41 34 0.1411583138580457 9 421 5 350 7 448
3984 -2.7540227161282655 2.6972835549475835 6.1269371584691568 37 19 7 0.39017556575442375 13 456 5 357 1 314
3985 -1.9471888942929421 2.798083187084381 5.8835540436473481 83 70 65 0.11274179443438197 8 531 5 365 3 417 4 374
3987 -2.6094161891078551 2.8776826626363903 5.8509003975704523 26 10 3 0.31043881476501556 8 612 5 426 4 412 2 476
3989 -1.6348821296357503 -3.4194044745183163 9.0526676889169249 96 78 66 0.60431829515378732 8 45 5 503 2 523 1 615 7 667
3990 -1.0908489259598702 -3.1603237713982475 8.8508974755003749 163 174 176 0.15969425005918558 6 658 5 508 3 527 4 490 1 374
3991 -1.4840275474209441 -3.1924501170631334 9.1372056756956095 135 103 80 0.61210271206565958 7 53 9 728 5 514 4 496 3 819 2 539 2 851 1 377
3992 -0.6725775632769897 -2.4839408047746621 8.8928314128462489 36 47 49 0.59516743596918587 8 845 5 536 4 60 2 563
3993 -1.1669024247514717 -1.7038492161566512 10.805627664805963 126 147 152 0.70861770014884862 11 99 5 541 3 559
3994 -0.56167781264634498 -0.8270683720143126 9.1749999968886478 148 152 162 0.23289710384862916 6 727 8 882 5 569 3 584 4 559 2 903
3996 -1.8121290016728788 -0.40554860764550954 7.5711144286417502 109 128 155 1.1271404607754356 6 746 5 579 3 605
3997 -0.51310078930425607 0.62551446411406042 7.3482761160867396 17 28 34 0.32295435790474425 6 770 5 608 3 629 4 892 1 491
3998 -0.10942387283217486 0.69469582754819859 7.2466999641406344 15 24 29 0.089970197754940154 6 776 5 610
3999 -1.4343875818860192 0.46823009876310245 5.0350061186021779 15 29 33 1.2941435812163209 6 790 5 615
4000 -0.27169491031854304 0.78436670288573218 7.0430064003544981 17 28 32 0.067229957681159191 6 807 5 627
4001 -0.78633626987879401 0.80865669295894316 6.9442182200721829 19 30 35 0.6637085093661288 6 818 5 635 4 618 7 825 1 689
4002 -1.0530910899977628 2.4596760927892705 6.4649809047608189 51 34 20 0.20628504172217652 9 942 5 671 4 661
4005 -1.5097348410688229 2.5857968792675035 6.32622056075407 37 14 1 0.28466578146751748 6 882 5 696 3 948 4 942 2 734 1 539
4007 -1.9251919916545019 2.9465393233103865 5.6294453650356475 81 64 54 0.22679077418075641 9 515 5 795
4008 -2.7394991935783612 2.994025690763519 5.608136663250499 94 76 74 0.19433571977285941 7 559 5 821
4010 -1.3958058085280565 -1.2969937507383609 9.924188815378578 46 54 67 0.36785880511519792 8 124 5 898 3 1062 4 840 2 1093 1 803
4011 -0.29827299718742734 -1.0221158734692488 9.3720323420940197 111 127 127 0.5136416095149906 8 1282 5 903 3 1065
4012 -0.87770893829458152 -0.57360065377816272 7.8913064389235492 172 181 190 1.7680329902636207 6 1092 5 932
4013 -1.1744755942167155 -0.18412329630756247 7.9602612675507318 56 75 89 0.10101601106340653 8 1314 5 942 4 880
4014 -0.37637532949863933 0.81627675712836267 6.8038182682233748 18 29 33 0.35672107771271006 7 821 5 969 8 965
4015 -0.52679147520418013 0.81668451301157419 6.9449468198327455 20 31 37 0.47230129015531758 9 1263 5 971 3 924
4017 -1.4462715038897653 2.6484510576548352 6.1240284113175223 47 25 17 0.18133582520004105 6 1182 5 1023 3 958 4 951
4018 -1.3131685619043019 2.738368430254372 6.0392506050720174 30 10 3 0.20280868779206629 6 1189 5 1030 3 729 4 965
4019 -2.9432908340043764 2.9317052412176392 5.7340599243805936 13 10 5 0.23503229838765963 8 1460 5 1099 7 1269
4020 -0.33934179581764817 -1.1580888704472265 9.9909808179890582 58 76 80 0.29765238636204167 6 1320 5 1154 3 1064
4021 -2.1773226288845819 -0.97031856275427397 9.1071614359968418 55 69 70 0.35951214143378801 6 1329 5 1161 3 1235 4 1061 2 1286 1 971
4022 -0.65506752646067712 0.76063577468089849 7.1173516946930073 20 31 37 0.40523382747859749 7 1413 8 1606 5 1200 3 1264 4 1103 2 1305 1 849
4023 -1.8343215583402959 1.2907348600629933 6.2596997686479341 27 32 36 1.7693295503526798 8 1634 5 1210 4 1247 2 1157
4026 -1.8197337894182466 2.611667832646579 6.3077971197935545 31 7 0 0.21739075831781732 6 1398 5 1229 4 1129
4027 -1.6729266429014271 2.5234226744457735 6.2971543604832618 189 147 106 0.20928877054975148 8 1799 5 1379 7 1571
4028 -1.4348575992177603 2.5230578509189083 6.3618898694868697 25 1 0 0.10236542669016056 6 1661 5 1471 3 1352 2 1393
4029 -2.4412417546726504 2.504948344541309 6.4219979063665331 25 17 14 0.32633188448183603 6 1541 5 1493 4 1360 3 1366
4030 -1.3085422060016998 2.6467042927733235 6.1737135080560268 40 20 11 0.29902652212191494 6 1687 5 1496 3 1371 4 1368 2 1410
4031 -1.3085422060016998 2.6467042927733235 6.1737135080560268 40 20 11 0.29902652212191494 6 1688 5 1497 3 1372 4 1369 2 1411
4032 -1.7273568547514775 2.6288947861080767 6.2074216695136286 24 7 0 0.20316599642750308 6 1699 5 1507 4 1378 2 1422
4033 -1.6174767452369667 2.7429266704832331 6.0160568540468322 22 9 0 0.1930164422711643 7 1596 5 1548 8 1824
4034 -1.5340080386421107 2.7821188302301976 5.9494269139871268 23 6 0 0.2801280627089881 7 1812 5 1557 3 1421 4 1422 2 1562 3 1529
4035 -2.1734586944066705 2.8252299013707454 5.9351547900419073 20 5 0 0.20573008925566963 6 1769 5 1585 3 1550 2 1581 1 1215
4036 -2.7534715454553589 2.7788632528332355 5.9567809206372795 45 26 20 0.3664245080685779 6 1780 5 1594 3 1446 4 1445 2 1476
4037 -1.9117562796125576 2.9166810132557734 5.7357642857233992 25 9 2 0.60386442614531288 8 2095 5 1603 7 1651 1 1223
4038 -1.9119859433350439 2.924885906972241 5.7449580932730901 25 9 2 0.69167728624894376 8 2096 5 1604 7 1652 4 1451
4039 -2.5799595549307348 2.8688367975527052 5.8334238727576144 27 14 8 0.30019864953451858 6 1800 5 1608 4 1459 3 1458 2 1490
4043 -2.8418755626216483 2.6999297582200885 6.0774404467854604 192 162 128 0.19917697020755745 6 1915 5 1690 3 1541 4 1540 2 1576 1 1212
4044 -2.8358490638476082 2.8684523253789544 5.8222036804587409 174 140 103 0.23364085247269528 11 1976 13 1956 5 1709 12 2093 4 1563 3 1566
4046 -0.61355483499119179 -2.9074968870468094 9.2657784202114701 134 149 152 0.65029071467952149 6 1880 5 1747 3 1496 2 1521 1 1161
4047 -0.23201336208584544 -1.1320813988997442 9.6636326925000926 82 111 107 0.68535414978241904 6 1884 5 1754 3 1593 4 1593 2 1626 1 1249
4048 -0.78370555135979603 -0.95567054347527958 9.3112551850499035 158 154 155 0.18322235427413555 6 1973 5 1756 3 1596 4 1595 2 1628 1 1251
4049 -0.92311008613503598 -0.53944931670003615 8.2768501093563973 27 64 103 0.45001942070796863 7 1994 5 1760 3 1602 4 1598 2 1633 1 1256
4050 -1.4797111536274803 -1.1481259234783701 9.739897387456022 102 110 99 1.3078350571157138 6 1998 5 1788 3 1626 4 1619 2 1655 1 1302
4051 -2.406197787865906 -0.2235106738331486 8.6285727805905736 113 114 122 0.017632144258951776 6 2003 5 1794 1 1284
4052 -1.5001877268240902 2.4002763486420422 6.4497948660753082 15 16 18 0.61443219751671296 6 2008 5 1799 4 1632
4053 -1.6809460037030273 -0.79613007995135032 8.5987242807457367 29 46 76 0.54670830251551761 6 2032 5 1822 3 1655 4 1652 2 1689 1 1316
4054 -0.96279804187591056 -3.6982574609093684 8.780977227231352 27 40 49 1.2273864533134549 7 2122 9 2328 5 1831 1 1324
4055 -0.78138829433146806 -2.4634403357592016 10.086314952007658 86 84 85 0.3377124043178093 8 95 16 127 18 123 14 903 11 93 12 830 10 79 9 85 7 718 6 699 22 559 5 539 17 128 13 103 11 92 10 78 3 81 4 523 2 569 1 68 24 561 23 120
4056 -0.89674735346997725 2.5399740327952389 6.3700520857157112 75 40 8 0.70172771967141423 8 1645 9 1583 6 1396 5 1221 16 959 13 1291 11 1246 12 976 14 1065 9 1297 7 1170
4057 -0.7034643091777445 -3.3150854972392527 8.8445241183684509 183 183 183 0.96516645515477228 16 1081 8 1235 17 1096 18 991 14 1575 16 1317 20 1138 13 1409 12 1473 8 1530 10 1540 6 1026 6 1298 21 1232 5 861 15 746 17 779 18 655 14 69 13 54 11 36 10 827 9 714 7 43 6 37 21 58 22 533 3 24 3 1035 1 617 24 523 23 633 23 944 23 1222 25 580 26 422 27 347 28 384 30 578 31 701
4058 -1.9011670233175058 3.0347865397348133 5.4526164535785275 81 47 10 0.28217263082563487 11 1775 10 1927 7 1682 6 1610 5 1635 8 1900 13 1775 11 1774 12 1893 9 1851 3 1479 4 1482 2 1510
4059 -1.5632357031349733 2.576299138430306 6.2731826430365878 0 0 0 0.044871436749217425 8 414 9 352
4060 -2.4415832314161845 2.6703037309706419 6.1603477712157755 96 77 69 0.027936435953004504 8 469 5 338
4061 -0.51310078930425607 0.62551446411406042 7.3482761160867396 17 28 34 0.32295435790474425 6 769 5 607 3 628 4 891 1 490
4063 -3.0576597572624404 2.3013544474441154 5.9012091747321964 45 56 57 2.0904730328914392 5 1686 3 1386 4 1273 2 1430
4064 -1.4077197022930286 -3.2599310457856157 9.0066893295686885 117 130 129 0.10393429967336565 6 45 3 27 2 35
4065 -1.4451703258696105 -3.218482185281796 8.891440422692126 117 130 129 0.19330753523158836 5 22 3 28 2 36
4066 -1.637339722156395 -3.2590438306841008 9.1328479409470358 87 71 55 0.44123554883800092 8 51 9 39 3 32
4067 -0.7036661432574749 -3.0896691989483749 9.0184476569116558 82 109 126 0.28392204126736836 6 61 3 37 1 33
4068 -1.4592911649264382 -3.0793683986698914 9.1390451538383086 37 38 24 0.40607513500298892 6 65 3 43 2 543 1 381
4069 -1.0398297362375641 -2.7347840846947689 8.9488517227766806 82 73 56 0.6659026730171872 9 60 3 57 4 506 1 395
4070 -1.6409638793152288 -2.6079683900000474 9.3044605622277121 44 45 50 0.23788904441840603 15 134 3 75
4071 -0.90675013776490676 -2.4260735844900334 10.237478232354183 96 94 97 0.14666937657889637 8 97 3 90 4 525 2 102
4072 -1.442636215759735 -1.310453352801491 10.154542105148764 152 161 165 0.28616382018706576 5 86 3 106 4 535 2 119 1 82
4073 -2.194025747192633 -1.1024510365840081 9.2263155625227871 77 87 86 0.34546855955975247 5 93 3 116 1 93
4075 -1.728013641444182 -0.81883026303937423 8.6173354560273054 64 81 99 1.5946560864381059 14 170 3 132 4 105
4076 -0.6654821173039096 -0.69333896791997529 8.6215102859399497 107 122 127 0.17476323107658459 5 116 3 136 4 111 2 153 1 442
4077 -2.6241568499348271 -0.68096661605656506 8.6931173427561852 76 95 124 0.18418439625237665 5 131 3 146 4 127 1 120
4078 -1.7972417538459138 -0.60341584296203554 9.426240590833979 27 62 111 1.0335136313069964 5 142 3 159 2 183
4079 -1.442175714365503 -0.34604677180548948 7.8668766579564453 116 120 132 0.21005756569870992 6 192 3 189 2 203
4080 -1.557945332043055 -0.37162303624596105 8.2619044090569123 118 128 140 0.87791043459991391 6 195 3 194 1 146
4081 -1.3709696222173786 -0.26529723977404679 7.7880685245764605 159 165 173 0.27557859660751277 6 208 3 210 4 188 1 159
4082 -2.4816863739748132 -0.15474642875935132 8.6488371222577154 171 176 186 0.38549652395488732 7 218 3 224 1 477
4083 -0.85330820489838533 0.022658761719675083 8.0153504637232622 106 115 120 0.27723457375136262 5 594 3 229 4 592
4084 -1.9977183822372511 -0.027893799887697551 8.4961528782532678 158 113 94 0.25392230553543849 5 194 3 231 4 204 18 257
4085 -0.58978044516494044 0.81796278480545659 6.9028146335527332 137 150 153 0.25993945621979814 6 280 3 259 2 272 4 235
4086 -1.0609521613698227 2.4597736976546276 6.4499515196867803 40 17 8 0.062941969328096148 6 329 3 328 2 717
4087 -1.2875202096262006 2.4319593591706123 6.4404290344727109 66 53 47 0.41537894489560467 5 259 3 329 4 276
4088 -1.5394078704688905 2.4797232968809979 6.4267127305388314 142 132 122 0.16089598757062179 5 264 3 338 4 281 2 352 1 266
4089 -1.0892921563878746 2.5637010693776401 6.3192242933447309 152 128 119 0.26636680793114953 10 388 3 342 4 676 2 355
4090 -1.865874515859701 2.4672721476221318 6.3745861728966871 11 12 4 0.0071027886291676438 9 334 3 346
4091 -1.4019356204463169 2.5383324710018593 6.2820601260909665 88 58 32 0.18238642182623296 8 400 3 350
4092 -1.9601857523959416 2.5159657215235502 6.4010997742081468 39 20 5 0.30701283349117559 5 271 3 354 2 368 1 271 4 682
4093 -1.7291055199155156 2.5487836089519678 6.2329859506062801 80 49 30 0.36260608498641317 5 278 3 358 4 300
4094 -1.1492294484115479 2.6311775281338883 6.1556883648393628 34 16 5 0.24862925226831192 6 368 3 360 4 687
4095 -1.895417634734768 2.5749934742041778 6.2154246870807679 161 136 121 0.10046265709277197 5 291 3 363
4097 -2.5025326723788925 2.5638723612880225 6.3127042534341058 87 62 42 0.46605826764403502 8 431 3 372 1 289
4098 -1.6477179632158525 2.6868564574428748 6.1885266023116703 27 10 2 0.16353211903219841 5 303 3 374 2 391
4099 -2.4703273899080305 2.6180576024169593 6.261014782020256 34 13 1 0.092338124595875315 5 314 3 380 2 397 1 292
4100 -2.6336860034649057 2.5990267762305286 6.2192098478556161 41 19 1 0.19483145124547577 5 327 3 382 4 336 2 405 1 296
4101 -1.379860320953368 2.7536963121060207 5.9910403278220485 79 56 45 0.26437235883210713 7 435 3 383 2 401
4102 -1.9928794750858869 2.0028629732125949 4.5035744842501746 26 9 2 2.109666367949786 9 373 3 393
4104 -1.9977420819730396 2.7851688716858751 5.971240882920033 26 12 3 0.32245793364954717 6 455 3 412 4 363 1 311
4105 -2.4696159668244966 2.7888981738838279 5.9693232325305763 51 30 19 0.19135616732026936 5 380 3 427 4 381 2 445 1 583
4106 -2.6172454890572165 2.795758283713178 5.9804249388373183 22 6 2 0.29290145402538059 5 390 6 489 3 432 4 386 2 453
4107 -1.7322161452905585 2.9531807846120568 5.6264219458271922 59 32 3 0.27075117040803592 7 521 3 452 4 415 2 473
4109 -0.39985224549806625 -2.9591032153611954 9.2941172332043767 51 72 70 0.28549498483762775 9 744 3 541 2 68
4110 -0.86068612943254341 -1.2006863878268383 9.1727552770785401 37 42 57 0.4963167218510966 7 111 3 564 2 581
4111 -1.7047961036381918 -0.62091654069837288 10.280257350109599 127 143 168 1.5884241252890154 16 235 3 600
4112 -1.2837903777486686 -0.37421733910795102 7.685310512776387 18 46 84 0.34357807394729162 5 1166 3 604 1 463
4113 -1.8688427138153751 -0.39409241980493154 8.4074003624659657 146 150 159 1.3288433221223579 16 243 3 610 17 226 4 170
4115 -0.59322233278196368 0.71275073182423454 7.0759595507143231 15 26 30 0.23491839974909978 5 622 3 639 4 614 2 674
4116 -0.71244545747047916 0.70582895168224158 7.0707743274424057 18 27 32 0.15249857751383603 5 625 3 640 2 675
4117 -0.60986874769559263 0.7725481756390179 7.0794633269116503 20 31 35 0.50586608496522545 5 630 3 643 2 678 1 505
4119 -2.2606311319990517 1.0838786485378837 7.0592219994874785 128 130 129 1.2341215332602786 9 288 3 649 2 687
4120 -1.3904869190676625 2.3255781426355151 6.7257263459352856 83 88 91 0.2517374143414986 6 323 3 675 4 650 2 341 1 524
4121 -1.1324581859945249 2.4686880478514581 6.4565248112784044 155 135 119 0.23888128582595722 5 672 3 681 4 926 2 718
4122 -1.2556939508406471 2.4799632970220133 6.4148157283166842 52 34 21 0.22377960679038039 5 676 3 688 4 668 8 374 7 353
4123 -1.5819313432226778 2.4902928090702559 6.4184267689078238 176 155 145 0.16648760384565928 5 682 3 697 2 354 1 533
4126 -1.8716970614117514 2.5759805593523892 6.2985240183466882 77 47 23 0.13602533446834439 8 1026 3 711 2 742
4127 -1.5110071643778049 2.6344159595757848 6.1856421967662856 31 12 5 0.075879729136967597 9 967 3 719 2 747
4129 -2.1858104911266838 2.6290168644638521 6.2282289070910375 21 11 0 0.16759369892157691 6 904 3 726 2 755
4130 -1.6628210381749033 2.6941201762888247 6.0709017246222343 47 37 28 0.17158266154344737 7 903 8 452 3 731
4131 -1.7774668653643539 2.902961345563063 5.736768573137887 28 6 0 0.23577138301220976 5 403 6 500 3 762 4 752 2 790 1 586
4132 -1.8993615981166925 2.9712075693683691 5.6405434785472943 31 17 1 0.37074376718450475 6 977 3 777 2 804 1 592
4134 -0.94300459055889219 -2.5347029455169001 9.2210433277124935 41 37 38 0.65691734549090064 7 1353 3 846 4 1205
4135 -0.42929869142375271 0.59636457759426931 7.4033136556918127 16 27 33 0.25050313958970732 5 603 3 901 4 889
4136 -0.41758099877170662 0.70760392755572032 7.125880483298455 49 60 64 0.28890126325098003 5 962 3 910 4 897 2 936
4137 -0.63800080933612902 0.69820554775762245 7.1564976354529302 39 50 54 0.12514836493853532 5 966 3 912 4 611 2 943
4138 -0.6261223421653106 0.70377791148887314 7.1808539211246654 39 50 54 0.51954253014867668 6 794 3 913 4 612
4139 -1.0016559942463992 0.70622075186368116 7.3381681980673887 88 95 101 0.42129865486416107 6 799 3 920 4 901
4140 -1.1862353014204889 2.4696759040143044 6.4503908300141646 31 17 1 0.30074567109830408 5 999 3 941 4 927 2 961
4141 -1.3901627411611877 2.4490299123923829 6.4568878492260611 16 13 8 0.27141654972736334 5 1000 3 942 4 1121 5 1218 1 873
4142 -1.3769886671280571 2.6063507291846828 6.1817090952372888 34 11 5 0.3648232315635041 5 1014 3 951 2 974 4 689
4143 -2.2803327912870426 2.5098775858896523 6.3483501776354103 41 23 9 0.18856695207339774 5 1015 3 952
4144 -1.189508183763559 2.69195245053655 6.0770207715958282 38 16 5 0.11163820072158297 5 1024 3 959 2 979
4145 -2.8946918810811599 2.5492439354013436 6.4364650593373858 65 59 52 0.46739270358176499 5 719 3 960 4 321 2 752
4146 -1.6414367197292257 2.7541106587553275 6.0221580162960944 24 9 0 0.25965260373950017 5 1039 3 972 2 1183 3 1142 4 1142
4147 -2.4228838975468796 2.6821569536569831 6.1327004990964458 26 11 7 0.030332005293851893 9 1328 3 976 2 1004
4148 -2.7954802875876252 2.6377512693789993 6.1962613796113395 51 24 6 0.29906138715968911 10 1088 3 977 2 770
4149 -0.83255263347117103 4.2634348899100258 8.8823744259556801 23 9 0 1.6860031897227743 9 1360 3 979
4150 -2.0923634705354379 2.7446795528120069 5.9968210849946963 23 10 4 0.18327606308663855 6 1206 3 985 2 1011
4151 -2.0248730477249635 2.7594052537997351 5.9595535086790612 126 109 98 0.034774018852364773 6 1419 3 986 2 1013
4152 -1.9772489540942813 2.7619970859750955 5.8942641831107716 50 37 29 0.30674352425853918 5 1052 3 987 4 976
4153 -1.9096904300793232 2.823282806662736 5.8943521844101889 24 10 1 0.093808238717771608 5 1057 3 992 4 980 2 1026
4154 -1.9364152244970683 2.8702498139009958 5.8341234786985687 59 40 33 0.38551403095137565 5 1070 3 996 2 1031
4155 -2.6448492722453856 2.8900961730609782 5.6835564744295173 17 7 0 0.16118218228391845 5 1095 3 1013 4 1006 2 811
4156 -1.9764379285560789 3.002147024110017 5.5612599436843286 36 20 7 0.45510896693863384 7 960 9 1071 3 1014
4157 -2.2574539563369767 3.0177594694059127 5.5990826688200723 24 8 1 0.46336026845821676 5 1101 3 1016 4 1011 2 1052 1 766
4158 -1.166776093826762 0.0065225789529271966 7.9414130100581319 157 166 182 0.41556983682719667 5 1172 3 1083 4 1076 2 1116 1 671
4159 -0.81962347413194947 0.96364101633356136 7.3775986232894368 112 122 126 2.0062607367840801 5 1356 3 1106 4 1243 1 857
4160 -1.7146600404730394 2.6734527318637915 6.1291578630365704 158 136 129 0.12254609189603349 6 1409 3 1138 4 1139 2 985
4161 -2.1711354609005618 2.7338798028327758 5.9917975787925313 19 8 0 0.210065461885966 6 1418 3 1149 4 1150 2 1193 1 904
4162 -2.9149280286864228 2.68745567783562 6.0523824127830244 40 24 4 0.20630228239032222 5 1255 3 1160 4 1155
4163 -2.0872852005618157 2.8141854102448511 5.8519123267364144 30 12 2 0.23763354010373727 5 1260 3 1167 4 1165
4164 -1.6043349197942378 2.9146057593731705 5.7614644452096213 30 10 4 0.48496860350918469 5 1072 3 1170 4 986 2 1209
4165 -2.2334375604241719 2.8528079716423083 5.8187340608438598 32 17 8 0.071137743283889679 5 1267 3 1173 4 1170
4166 -2.2246754806199212 2.9151536341359594 5.7375344104359574 20 8 0 0.24076389421747044 5 1271 3 1176 4 1176
4167 -2.1467445382107035 2.995033770705041 5.5798700446622016 172 154 144 0.32973442476446341 6 1261 3 1182 2 1232 1 935 4 1179
4168 -1.7363509167746107 -3.8117502158255347 8.7791202047701304 48 42 53 1.2156675666460413 20 1127 3 1192 2 830
4169 -0.88414953109959127 -3.252670252105355 8.7224275157954327 146 152 140 0.20105982354858867 5 1304 3 1203 2 1251 1 944
4170 -1.5219952528518756 -3.1561578458191142 9.1328409194282454 131 98 63 0.67812474318156424 5 1435 3 1207 4 1315 1 1048
4171 0.88970221873539967 -0.86757807791848118 9.2971203358038537 84 107 104 0.64719058821977316 5 1333 3 1226 4 1213
4172 0.84042403825501022 -0.85637433520399431 9.207558238271913 84 107 104 0.70512169513020218 5 1334 3 1227 4 1214 2 1278 1 966
4173 -0.9037558066321455 -0.31171352113384926 7.8673737261398839 96 113 123 0.46425217694482585 5 1344 3 1245 4 1073 2 1292 1 982
4174 -2.8853640281636568 2.5550381483346403 6.3775788748682887 21 9 3 0.20586314873807193 5 1386 3 1289 4 1274 2 1329
4175 -2.8853640281636568 2.5550381483346403 6.3775788748682887 21 9 3 0.20586314873807193 5 1387 3 1290 4 1275 2 1330
4176 -1.9887801347392875 2.8134448465317043 5.8965186825144267 26 9 2 0.21903541398555512 6 1424 3 1297 4 1285
4177 -1.5857918431036369 2.5368576406684946 6.3720986580972303 25 5 0 0.16220722215049982 5 1475 3 1356 4 1351 2 1397 1 1087
4178 -2.5431569646196901 2.5539484179804659 6.2859676468281505 22 7 0 0.1360178558706856 5 1521 3 1384 4 1384 2 1431 1 1113
4179 -1.6319473592430835 2.6724274158361863 6.1411716526227478 19 11 0 0.5047104698545255 5 1518 3 1387 4 1388 2 1429 1 1108
4180 -1.6319473592430835 2.6724274158361863 6.1411716526227478 19 11 0 0.5047104698545255 5 1519 3 1388 4 1387 2 1428 1 1109
4181 -1.7261834443417658 2.7038303971902105 6.0547197594897311 17 6 0 0.34174075100288526 5 1542 3 1403 4 1405 2 1445 1 1192
4182 -1.7536020624515234 2.771616160744331 6.046443825315766 32 14 10 0.38591795780949745 5 1555 3 1419 4 1420 2 1454 1 1126
4183 -1.7536020624515234 2.771616160744331 6.046443825315766 32 14 10 0.38591795780949745 5 1556 3 1420 4 1421 2 1455 1 1127
4184 -1.9420587720036262 2.7614764306852075 5.997091589811542 30 16 7 0.17584173208648562 5 1395 3 1424 4 1427 2 1460 1 1130
4185 -2.2601995802703763 2.7711879824738062 5.9737907203824347 25 14 8 0.28695520729025731 5 1578 3 1435 4 1437 2 1470 1 1138
4186 -1.5570063022114136 2.9249691608075477 5.8042336038364306 26 9 2 0.18749665507841315 5 1589 3 1444 2 1472
4187 -0.90790277830489274 -0.68759097695796823 8.4278602182056428 28 67 115 0.36602327591989486 5 1664 3 1502 4 1502 2 1531 1 1170
4188 -0.75291749966044108 -0.41355145427156881 8.2179817651516043 18 39 59 0.67035345248217149 5 1447 3 1505 2 1535 1 1172
4189 -2.1330431472932299 2.4904788828511402 6.4681844976768508 7 8 2 0.30013385506223217 5 1682 3 1517 4 1524 2 1551
4190 -1.7036502173853778 2.7923465159552157 5.9343633542118157 19 6 0 0.25750777729578767 5 1688 3 1535 4 1535 2 1569 1 1203
4191 -2.5130708777181887 2.7489285772577428 6.0353288550358837 18 7 1 0.15572519691840353 5 1691 3 1542 4 1541 2 1573 1 1210
4192 -2.8399365977269788 2.7918873492779381 5.9671251669407299 165 133 92 0.19868064772260879 5 1696 3 1553 4 1550 2 1587
4193 -2.6580196449829012 2.8488661091833087 5.9314175820961648 19 6 0 0.32845745760344652 5 1698 3 1555 4 1554
4194 -2.161441740575007 2.9003010856598701 5.7982893288120074 16 5 0 0.25586531903074328 5 1700 3 1558 4 1556 2 1591 1 1224
4195 -2.1602855802897563 2.9018269243914392 5.8011207954066206 16 5 0 0.23488175360972982 5 1701 6 1795 3 1559 4 1557 2 1592 1 1225
4196 -2.3313275361388581 2.899496664976791 5.7751396537748114 17 6 2 0.36664745648743796 6 1807 3 1561 4 1560 2 1594 1 1229
4197 -2.4850495090507452 2.9282317685024082 5.8061361473561419 16 7 2 0.23524221454295488 5 1706 3 1563 4 1564 2 1596
4198 -2.319536146504444 2.9770785430240556 5.655449860522249 19 6 0 0.205634749957013 5 1715 3 1569 4 1569 2 1600
4199 -1.5779203759784444 -2.5080785271486885 9.8850058551548745 73 80 88 0.39736065863351688 5 1783 3 1585 4 1589 2 1619 1 1246
4200 -0.92107124547346086 -0.53932376391034575 8.2817373295736747 25 64 106 0.3425931634193774 5 1759 3 1601 4 1597 1 1255
4201 -1.2193896325790554 0.22403544776580142 8.0309098623838739 51 64 73 0.63431243360920087 5 1762 3 1604 2 1660 1 1285
4202 -0.78646436806808784 -3.1893510183974656 8.8489341788819136 177 175 163 0.16567398563732624 5 1779 3 1618 4 1610 2 1647 1 1272
4203 -1.0121926491045952 -2.9452103478071923 8.8071258463093507 120 126 133 0.83479849020782648 6 1992 3 1621 4 1613 2 1650 1 1275
4204 -0.71251801589614783 -1.1821659797134458 9.3566076410597159 34 50 76 0.42554065541993535 5 1786 3 1625 4 1617 2 1653 1 1279
4205 -1.3840742623275806 1.7628845541223108 6.7386575398799806 12 16 19 0.64310096248013526 5 1826 3 1661 4 1657
4206 -2.9544842405180618 2.7974954742923632 6.6066624176838102 9 10 12 1.4016770832046446 5 1829 3 1665 4 1661
4207 -0.7913596601674322 -2.7377923930272181 9.1307164057017136 117 132 135 0.98487004564045777 18 101 14 105 20 95 15 113 13 89 11 72 9 64 6 84 21 706 17 814 5 50 3 64 9 65 6 85 2 80 24 552 25 45 26 440 28 419 30 598 31 725
4208 -2.6437960467575858 2.6333566782310318 6.2016016836823455 44 25 18 0.55227027321345046 7 1197 6 1196 5 1040 3 973 14 514 13 437 11 419 12 346 8 460 10 1085 11 958 9 990 5 337 4 716 2 1001 1 566
4209 -1.9037012908625015 -0.83839860489554563 8.8758559801740571 83 93 98 0.56169467969120013 11 151 13 148 6 729 19 65 5 113 3 876 16 1138 8 1568 15 1150 17 1149 18 1271 14 1345 14 1619 20 960 11 1421 12 1514 10 1297 12 1250 9 1503 7 1091 19 791 21 1048 22 876 4 862 24 585 23 997 26 76 27 400
4210 -0.77249594439920555 -2.8119320517532231 9.0461837992369318 144 160 171 1.3204238691447923 8 1250 20 926 21 1020 3 832 17 1542 20 1588 22 1409 24 1447 23 1423 27 1078 28 1102 30 1024 29 423
4211 -0.87920966497015174 -2.3502922989498671 10.147876359212143 43 42 48 1.6626726631216717 16 130 7 722 6 100 19 559 3 558 17 132 20 118 12 43 7 93 6 101 21 117 15 145 5 69 4 67 4 68 2 105 1 71
4212 -2.6084354367567295 3.0034679542411462 5.5708873403335604 96 84 80 0.3908279184685991 8 1147 5 822 3 488 12 593 6 571 9 570 4 451
4213 -2.4228287677819824 2.6834011224307535 6.1366230106696564 26 11 7 0.20055498626000587 9 1329 3 975 4 720 2 1005
4214 -1.4899489680963516 3.0057713016920049 5.4462071917096937 184 153 108 0.21153511135357514 16 1911 15 1915 17 1918 18 1830 14 2200 20 1678 13 1990 8 2124 11 2007 12 2129 10 2141 9 2076 7 1894 6 1821 19 1478 21 1764 22 1517 5 1711 8 2229 11 2143 9 2202
4215 -1.6860099575972449 1.2753624241431392 6.5815694267734806 68 74 77 1.5241259453601907 16 929 21 291 19 855 21 292 22 681 3 1113 10 1368 2 304 20 290 1 867
4216 -0.42509719149644404 -3.4114566612759711 8.950156613006671 98 98 96 0.060574285195168463 13 48 4 16 2 21
4217 -1.5553990866345222 -3.1778003925257581 9.1558783955216647 124 96 75 0.14519578868830116 7 57 4 29 1 380
4218 -0.99085412683843133 -2.8918970114536262 8.9273687002806739 128 131 136 0.32657616850348242 5 40 4 46 1 46
4219 -1.1508411788215089 -0.96307444048937907 9.129752972926056 81 89 91 0.71919424831825518 5 101 12 845 4 99 23 690
4220 -2.2016738196110133 -1.017059249521536 9.3024566631408732 61 70 77 0.36409412222477955 3 124 8 148 4 102 2 135 1 99
4221 -1.6757779282975194 -0.74087570723519092 8.7658160819611943 112 130 152 0.16513569326223052 6 154 4 114 1 111
4222 -1.5982984327926859 -0.68862969387536177 8.7112242706295273 28 53 90 0.65326766643980283 9 140 4 119 2 163
4223 -2.2069185127402373 -0.62420118339516506 8.8603689921683841 48 86 133 0.27297985125023305 8 181 4 136 7 171
4224 -2.0721654421812699 -0.52606773119045847 8.1026315488120453 41 73 114 1.4237964347175602 8 189 4 139 1 131
4225 -1.3056957488606242 -0.39993368236682225 8.1182714651579566 24 65 119 1.2948224095763761 6 182 4 155 1 136
4226 -1.7335553146298723 -0.28543480679368022 6.7230114583109399 0 0 0 0.56253719788381251 5 587 12 94
4227 -1.2722131938174754 -0.44827435559799456 9.5607336145182646 150 160 170 1.6250658886867777 5 163 9 168 4 164
4228 -1.6271682500117772 0.24785379233912178 9.910340280304359 0 0 0 0.16957118794139037 3 239 8 262
4230 1.983070045531754 1.3253256237123119 12.594754601106446 19 31 37 2.4105210896349454 3 636 10 996 4 223
4231 -1.4219856321133173 2.0064900854515999 6.5791633486347729 98 102 103 0.29188829878246331 5 252 4 265 2 329 1 249
4232 -1.7082879266076043 2.5473314771775653 6.3785374378632023 87 59 35 0.36046191157177832 6 356 4 294
4236 -2.5165565614290695 2.5282946197451097 6.3734699509149566 138 120 106 0.12277531261844986 3 364 7 391 4 312 8 423 2 382 1 282
4237 -2.5022293533550188 2.5254047349157447 6.341702001944248 57 38 23 0.14151296004880606 6 380 4 314
4238 -2.4139166232851146 2.7461125029963451 6.0496071561642966 64 44 33 0.10057282632188744 7 455 4 365
4239 -2.3743752672479999 2.7961678199051487 5.9967782945137591 89 66 55 0.98645753007438775 3 423 6 479 4 378 2 438
4240 0.34558058635883704 8.9856361530032274 17.043314048043008 102 85 81 0.21975074108512221 12 656 4 407
4241 -2.8210881335325615 2.7860239604040262 5.7483457564564677 41 21 12 0.086809965817484153 5 425 4 414
4242 -1.734333550193397 3.0020858351087907 5.4705890456396933 81 48 16 0.79707426453531516 10 635 4 433 3 783 2 489
4244 -1.3846008830544307 -2.6631949549338514 9.2021469416870296 69 60 55 0.047938176002988407 19 782 4 513 1 405
4245 0.75050174634407052 -0.86540168678239127 9.1312801107826669 91 100 99 0.39636500813725833 3 574 6 716 4 546 2 127
4246 -1.5924059456711475 -0.41422822796836112 8.0578628399218477 121 132 158 0.63644056760065004 7 188 12 92 4 576
4247 -1.8378632149841132 -0.42730525620829396 8.8708739931310454 0 0 0 0.080739001997720355 5 586 10 940
4248 -1.5704957042008278 -0.28614948217976527 8.052793420206017 85 83 94 0.65424436950253229 10 945 4 585 24 164
4249 -1.6142337246143601 -0.056855449613999104 7.491458417109337 0 0 0 0.70443778622345687 11 227 13 228 20 211
4250 -2.4764729213579875 0.10663622036563099 8.87921550916497 177 177 185 1.2612082012826369 12 133 4 597 23 257 21 790
4252 -0.91843865785807965 0.65145794488423103 7.4475843046313326 31 39 49 0.57908895737514998 6 785 4 610 2 935 1 495
4253 -0.52810817965552215 0.76772057527694659 7.0058688133279841 21 32 36 0.34633450137665117 5 629 4 616 2 677
4254 -1.4914421317565876 1.2353463823152953 5.7053760324988883 0 0 0 0.80659053639335387 15 376 16 397
4256 -2.045955461881054 2.5193514448941592 6.3602248852395435 48 27 12 0.20123459891245368 5 698 8 1020 4 685
4259 -2.6644063465978234 2.5476945464794487 6.3449956277640363 38 16 5 0.19263989473109322 3 723 6 896 4 703 1 559
4260 -2.6560803865961162 2.5929370326558363 6.2532211057111926 68 45 23 0.11866597257468313 8 445 4 708 2 761
4261 -1.6953831318715871 2.7537723285216393 6.0012954863392869 170 148 138 0.087517737134605006 5 1041 4 718 2 765 3 739 1 565
4262 -1.9641006666671128 2.7765685938747091 6.0211334365216889 24 6 1 0.17875493287368979 3 744 5 352 4 730 1 570
4263 -2.2798509994580134 2.7360643736818187 6.0100424467535269 91 73 67 0.045986168727862216 5 751 4 733 1 573
4264 -2.5253874037913664 2.916505707217357 5.7111197064741299 55 39 34 0.073762269025021268 9 521 4 764
4265 -1.4698709409543917 -1.0017794987790047 8.2083653374347243 0 0 0 0.28507198555648838 9 783 13 1158
4267 -0.71393697897157482 -0.53411152407765861 8.292417496838139 145 151 159 1.4621350699160189 3 882 5 937 4 872
4269 -1.4206710282489461 2.0877393247338558 6.6102197325408367 26 31 34 0.094827263662916897 5 995 7 1164 4 921
4271 -1.4857697954526563 2.4825284512346513 6.4178279302930168 40 24 10 0.23588165260030866 5 1004 4 931 1 706 2 965
4272 -1.1972935606036321 2.6250585408059162 6.2465667824031996 42 20 9 0.12561552209542132 6 1173 4 943 2 972
4273 -2.6538376170560873 2.4858892511908453 6.3409498448406429 25 17 7 0.53069723175237671 5 1021 4 949 2 1179
4274 -1.3454414546997302 2.6966743027059406 6.0601974988133431 37 15 6 0.27431727504671655 5 1026 8 1396 4 956 7 1193 2 982
4275 -2.8280050731510409 2.5532777641232869 6.364280638036055 147 124 117 0.24377760519113942 5 721 8 1037 4 958
4276 -2.1431329207233731 2.6999692465234566 6.1292101296721144 24 9 4 0.27083548079286629 3 971 6 1197 4 970 2 1000 5 736 1 738
4278 -2.4934187972685544 2.7170551562329082 6.0570228711843406 35 14 3 0.16644554138660322 5 1050 4 975 2 1016 1 744
4279 -0.59280925712874322 -1.3819812900198194 9.7357052151517678 187 176 174 0.27706502769410696 6 1068 4 1052 2 886
4280 -0.81755115284225988 0.0082985614484987619 7.9887464188696624 33 43 45 0.73246147778365056 3 1082 5 945 4 1075 2 1295 1 986
4282 -0.75511558671489221 0.66106019452414078 7.2760494325031653 22 33 39 0.32774311806152812 5 961 4 1096 2 1135 1 842
4283 -0.75755594800332771 1.531114584457216 6.7016472641510623 106 110 109 2.4734413375666526 15 1233 4 1113
4284 -1.8099175784301482 2.4924808399506069 6.3850671621454378 35 17 5 0.17901630130487423 5 1222 4 1125 2 1173 1 878
4285 -1.8227839051973516 2.8113959851052459 5.9122184640226561 37 18 10 0.44430227462172073 6 1421 4 1152 1 908
4287 -1.8863419788289471 3.0775524659688522 5.3754912038200544 186 153 108 0.31639253630204617 5 1285 4 1186 2 1239
4289 8.8884708856299994 21.40280030717491 38.925169493480695 0 0 0 0.96615121624778444 3 1302 10 1943
4290 -1.7342216491550371 2.6216617721116169 6.1911980632431876 23 9 0 0.15968385733960719 5 1506 4 1377 2 1421
4291 -1.285155371396872 2.7329738959634033 6.0406678340602671 28 15 7 0.24322179508112235 3 1396 5 1529 4 1397 2 1433
4292 -1.285155371396872 2.7329738959634033 6.0406678340602671 28 15 7 0.24322179508112235 3 1397 5 1530 4 1398 2 1434
4293 -1.7261834443417641 2.7038303971902122 6.0547197594897346 22 9 1 0.34174075100291923 3 1404 5 1543 4 1406 2 1446 1 1193
4294 -2.5793171091613218 2.8676475627456361 5.8309989622808454 26 10 5 0.28538295378599426 5 1609 4 1460 2 1491
4295 -1.3412312476522597 0.15922609358792245 8.2166412855097537 39 49 59 1.2407317328813716 8 2205 4 1514 2 1298
4297 -2.4951573109451206 2.9582317462664105 5.6063963510951798 19 6 1 0.32833881942725607 3 1571 5 1717 4 1571 2 1604
4300 -1.5771416178834032 -3.3192242686603932 9.039897089802281 106 85 68 0.76995776737765109 7 2046 4 1586 1 1242
4301 -1.4163330549404427 -3.0765287737865474 9.0588208853001984 59 86 71 0.24924273581303072 7 1978 4 1587 2 1616 1 1243
4302 -0.38388416836251282 -2.5039706488473685 9.7281099450400124 28 35 41 0.78571828405891753 3 1667 5 1834 4 1662 2 1695 1 1325
4303 -1.532436422407272 1.9407416789367176 6.7866563646910745 22 24 18 1.404816422391197 8 1639 7 858 6 1390 9 1578 5 1460 3 1272 4 1116 10 1652 2 1310 1 1004
4304 -2.8077465844860088 0.066717405586424056 8.9190277015059127 115 117 121 1.6922866686799325 6 753 18 263 8 912 12 129 10 251 9 838 10 254 6 1106 4 1079
4305 -1.647289441062723 2.4944519121638287 6.406112540897368 50 24 12 0.3072364578149207 9 1298 5 1005 4 934 12 1350 10 1389 3 944 2 967
4306 0.27857470526027162 -0.79150432092777856 8.8292605848741843 103 128 129 0.61151392696133589 5 103 3 123 4 554 7 135 8 877 6 723 1 648
4307 -1.7540049197189322 -0.6904622185206617 8.685016208376739 137 154 170 0.34236710619242117 13 165 14 949 10 161 7 155 6 161 3 144 4 120 8 891 5 574 2 619 1 455
4308 -1.1055192026695781 0.5403304937095077 6.1151536354817129 15 26 30 1.745363598740493 5 613 2 668
4309 -1.5518502345227587 2.6546299267567854 6.121850039063383 165 145 136 0.057929931511002661 5 715 4 702
4310 -2.6553124516051434 2.5963460655143336 6.2580738293865847 68 45 23 0.33695714535226956 9 384 4 707 2 760
4312 -1.7981282030793957 -2.5841170124714008 9.5386921045024273 83 89 99 0.94297900070127805 3 76 5 537 10 1269 2 96 1 412
4314 -0.89233303969541267 -0.63049493056438588 8.362824268732016 81 100 107 0.49163174655034547 3 140 4 115 2 161
4315 -1.8005298488808954 -0.080531558593453734 7.238965807115683 81 118 147 1.8767320633288829 18 241 2 234 1 173
4316 -2.4423232840154769 0.014844772641869883 8.6746225869220321 105 105 113 1.0244144606136223 13 235 2 244 11 236
4317 -1.6486609232582121 0.39262966560491919 5.2527056725931764 17 28 34 1.8980488294586386 3 256 2 261 4 218
4318 -3.7050865725380486 0.066055154982277084 2.9297954887715241 60 71 79 1.5364692856516324 3 642 4 224 2 275 1 202
4319 -3.4956129074454565 0.29200702807772128 3.1534121629787482 43 46 53 0.2449498740606183 3 647 2 299
4320 -1.3818896459235295 2.3329024227984854 6.743938799668646 79 84 87 0.28393095169890975 3 676 5 667 2 342 4 651 1 525
4321 -1.8917587737558677 2.5016960589971324 6.3839851815250164 155 130 121 0.23329101714055042 4 291 2 364
4322 -2.1756429775600017 2.5051955671891748 6.38085054292858 136 128 121 0.11828084355162576 3 355 5 276 2 371
4323 -2.0915799689848424 2.5079563449460038 6.3287075416920811 83 54 40 0.20219849835767989 4 298 8 410 2 372
4324 -1.3640579957122236 2.6268115766705611 6.1267658497248494 28 9 1 0.18402579175925399 4 310 5 286 2 376 3 718
4325 -2.3334970820772196 2.5494647977849096 6.4005807330214095 44 25 8 0.11972079361275537 4 308 2 378
4326 -1.8787028440573392 2.5981422369878873 6.2640268844619831 155 132 114 0.12405038604087347 4 311 2 379 1 548
4327 -2.4906017535883094 2.5076306397353045 6.3494548420431292 141 127 112 0.03539906527169976 3 361 2 380 1 280
4328 -2.5016420753147681 2.5268928445011185 6.3452333715106981 45 27 7 0.10703607429348015 4 313 6 379 2 383
4329 -2.3461610032755291 2.5664697675138481 6.3388976744534613 85 59 39 0.47177328625394005 3 367 7 395 8 428 2 387
4330 -1.309234806453818 2.6815031114170624 6.0551110247279425 71 53 45 0.26621342628278699 4 320 5 299 2 388
4331 -1.5348621029743197 2.72821401180106 5.9882963455274227 184 155 147 0.090737598964724941 3 385 5 728 2 402
4332 -1.7895813673399745 2.7788069644643496 6.0506166659421421 30 11 5 0.074904356878914446 4 353 5 344 2 418
4333 -2.5906286727264272 2.6902793756101002 6.1750657605326351 103 83 76 0.16874875214373838 3 399 2 422 4 724
4335 -1.6393961486841797 2.7830109282494839 5.8872171407104918 44 26 16 0.17569955353737954 3 406 4 361 2 425
4336 -2.4538848456412947 2.7016765922579524 6.0917185890564509 27 8 1 0.16136692410021938 3 403 4 357 2 427 1 309
4337 -2.1086952907626144 2.8029575344503264 5.8775723612062665 82 67 60 0.098083504223749812 6 480 2 439
4340 -2.629550203426263 2.8711936251061769 5.6805636067789429 80 65 61 0.20026041028893307 3 462 4 426 2 487
4341 -1.9808325975168364 2.9976451518899419 5.5930815229565338 167 145 132 0.18985225955856944 3 469 4 766 2 488 1 355
4342 -2.5944449114932864 2.9736188121673552 5.5546702071644836 26 16 9 0.2498886710756284 3 483 2 500
4343 -1.5138325063048983 -3.2167952395329578 9.1139450855200135 98 68 34 0.17317331125306126 5 24 2 534 1 25
4345 -1.8264166557530648 -0.36746816369830332 8.1955322823993235 145 147 160 1.2487118950538316 10 201 2 637 1 468
4347 -1.5164481396085294 1.9500729156056473 6.6907935473546578 32 38 34 0.78247460892251508 4 643 2 703 1 698
4348 -1.4013622669047843 2.2967952474121649 6.7333535306552843 28 32 35 0.45822500277293904 4 649 2 708 3 318 1 523
4349 -1.7370396602789362 2.5016594024634782 6.4054282969547982 169 147 133 0.13912557700557102 3 699 2 729 4 679 1 535
4350 -1.5618409823122108 2.5851913636768598 6.2867351914161791 158 133 119 0.10993897548460851 3 707 2 735 1 540
4351 -2.0408832554907215 2.5272620240637456 6.3768204740438028 51 24 7 0.23824056624553869 4 684 2 736 5 697
4352 -1.1606509802788814 2.6696582885424749 6.230441417750332 39 16 6 0.16852622369252224 3 710 4 690 2 738
4353 -2.3172269670337498 2.5102997669613405 6.4229711739222228 25 15 9 0.1906449342783357 3 356 2 740 4 299
4354 -1.8334839028400856 2.6016396756620197 6.2938827685435168 33 11 1 0.15921247537554181 3 715 2 745 1 712
4355 -2.6111537874706841 2.513997991924835 6.4868172465602649 55 50 41 1.0757422810980675 3 712 4 694 2 746 1 713
4356 -1.5198370796341725 2.6930098837913783 6.1946299445171391 174 151 143 0.1104286391290288 3 722 2 748 1 720
4357 -2.197797228699637 2.5890068263054267 6.2768855282120137 55 28 12 0.17707441070276547 6 894 2 749
4358 -2.6777820334589251 2.5303949587701116 6.3602048982131096 174 154 145 0.16895214501454123 4 701 2 751 1 557
4359 -2.1764696154290997 2.7156596680770604 6.1352656097342564 161 143 136 0.079630497227702088 3 737 2 766 1 567
4360 -1.8376671598071748 2.8443136841784207 5.8609064876868633 167 144 136 0.077232764304439011 4 744 2 783 1 579
4361 -1.9742714300255639 2.872870257889903 5.8585234959885746 32 13 5 0.27825486438755898 3 756 4 749 2 787 1 584
4363 -2.1683894720861709 2.8618460319524734 5.8477927838407373 174 152 141 0.057327410106360652 3 758 4 989 2 789 1 753
4364 -2.8049574000638202 1.4600540674813312 3.2104519378796255 62 31 11 0.58647812598428062 4 753 2 799
4365 -2.660895423564154 2.8699841796511936 5.8200305460459267 154 133 128 0.031263719289733809 3 774 2 803 1 593
4366 -2.3154205135534145 2.9499505839917961 5.7219354101434989 175 154 144 0.098093795027573608 4 763 2 806 1 594
4367 -2.1063907265776125 2.9903413224349271 5.5925152510460228 26 11 3 0.22918249308044439 3 785 2 812 1 597
4368 -2.3224279392399771 2.9786684389059976 5.5849573432239357 73 57 50 0.23365057307673281 3 473 2 817 4 769 1 599
4369 -2.0891827720571094 3.0563371533820916 5.4897055715987753 88 75 67 0.37694547544291113 3 795 4 773 2 822
4370 -2.4756169890822464 3.0219804969904156 5.5716990013685219 159 139 130 0.21833901218293006 3 796 2 824 4 772
4371 -1.1823445589155552 -3.0460787854665115 8.9102563332884408 47 65 74 0.23272573956714326 6 1035 8 64 2 854
4373 -4.0967662993993521 0.03249352437836317 3.8403388653838619 186 192 198 1.0714853844698655 3 1262 4 1336 2 938
4374 -4.0949213157510771 0.02528496432414809 3.8008561821615521 186 192 198 2.1027283972446638 3 1263 4 1337 2 939 1 504
4375 -0.63698008596939426 0.69933631380465489 7.1589489705522231 48 59 65 0.0029593932124180986 5 965 2 942
4376 -1.4049630205027115 2.482266782780592 6.3965531501303641 53 32 15 0.55825912466728655 5 677 2 963
4378 -2.5919316583460663 2.520164281281315 6.3472362111106655 38 21 11 0.094781092300886868 3 956 2 981 4 697
4379 -1.2145685330474572 2.7183372007246804 6.0105787033422802 174 154 143 0.11879416924776764 3 724 4 959 2 983
4380 -2.2077772542378731 2.6206527263224468 6.2557981329699768 138 117 103 0.0648517545750356 3 961 2 984 1 723
4381 -1.8195952708785401 2.6934482805898061 6.1545821719560205 25 12 3 0.15853582366194138 3 963 4 963 2 989 1 728
4382 -1.7906224484211202 2.8411443659533222 5.87593329602882 20 6 0 0.12982211401853802 3 993 4 981 2 1025
4383 -1.6081048506103923 2.9065277871106092 5.6862902088999041 58 43 36 0.32058346241634489 8 1439 2 1036 7 1243
4384 -1.7080497177412814 2.9228776543541808 5.7669300295022996 41 20 5 0.50492692246815818 4 990 5 1075 2 1037
4385 -1.2153918055642974 1.3391007841739881 5.9159620154410772 112 115 108 0.24107644816324836 5 1211 2 1158
4386 -1.3922854166508758 2.6492560392340065 6.1469519252140259 174 145 137 0.1759470505450853 3 1134 4 1132 2 1178
4387 -1.8088188307479394 2.7652808053719946 6.1148717323197497 26 10 3 0.13629484667325953 3 1141 4 1141 2 1185
4388 -1.6538109051366527 2.7382186783146736 5.9194380029150944 59 39 32 0.25829622238119498 3 1144 4 1145 2 1186 1 897
4389 -2.6463817122231723 2.7296834808950559 6.0607580616670775 26 11 6 0.1232703133664389 4 1153 2 1199 1 912
4390 -2.4855744955483208 2.7959913998144943 5.9116024987977056 25 12 6 0.13028597889053203 3 1169 2 1211 1 918
4391 -2.2297409895145655 2.8536914687977712 5.8956859352583493 20 6 0 0.25064838822387459 5 1264 2 1213 1 919
4392 -1.9641519361894662 2.9603089180717821 5.6292182771827841 24 8 1 0.24207605996939419 4 1177 6 1432 2 1224
4393 -1.9045581421375659 3.009393419342417 5.5022007395643859 176 144 100 0.24338338652630406 3 1183 5 1276 2 1231 1 933
4394 -2.127084098204246 3.0132664026352431 5.4597907116593012 16 6 0 0.65483176437693313 3 1186 6 1446 2 1237
4396 -1.4106364822349824 1.2743109419197451 5.6456486471225684 58 60 55 1.4755475207831412 13 1494 2 1308
4397 -0.99499624539082265 2.5302293699545895 6.3748283166277986 44 23 2 0.19482463752070997 3 1274 4 1257 2 1315
4398 -0.99499624539082265 2.5302293699545895 6.3748283166277986 44 23 2 0.19482463752070997 3 1275 4 1258 2 1316
4399 -1.1561141457805246 2.5030170764833923 6.3177228127443907 38 11 0 0.31428066579326575 3 1277 4 1260 2 1317
4400 -2.273163430553486 2.9232790854825312 5.6092211597906578 63 45 38 0.21224547714243472 4 1298 2 1345 1 1034
4401 -0.064292438285879161 5.4544521137016027 8.8909958941306204 28 12 0 0.46147665577930985 4 1305 1 1155
4402 -1.2070911060322707 2.4401877655787252 6.4631257029864777 15 10 7 0.38829553070127099 3 1350 4 1347 2 1392 1 1078
4403 -1.0606793613917374 2.6356218088381178 6.3189365139580991 22 5 1 0.23639182291508654 3 1518 4 1525 2 1399
4405 -1.2291724343324137 2.6896423025021021 6.1092512435837865 26 6 0 0.30754699848671224 3 1523 4 1381 2 1419
4406 -1.2291724343324137 2.6896423025021021 6.1092512435837865 26 6 0 0.30754699848671224 3 1524 4 1382 2 1420
4407 -2.598533294713842 2.5936448231320588 6.2053222183203234 35 15 4 0.2303372252992919 3 1402 4 1404 2 1447 1 1122
4408 -1.8479710427397853 2.7502634983262637 6.1247767537860218 19 6 0 0.32465266645798097 3 1412 2 1452 1 1124
4409 -2.4386378205946841 2.6810803010314745 6.0798744259073123 31 12 8 0.16715042151628171 3 1423 4 1424 2 1459 1 1132
4410 -1.9414162414872052 2.7619524765099133 5.9983327425893211 25 12 6 0.18554837786347855 3 1425 4 1428 2 1461 1 1131
4411 -1.5964844538485998 2.8089854611131897 5.8670044455382619 23 9 0 0.1084524257350894 3 1429 4 1432 2 1462
4412 -2.256285740216454 2.7753826769364953 5.9829790516547501 25 8 1 0.1625901840209262 3 1434 4 1436 2 1469 1 1137
4413 -1.9055946016935343 2.8527242991981989 5.897342245593574 34 17 9 0.21887874345632027 3 1438 2 1471 4 1438
4414 -2.4048036942552979 2.8850486228982577 5.8835023410780671 24 15 7 0.38063274792469559 3 1449 2 1483 4 1448
4415 -2.4130360058069078 2.9285376513667956 5.6892303527742332 25 12 6 0.44946458887837748 3 1465 4 1468 2 1499 1 1151
4416 -1.7988244852104969 3.0549660999963528 5.4909034591603145 191 162 118 0.18576137327558598 4 1480 2 1507 3 1475
4417 -1.7982432896409564 3.1007851880126927 5.4465907120721226 20 1 0 0.36196288280292938 3 1484 4 1487 2 1514
4418 -0.90284092747865263 2.4316417426941777 6.5488378132597678 12 11 8 0.32045202880418439 3 1514 4 1520 2 1549
4419 -0.90284092747865263 2.4316417426941777 6.5488378132597678 12 11 8 0.32045202880418439 3 1515 4 1521 2 1550
4420 -1.8960741929197931 2.6297579341169568 6.179879813413117 18 5 1 0.14922772631169717 3 1525 4 1529 2 1557 1 1189
4422 -2.201134710721981 2.7349294860665814 6.0371939892880304 16 4 0 0.21099125023408938 3 1532 4 1532 2 1566 1 1205
4423 -2.1929320360734552 2.8024934570877171 5.8914235572130806 18 3 0 0.57267009985716855 3 1549 4 1545 2 1580 1 1214
4424 -2.3473447114254524 2.817519364709987 5.8987655186437493 17 2 0 0.13885673032987153 3 1551 4 1547 2 1582 1 1219
4425 -2.3444539939121767 2.8786314762667238 5.7396674203253522 16 6 0 0.34807933404200925 3 1560 4 1559 2 1593 1 1228
4426 -2.3004941771115255 3.0377495231139333 5.5152206432653843 16 3 0 1.0457435715128618 4 1581 2 1612
4427 0.45597809005873635 -1.1479080412540781 8.3281001556541856 126 153 152 0.28189292746591232 5 1810 2 1623
4428 -1.9786229076312276 2.457743561802241 6.4412832459376501 16 12 9 0.34311832678802601 3 1617 2 1642 1 1267
4429 -4.0499643987021194 0.72511561563449589 3.9641443730590651 60 64 67 0.48151110766584737 3 1613 4 1624 2 1664
4430 -4.2176080617405818 0.97993186910937768 3.898243376048304 150 148 151 1.0025440833384061 3 1632 2 1683 4 1628
4431 -2.0848292380013227 2.8196987953944515 5.8614418947267062 27 12 4 0.32586453283479699 3 1166 5 1259 4 1164 2 1206 7 1230 9 1357 6 1226 5 1065 1 1025
4432 -2.8395488636369786 2.706808324018716 6.0912525079623192 184 155 118 0.16508378348498673 6 1914 5 1689 3 1540 4 1539 2 1575 8 2048 13 1906 11 1929 12 2046 10 2069 9 2000 7 1817
4433 -1.2393460074973124 2.5682128959891934 6.3091906069686479 105 84 73 0.32322593249044856 4 935 5 1008 8 402 12 309 10 394 6 348 19 236 3 700 2 969 1 708 24 368 25 262
4434 -0.57017449581133151 -2.2980145260396059 9.9415387713497712 74 55 60 1.6014618752512988 10 83 2 573 16 132 10 82 19 40 22 94 2 574 24 564
4435 -1.1163855662044875 -1.0083700998783867 9.1941634136936017 156 162 163 0.29551259671398028 5 908 4 848 2 593 16 163 8 141 15 182 17 164 18 152 14 928 20 146 11 809 10 119 7 738 6 132 21 135 22 116 24 109 23 160
4436 -2.305701722361639 2.6160701223400245 6.259836243742547 27 7 0 0.38581985095569471 5 722 3 725 2 754 11 412 10 427 7 407 4 327 1 561
4437 -1.4048280871064645 2.4864830078879039 6.3987132323222182 62 37 21 0.47839539786931567 5 678 4 930 2 964 8 1008 13 941 10 1050 9 948 7 872 6 871
4438 -0.86470858368808856 -2.9617035955412128 8.9286151391054851 106 131 155 1.0821194524233124 15 758 18 669 14 90 13 749 11 760 6 666 21 691 5 35 3 539 2 546 16 1094 8 1246 17 1348 14 1584 7 1039 5 870 1 43 1 387 24 1101 26 26 26 936 27 982 28 397 30 944 29 326
4439 -1.923812199901918 2.9471956592030413 5.6314891910896687 89 72 64 0.42133465944871662 6 538 3 455 2 479 10 602 9 514 1 351
4440 -1.4310373439040776 2.4771610065574641 6.41566164724233 168 145 131 0.23581849850806469 3 690 2 725 4 670
4441 -1.3418497832859584 2.5848440695741459 6.3442036776321702 41 15 1 0.01296140537572184 3 701 2 730
4442 -0.58024880665321987 -3.4154304682066443 8.9121536563134729 152 150 152 1.2872417295200909 3 1199 8 1723 8 1925 15 1786 14 2037 11 1824 9 1880 7 1711 6 1631 22 1399 18 1433 5 1433 4 1311 2 1249 2 1352 1 1042 23 1413 23 1552 27 1074 28 1096 29 414
4445 -1.4319206394279884 3.1924340179643798 6.0056719825301412 47 29 9 3.6238556664398951 14 1165 2 467
4446 -0.58991535931242478 0.73131435407001089 7.0375746651290285 14 25 29 0.18712353543849022 5 222 2 676
4447 -2.5587322370517285 2.583758853071215 6.5600410075007334 16 13 8 0.15424033533611672 3 1375 4 1372 2 1416
4448 -1.4009756408638092 2.731225596229764 5.8826066601379177 22 5 0 0.26527538925422589 3 1413 2 1559 4 1415
4449 -1.6728706679917309 2.8675748532691858 5.8220846530211219 27 4 0 0.68681680232372799 16 1687 15 1682 17 1704 18 1582 14 2161 20 1485 13 1939 11 1957 12 2083 10 1867 9 1793 8 2069 7 1844 6 1770 19 1273 21 1576 3 1436 2 1577 5 1694 4 1546 1 1213
4451 -0.52486570951889355 -3.4040256574866059 8.8965746831991179 158 153 149 0.095848028194720075 8 40 9 25 1 16 24 36
4452 -1.3891631303539784 -3.1219461328811748 9.1433042434851721 72 93 81 0.12087327345627434 3 38 1 38 4 32
4453 -0.95743792314711285 -2.5876683488817394 9.0257294980839387 115 124 119 0.47098489156744333 18 700 1 59 24 558 31 733
4454 -0.91690664038428982 -2.5568646247615043 9.0292839394682254 97 103 99 0.35422555243418191 2 91 3 73 1 60
4455 -2.2262091097950343 -1.1560392891629472 9.3048730851390289 167 170 174 0.071636902923275902 4 91 1 88
4456 -0.60042470087362199 -0.95276402360669155 9.2482830123026627 98 93 95 0.066589493060050728 2 131 4 97 1 94
4457 -2.1435957580889435 -1.0589772358046252 9.4617141411599004 102 107 110 0.77718576338802692 2 599 1 98 4 552
4458 -3.2917338185508136 -0.3612967273776907 4.3336632004907125 161 160 173 1.0624597209056588 3 164 1 137
4459 -1.6404093715073986 -0.37705894243414628 7.8813231018867986 126 128 141 0.13574452654485664 2 200 1 143
4461 -2.0514085220962857 0.20212611307707667 8.6259904289225826 0 0 0 0.17701448179438339 2 253 22 193
4462 -0.52013543593204969 0.57890349927629781 7.3431891199270192 41 50 57 0.13525318995763233 2 259 1 190
4463 -0.65595141877272023 0.58148250811312607 7.4457286741703701 43 52 59 0.52559877535609789 9 226 1 191 8 284
4465 2.2948919021076946 3.2413149980553539 12.268228503475486 110 113 106 3.4702145630141006 10 350 1 236
4466 -1.4755233192732673 2.1844238470053248 6.8680629776418733 62 63 58 0.070161740896067415 2 336 1 252
4467 -2.0595745009083357 2.4983455712729179 6.3686915913133442 159 136 120 0.069286372565541557 2 369 1 272
4468 -2.4566976453900455 2.713928811352476 6.1435007196903486 30 8 2 0.16621383107045884 2 423 3 401 4 354 1 308
4469 -2.0378285666055538 2.8057007611080955 5.8549740269562349 72 50 39 0.23133398010425144 5 762 8 547 1 319
4470 -2.8032447977087056 2.7392236348964176 6.0787422345174944 46 31 10 0.40303541423698247 3 422 1 324
4471 -2.2756363448913772 2.8459757038378446 5.8893080966308462 43 23 17 0.14095924610096006 5 398 1 336
4472 -1.0393578737419775 -1.2156287993430257 9.0853119735986461 112 109 112 0.0084940282676514677 4 532 1 421
4473 -1.3866159886528937 -1.3494652740199307 10.127833645752569 108 116 126 0.1819325139418595 2 582 3 565 4 82 1 423
4474 -1.0978493919146601 -1.189796059515388 9.4216104378268337 0 0 0 1.4730742959439187 3 857 12 836 2 889
4475 0.95257501983162507 -0.80583527925178733 9.269753611643095 160 170 169 0.76391815244458317 2 598 5 913 1 435 3 576
4476 0.31418767408462156 -0.84324582254091995 9.5635735335225966 115 133 137 0.51558999095057145 2 136 1 437 3 126
4477 -1.3590212111305706 -0.78077185389019343 9.0043554564758264 133 150 169 0.20353605428781096 2 611 4 865 1 443
4479 -1.3761692014363476 -0.26248127417810679 8.1161844417263733 0 0 0 0.021929617935517128 6 209 10 221
4480 -0.37261472312942701 0.70101749848080952 7.4147043717963772 17 26 33 0.20621922036190615 3 632 1 494
4481 -0.67701755610943548 0.67025169448028743 7.2990710980858386 21 30 37 0.47122940447822331 3 634 4 608 1 496
4483 -1.7003984271499717 2.472241905866285 6.4308555485468268 14 8 4 0.41221520892565722 3 695 12 279 1 534 4 672
4484 -2.0335139471362416 2.5158211457688107 6.3700584781828082 56 33 15 0.16761686085658051 3 702 1 541
4485 -2.3524658847674478 2.7101637865374513 6.1112790034599369 188 170 158 0.036111101083211174 2 772 3 400 1 569
4486 -2.6431810637630702 2.8089084862397229 5.9422276444965361 25 10 3 0.10440666985014406 3 760 4 395 1 588
4488 -2.4675735512458288 2.9334111416732771 5.679496838230409 35 17 13 0.45998223078991313 6 553 1 596
4489 -2.1411549005613719 2.9883967966271463 5.5355005708211431 22 9 3 0.30915684132595539 2 815 3 788 1 598
4490 -4.1948766639346502 -0.15221132909059013 3.6731802185296298 21 30 39 0.556341636219994 2 655 1 680
4491 -1.0236726716515352 3.4996032711307818 7.0807636275492651 34 15 8 1.9778691469746164 6 946 1 739
4492 -2.3638089626453032 2.0141032036491375 4.5889152425630124 34 15 8 2.014599028609779 7 902 1 740
4493 -2.3410538814775053 2.7127686620898412 6.0602818049396285 29 10 1 0.23194060696393221 4 972 1 741
4494 -2.1245665139610361 2.8089422640004624 6.0194031355136444 24 10 1 0.084831991836616341 3 1155 4 1154 1 745
4495 -1.5433074412363004 -1.2317031243871241 10.249366325492 120 122 121 0.48062930689849409 2 1274 4 844 1 806
4496 -0.66826445261694345 -0.69106667360878371 8.4798777307595561 43 48 50 0.15274317330320414 2 1106 3 1076 1 817
4497 -1.7970416772905891 -0.41227289137856438 7.2564512273601292 19 62 114 0.8742559418527045 2 1112 3 1079 1 825
4498 -3.4801444523177429 0.28569734331479024 3.1546523396925936 117 120 125 1.2073286536879235 3 1110 4 1110 1 865
4499 -2.3490744042089218 0.80994521500226602 5.0701986262029841 101 105 106 1.7056953924486482 10 1360 1 866
4500 0.9186773049953233 5.0652421548063291 10.217934293288888 22 7 0 0.61810914781021609 4 1144 1 890
4501 -2.181024816610027 2.7874394043619937 5.9863988661515632 148 129 122 0.083857796283951333 2 1021 3 1157 1 910
4502 -0.33092793247106944 -0.94659973215704352 9.2191286679489792 103 105 102 0.27640158114122643 2 1096 4 1058 1 963 3 1070
4503 -0.41701103987340549 -0.95545547542099685 9.4994422141839916 169 169 168 0.32464435563363464 3 1228 1 968 2 1280
4504 -4.0895700784681539 0.68173198499538834 3.8740213694914893 7 8 12 0.68449685955885176 4 1250 1 1005 3 1343
4505 0.78873233247401686 6.0634069748604347 10.24851162667442 36 5 0 0.55710987520766619 3 1307 1 1031
4506 1.2695179989502359 5.3172585958077079 10.79763942938065 20 4 0 2.1718475237958148 3 1405 4 1407 1 1105
4507 0.20508018747223145 -0.80592711410962437 9.5004659688751598 64 71 87 1.2479857355202999 3 1500 5 1757 1 1167
4508 -2.4266351164532676 2.5226319514552356 6.4737112041721332 18 14 8 0.079325841668160424 2 1553 1 1184
4509 0.85821754222935553 5.3222745563218483 10.247798140885479 16 6 0 2.0298635472441418 3 1538 4 1433 1 1197
4510 -1.8597463377445105 2.7968804694063651 5.9261281142530571 28 6 1 0.24988990099093664 3 1536 4 1536 1 1207
4512 0.63240121731334342 3.5870650820968883 10.05982297909677 79 76 62 2.268251287775418 4 1658 1 1329 5 1816
4513 0.70553695268681704 3.659913487631667 10.209258491007025 79 76 62 1.5633454376986979 3 1663 4 1659 1 1330
4514 -2.5154228893781965 -0.17239353841854088 8.6333432000857879 51 58 63 0.36226603048004691 13 222 6 221 3 222 4 201 2 647 1 476 16 277 8 242 15 283 17 255 13 221 11 223 12 883 10 229 7 217 6 220 19 110 21 193 5 593 3 221 4 200
4515 -2.073691013406695 2.8472296678341396 5.8413327652622193 43 18 10 0.36391059013259752 6 953 2 788 1 585 7 488 5 393
4516 -1.9526239209219374 -0.40365268837629831 8.3476990630296086 71 75 80 1.5073987145863397 17 222 1 467 19 85 20 184 12 95 4 581
4517 -0.52973561515845435 0.70362668777383419 7.285287912496945 17 26 33 0.43232182424188664 3 909 1 497
4519 1.4888900011529791 -3.24524228161913 7.4070047076511596 110 114 125 0.39869503792036792 21 37 22 508 24 21 25 342 26 405
4520 1.4888900011529791 -3.24524228161913 7.4070047076511596 110 114 125 0.39869503792036792 21 38 24 22 22 509 25 343 26 406
4521 -0.67207586953696608 -3.2680558313543977 8.9206892073448056 184 180 179 0.30845389104488458 14 75 24 40 26 17
4522 -0.67168976952400239 -2.7629941932141708 9.2150052145218755 134 148 151 0.22132707576181285 22 73 24 70 26 42 30 68 35 26 36 41
4523 -1.3320776169135617 -1.3563836047279563 10.058141561995852 115 117 116 0.21122580196477689 20 134 24 101 25 64
4524 0.0028409509935591881 -1.3121947849961662 10.041837746277668 54 78 82 0.48327383918206918 21 129 24 103 23 148 25 70 26 68 27 399 28 461
4525 0.019532279038774192 -1.0735669848227078 9.5978169235290096 86 94 97 0.3738189777515733 22 582 24 117 25 400 26 472 27 413 28 480 30 122 31 164
4526 -0.13835064395142432 -0.98546466474794714 9.4115954350509305 56 60 69 0.34111395030101022 20 153 24 121 26 89 27 415
4527 1.9599611134462922 -0.68092903199968924 8.2306292995309107 65 80 85 0.5174016535410525 22 154 24 155 23 210
4528 -0.070587429775208266 0.71399823825737463 7.2205770921636123 24 33 40 0.39969548966963619 21 251 22 222 24 227 23 299
4529 0.61238994372169075 1.025767789934025 6.4956219642288779 31 41 51 0.15989952880985359 20 277 24 255
4530 1.49252534063739 1.1195809205829632 6.5243308664707458 156 141 138 0.20000201857996261 22 254 24 283 23 344
4531 1.7479047051188297 1.1257272587722622 6.4141429117230189 181 176 186 0.83926958203430968 21 313 22 259 24 286 23 352 28 567
4532 1.7514992487080114 1.1323436912471285 6.4598066896539654 181 176 186 0.85915851893386941 22 260 24 287 21 314 23 353 26 274 28 255 28 568 30 290 32 180 34 384 35 272
4533 1.8403763782643141 1.174723184369673 6.4004909683143874 171 165 179 0.092389476555278779 22 264 24 295 23 366
4534 1.7030215639652124 1.2006365611417991 6.3195179331347386 62 61 67 0.25205046413805776 22 267 24 297 23 370 25 220 27 217
4536 1.8372617296580622 1.2460175453453348 6.2265137308280494 68 72 84 0.28768039744402468 22 271 24 306 23 383 25 232 26 298
4537 -1.3796207541397432 2.0821877369782644 6.583699047473071 99 110 112 0.31088071371289799 22 278 24 328 21 346
4538 -2.8051826604080641 3.3909757778242846 9.2693788899888965 60 41 25 0.62846017862074799 19 227 24 354
4539 -1.8039859178751518 3.0374955032055171 7.8192836396050547 71 44 25 1.6493510664859055 15 956 23 451
4540 -1.7074512301293248 2.1929300642369922 5.0498189394249557 0 0 0 2.5235395526747681 14 483 18 400
4541 -1.0268527209668594 2.3141295518422225 5.4513610449153607 59 39 30 0.49116600150113904 21 405 24 369
4542 -1.1493662353826586 2.7947746312437327 5.8997051728067564 144 126 116 0.27814301020667254 22 365 24 400 21 466 23 487
4544 -0.58661683967162148 3.1472124006103996 5.1103820259182235 108 97 95 0.044400181236557618 17 677 24 461
4545 -0.75511820586363476 3.2411667888236964 4.9213879183539104 33 14 0 0.42587107879437247 21 956 22 789 24 471 23 564
4546 -1.8257892895468153 -4.2375846685409124 8.6238552972169327 140 130 129 0.64353739763025442 19 932 24 491 25 566
4547 1.486570253592197 -3.3308216602020813 7.36705170535659 90 95 99 0.43921274265619764 21 660 22 506 24 501 23 611 25 340 26 404
4548 1.4920542605258147 -3.147324704893212 7.4662218291419862 127 152 183 0.42904847390665229 22 515 24 507 23 618 25 347 26 409
4549 1.5105575407499434 -2.5462489794937464 7.5818636700548288 87 60 51 0.47891687469019384 22 542 24 536 23 645 25 363
4550 1.4938662458486478 -2.3919305960677315 7.6195978845312116 74 52 61 0.94361245715007935 21 95 22 550 24 543
4551 -0.95981142649474716 -2.6920112667319653 8.8594319149462475 115 103 85 0.43619561326947287 22 72 24 544 23 659 26 436
4553 -0.9204966709231911 -0.19036954855294375 7.8402591400254851 77 81 90 1.0633211640859432 21 1274 22 893 24 627 23 740
4554 -0.13770461996395628 0.75963442466284814 7.0583602186307921 38 34 42 0.60479618958957337 20 760 24 671 23 781 25 459 26 540 27 470 28 522
4557 1.7824121431021505 1.223360436794005 6.2658095200769566 133 133 142 0.32241600199244547 22 694 24 717 23 833 25 522 29 160
4558 1.4876074534007149 1.7790195376978861 5.0789792858077458 180 181 186 0.73533057407186786 21 1499 22 719 24 760 23 449 25 735 28 811 27 570 29 405 31 908 32 651
4559 1.4887466813030001 1.7794098014192157 5.0780344673193971 180 181 186 0.76814227635336241 21 1500 24 761 23 450 25 736 28 812 30 762 29 406 31 909 32 652
4560 1.5527088652202976 1.7725334931624084 5.0935613766726116 178 181 186 0.34741801985555787 22 718 24 762 23 1133 25 548 26 852 27 773 28 632 30 764 31 911 32 454
4561 1.4768467714547926 -3.1912995269902429 7.4703781874702022 30 54 96 0.48834694672029699 22 812 24 843 21 993 23 930 25 573 26 666
4562 -0.4633988826789614 -3.3299841425413033 8.9796735749192571 108 104 106 0.61135770976183745 12 805 24 855 25 583 27 625
4563 1.5074020138489788 -2.6162062716103769 7.5074371011582235 73 53 42 0.57279768397680819 20 919 24 863 23 957 21 1015 25 590 26 685
4564 -0.074920925130325333 -1.0851040600796398 9.6058314284370869 103 115 121 0.83196861508523456 22 872 24 901 23 696 20 954
4565 1.9852565035792891 -0.96831048711432322 8.2514045843188182 124 155 157 0.68567964135616044 22 1079 24 905 23 707
4566 1.5926534891793658 -0.15178469920841373 8.8566130034661352 147 93 58 0.55544555650540528 22 185 24 935 25 661 26 526 23 273 24 188 27 700
4567 1.237372568387451 1.004497420914495 6.7774519811614038 113 72 80 0.27923627916774979 21 1108 24 961 23 1064 25 679 26 801 27 489 28 535
4568 1.4483071146669735 1.0793285873114482 6.5313150681845684 181 164 170 0.28996678433051276 21 845 24 974 23 1081
4569 1.7123013740420925 1.0854587166275977 6.3883612008337805 141 133 144 1.2777601137365866 21 1121 24 981 25 701 26 581 27 734 28 768
4570 1.7150324242868344 1.0893402472711977 6.4077051133440239 141 133 144 0.72178633892180799 21 1122 24 982 25 702 26 582 28 769
4571 1.6775523983331042 1.2024977246531248 6.3658397442992563 84 79 86 1.0422569490234446 21 1126 22 952 24 991 23 1099 26 1049 27 901 28 1055 30 997 29 388 31 1184 32 1002 33 1080 34 861 35 1256 36 1274
4573 -1.3217210418294703 2.5654565752992422 6.3460063305557517 64 37 14 0.5281236270369366 22 984 24 1024 21 1162 23 1138 25 732 26 847
4574 -1.1677745827317381 2.5576479022388749 6.3533087269511128 61 33 17 0.24349757267084243 22 985 24 1026 21 1164 23 1140
4575 -0.61768305160242198 3.052234296480735 5.3293186259294947 58 39 17 0.54554759778736739 21 1185 24 1048 25 759 26 889 27 789
4576 -1.0891148257301686 -3.3028496072993501 8.779204837647999 172 187 181 0.47937009229107747 19 1130 24 1084 23 1221 25 1002 26 923 27 811 28 841 30 783 29 201 31 694
4577 -0.39415096793525162 -1.4422505811373307 9.9511615722628051 45 52 68 0.37083917600955996 22 863 24 1130 23 1254 25 831 26 956 27 844 29 226
4578 0.93590402608504208 -1.0350146048735169 9.12002913391043 132 140 144 0.95311424378858478 24 1135 25 1032 26 1158 27 856
4579 1.4916032662617078 0.13591994951812472 8.891933903221565 179 170 173 0.8970461129460473 21 1483 24 1173 23 1591 27 1107 26 1005
4580 1.3004416684686926 0.20850764601711702 8.6559179303747005 181 169 173 0.67259679466692057 21 1287 24 1174 22 1262 23 1464 25 1150 26 1178 28 915 30 692 32 589 33 834 34 704 35 1085 36 910
4581 -0.99837183615342606 1.1073397055820018 6.4939194920544443 182 189 197 0.69539579770061333 21 1296 22 1270 24 1179 23 1292 25 1056 27 882 28 918 29 253 31 1152 32 740 34 693 35 1070 36 1243
4582 0.70906608359166723 1.0308687849358524 6.48545479397833 83 95 107 0.47935035332045378 18 1320 24 1189 23 1300 25 891 26 1018 28 750
4583 1.7289608339245213 0.96489914899647833 6.5573375009400579 149 146 155 0.22942431789406656 21 1303 24 1193 23 1303 25 899 26 1025
4584 1.7275220351868135 0.96273556225850576 6.5589889852343441 149 146 155 0.35339715097857821 22 932 24 1194 21 1110 23 1304
4585 1.8117574051709511 0.97359127672606438 6.5936397200989978 137 131 143 0.91996984540258553 22 1121 24 1195 23 1305 25 901 26 1030 27 1036 28 1045 30 881 29 382 32 914 31 1177 33 995 34 853 35 1247 36 1268
4586 1.6656905969912268 1.2320819906406908 6.2394655810892701 103 106 115 0.64143448401676739 21 1318 22 1133 24 1208 23 1320 25 916 26 831 25 713
4588 -1.0798357203060862 2.7135432212658652 6.058504424576812 71 50 47 0.21931260830982013 21 1380 24 1242 23 1345
4589 -0.90147905800197303 2.7064456041717344 6.0433533538047497 80 57 49 0.4475371721577896 22 1174 24 1243 21 1382 23 1346 25 948
4590 -0.73266048704901221 2.7581249768958327 6.0279328742009479 45 15 0 0.25964520040422423 22 1329 24 1249 25 955 26 1087
4591 1.5861430164263641 -3.2629860923603751 7.4038475213375552 107 111 112 0.59184845858252499 21 1224 24 1290 23 1408 26 908
4592 -0.42196474611720114 -3.1377103677902163 9.1953843087188716 79 81 94 0.41513943963641547 22 1215 24 1302 23 1238 25 808 26 1136 27 975
4593 1.5798101881978548 -2.6241490449922127 7.5688478945004602 41 33 44 0.45104806345098652 22 1217 24 1303 21 1440 23 1421 25 1006
4594 -1.9800063478795979 -0.98788771935444231 8.9457818850689304 69 73 75 0.44978407202817694 22 1238 24 1322 23 1440
4595 -1.3718201977771398 -0.76751241014801308 8.8828569667507882 136 153 168 0.19792806301582727 21 1264 22 1086 24 1326 23 1263
4596 -1.3718201977771398 -0.7675124101480133 8.8828569667507882 136 153 168 0.19792806301584098 21 1265 22 1087 24 1327 23 1264
4597 1.0068783807671737 -0.69770452664434468 12.117314648197439 170 152 152 0.39245948489051435 2 1111 24 1339 23 1457
4598 1.4795204186410382 0.04412944307701025 8.8160272651677829 80 57 63 0.25854821511955867 21 1481 24 1345 23 1460 25 1148 26 1257
4599 1.0783741034079166 1.1835669977587799 6.3940748176953743 204 207 212 0.62736646610964808 22 1273 24 1365 23 1484 25 1063 26 1188 27 1037 28 936
4602 -1.0279681117484465 2.9123015663845075 5.6003959263745822 66 46 37 0.28352231093027108 22 1353 24 1403 23 1516
4603 -0.65807152665338009 2.9570652863192337 5.5739111133159263 55 27 10 0.39939025301739761 21 1620 22 1363 24 1408 23 1522 25 1087
4604 -0.65807152665338009 2.9570652863192337 5.5739111133159263 55 27 10 0.39939025301739761 21 1621 24 1409 23 1523 22 1364 25 1088
4605 1.6953849576054152 -2.3674868004397878 7.4884419362024488 52 44 53 0.68237969834035694 22 1411 24 1448 23 1426 25 1013 26 1145
4606 -1.2788340525855606 -0.38148460478865737 7.7403764010612468 68 95 137 0.74504512699357173 21 1472 22 1424 24 1466 26 1245 27 1094 28 1170
4608 -1.5257917272777171 2.443470765762795 6.4458386654099282 17 19 23 0.3190669626592762 22 1452 24 1493 23 1607
4610 -0.84322960673936043 2.94919905664434 5.5302698334281635 32 10 0 0.56419521364671921 22 1515 24 1527 23 1521
4611 1.7699074525962701 -0.91783551683344344 8.535843426038527 192 197 203 0.65323607075325152 22 1585 24 1555 26 1243 26 1316 20 1755
4612 -1.8307794100829673 -0.52271385208840426 8.2814966591899282 74 99 147 0.36331160134421869 22 1589 24 1557 23 1672 25 1215
4613 -1.8026539154120429 -0.5115256245237243 8.2045606015148689 74 99 147 0.54695799169202552 22 1590 24 1558 23 1673 25 1216 26 1318 27 1173 28 1169 29 494 30 1147
4614 -1.4518844998227673 2.6144548216372208 6.285051032989271 40 20 13 0.37529283816390124 22 1611 24 1581 23 1697 27 1130
4615 1.4108185165652074 -0.899582709777343 8.9870031678067335 229 234 243 0.96032908185837995 22 1642 24 1612 23 1670 25 1265 26 1363 27 1175 29 503
4616 -0.58105207058833785 2.9076918775346896 5.7378091850404358 20 20 22 1.4885766377289622 21 1916 24 1652 26 1416
4617 -1.9600302045376603 -3.8699139152636852 8.7292955714221243 194 197 202 1.0235440720405342 12 2321 22 1691 24 1657 23 1772
4618 -1.2517196219631552 -1.7116738925010573 10.361051606488481 186 187 194 1.1510231013678252 21 1922 22 1695 24 1662 23 1777 25 1326 26 1427 27 1283 28 1272
4619 0.38350103804074243 -0.69355657267889792 8.9008200047750137 34 43 50 1.0588798038998692 21 1938 24 1664 23 1779 25 1329 26 1430
4620 0.93501041912882077 -0.53258418389330076 7.7940477801895183 36 47 53 0.53749666521713746 20 1864 24 1665 23 1780
4622 -1.0824836674976042 -2.6811384627813184 10.267067551912692 20 28 39 1.1762328571369114 21 1934 22 1709 24 1672 23 1790 25 1335 26 1436 27 1292
4623 0.95327510247578784 -2.2969955050202362 8.051928624436762 90 120 122 1.0364932813514383 22 1719 24 1686 23 1804
4625 -0.78354014184760445 -4.0475868742649972 7.9812337242679101 166 135 115 0.51814976926267819 16 1295 15 1300 18 1201 14 1549 20 1116 21 1208 24 1064 17 1066 14 1252 23 1186
4626 -0.83300501897486412 -2.7119897419169199 9.0747239844277896 120 134 138 0.38430663674537024 16 1101 12 1224 18 692 24 876 17 815 14 888 20 654 13 770 9 66 6 86 21 1024 23 664 26 698 27 638 28 689 30 596 31 727
4628 -0.50879054569970472 -3.5269480238955859 8.7680878320027329 159 157 158 0.84329724967404118 1 9 23 39 27 15
4629 -0.70834573463646444 -3.1671713368153269 8.9317084834141482 175 181 181 0.40827550630323223 17 785 23 61 31 449
4630 -0.75192184493225556 -3.1562758068799774 8.9270043262840346 118 124 121 0.11507185449317288 8 54 9 42 15 80 23 63 31 448
4631 -0.7124035203109188 -2.6868865922294587 9.2292643638278378 97 111 114 0.17993084401022519 17 109 23 102 30 70 36 528
4632 -0.59521754779496894 -2.516914710996291 8.9215590046948421 90 101 105 1.272740326436687 21 112 23 112 31 110
4633 -0.95647316994993203 -2.5173943378358392 8.9958745486946139 122 122 122 0.1869003575705773 16 804 23 113 25 383
4634 -1.247335409078429 -1.8485228907030296 10.659389057003683 171 175 183 0.53515494063502012 13 786 23 128 27 65 30 610 31 124 33 38 34 468 36 532 36 1035
4635 1.3125267176920521 -0.24897209042710783 8.6830990446534599 148 90 50 0.14870245557641076 21 207 23 259 26 146
4636 1.4455033971541562 -0.10416395150486876 8.6661837703386979 189 128 74 0.29555257061520468 22 187 24 193 23 275
4637 -1.3619415424745362 0.22145672447906525 8.095064755852837 69 71 83 0.22126563300436497 22 196 23 276 26 156
4638 0.026138121551069093 0.83477064221352149 5.7164414531800274 52 56 68 0.18310619819852705 22 664 23 309
4639 2.7554489972785543 1.1368982667355669 10.665694825507503 109 82 91 2.9333842467902844 15 350 23 321
4640 1.6485088566393284 1.1973751674832065 6.346423030589956 68 66 71 0.72643107393922923 21 856 22 265 23 367 25 517 26 280 27 214 28 575 30 516 33 472 29 153 36 943
4641 6.0300839034774922 5.0720678660612579 37.442012764601984 149 141 143 3.9102198748859021 22 263 23 392
4643 -1.3680503587409527 2.4537408249776504 6.4486477334182446 27 19 16 0.4510917621021947 21 366 24 347 23 436 25 540 26 325
4644 -0.78088592750407737 2.2277330909740769 5.6898065755179861 136 117 110 0.80836535359391171 21 375 23 444 22 295
4645 -0.7593588951024528 2.5446383960713912 6.4250936122188893 133 118 113 0.39399061433325361 22 321 24 371 23 457 25 265 26 338 27 558 28 313
4646 -3.1387642868518753 4.6197018349003178 12.590496239443691 48 26 18 1.2323153695602851 17 448 24 374 23 458
4647 -0.9170680052568827 2.9737760580397063 5.5069469813908301 50 28 19 0.042756684899514646 20 473 23 509
4648 -2.016801300294766 4.1196614957908952 7.7861483236571205 68 47 37 2.6642779671008268 21 525 22 414 23 518
4649 -0.94735200239248019 -1.1510510434177625 9.1714877961180132 113 119 119 0.30501904696645782 22 568 23 682 26 456
4651 1.4425506426065149 -0.51163647382987154 9.0089967477403512 145 155 157 0.36229714588524686 21 765 23 743 22 610
4652 1.6990681237557679 1.1667907184727548 6.4227215422913124 187 178 187 0.22827254702627758 21 854 22 690 23 823 25 511 26 590 27 520 28 779 30 727 31 878
4653 1.7829208302900836 1.2229215346589837 6.2673095448920781 131 131 141 0.37487991722027836 22 693 23 832 26 605 27 528 28 792 30 740 29 159
4654 -1.393441741189799 2.2305135147939321 6.724814812575044 22 31 38 0.50547112935147476 22 710 24 741 23 851 25 536 26 619
4655 1.6241465735254375 1.7750874162888053 5.1158180971038894 169 173 177 0.39111031827224568 22 976 24 763 23 862
4656 1.4690912665537832 -3.1150367559327066 7.4889345318596385 36 63 109 0.44599259822333837 22 815 24 847 23 934 21 996 25 575 26 667
4657 1.567306282512555 -2.6678432837642942 7.484150095096938 38 32 35 0.9597621770534821 21 71 22 539 23 951
4658 0.13486238539683615 -2.5850014998794695 8.1489735702593702 75 89 90 0.67931944261064103 21 1442 23 967 26 432
4659 -2.3518272953899966 -0.93428312490859267 9.1998755055614794 192 194 198 0.8450601600844051 21 1461 23 995 25 835 26 959 27 662 28 706 30 809
4660 1.5099236593193237 1.1899882631627881 6.3275733562020013 54 50 55 0.20202850642486869 21 316 22 951 23 1097
4661 1.8463647759720274 -0.61143413061838126 8.4398015001585271 172 176 177 0.86204394475521229 19 1162 23 1271 26 982 25 1042 27 869
4662 -3.2979631110696759 2.1507639081844054 9.6743018141259967 73 80 86 1.3776058911984101 19 644 23 1311
4663 -0.90147905800197303 2.7064456041717344 6.0433533538047497 83 60 51 0.4475371721577896 22 1175 24 1244 23 1347 21 1383 25 949
4664 -0.55175493675935283 -3.4301038512671127 8.9181546196748265 167 165 168 0.50059343683359103 18 1432 21 1435 23 1412
4665 -0.28538642336060033 -1.4208781367564236 10.023911400713189 25 42 59 0.25006282707647265 18 1444 19 1145 23 1435
4666 -6.4450441849137352 7.2291183064836577 20.437080174647477 26 6 0 2.3300252029280171 21 1742 24 1503 23 1618
4667 -2.1047609867545316 -0.023301999931419029 8.4341586583434456 56 66 75 0.62866055982854319 10 2264 23 1676 25 1140 26 1328
4668 -2.1090843702522073 -0.026197635825223872 8.4563719198177871 56 66 75 0.65575298990003683 10 2265 23 1677 25 1141 26 1329 27 1099 28 1026 30 965
4669 -0.36636837408958489 -2.8907398823446488 9.4506399614234944 15 30 37 1.0805734669194176 16 2026 17 1988 18 1938 23 1718
4670 -1.3908773260665053 -4.1149148189680451 8.3443397435518776 96 88 93 0.60399497420488801 18 11 20 9 11 1 12 4 21 11 23 13 15 11 19 3
4671 -0.83976122904407502 -3.1088440646987179 8.8862173094045307 100 122 130 0.91972104680980227 16 1088 17 1105 9 727 7 682 6 51 22 833 2 38 23 641 15 85 18 80 20 71 13 68 30 49 31 41
4672 1.9013131170439963 0.25564761301643746 8.57292566500597 176 181 184 1.8061625450831382 20 1615 22 1263 23 1050 17 914 18 794 21 802 25 1052
4673 -1.0176918278694309 -3.8146209681781436 8.1974546867899072 36 70 97 0.59702366548329189 23 1197 8 1513 15 1084 18 980 13 1102 11 1089 10 1519 22 498 26 665 28 647
4674 -1.2735039758950724 -3.902113550619454 8.5120567894492059 107 120 143 1.9002650629524664 16 1306 15 1517 18 1427 21 1219 23 1400 14 1560 15 1309 11 1371 12 1668 10 1721 21 1217
4677 -0.92093224995550571 2.6830426516943988 6.1440927918690154 26 4 0 0.45286532786517142 18 1778 14 2119 20 1435 16 1615 15 1613 17 1643 13 1882 8 1984 11 1904 12 2027 10 2028 9 1948 7 1771 19 1439 21 1546 23 1622 22 1474 24 1507
4678 -0.50056294645993105 -3.3922366378233675 8.919184075009623 94 92 96 0.90734116753674732 13 50 21 55 3 20 1 19 16 758 8 795 15 743 17 774 18 654 14 856 20 623 11 740 10 824 9 1147 7 666 6 648 19 546 21 681 22 824 3 517 4 798 1 17 24 38 25 354 26 419 27 623 28 667
4679 -1.5587234653370592 -0.78297912955816529 8.8978503413055829 107 124 152 2.5033619221496863 16 189 15 204 17 186 18 179 14 185 20 160 13 157 8 884 11 160 12 70 10 917 9 809 7 754 6 732 21 154 22 133 5 926 3 590 4 863 2 908 1 652 23 180 24 124 16 191 15 206 17 185 18 182 14 187 20 159 13 815 8 885 11 823 12 854 10 920 9 810 7 756 6 734 21 153 22 132 5 929 3 879 4 866 2 909 1 819 24 123 23 179 25 83 25 401 26 86 26 476 27 82 27 83
4680 1.7471497295767788 -3.432489779067966 6.9940796732094439 173 173 163 0.22720653490211826 23 598 24 9 25 2
4681 -0.53509922025288392 -3.4983350454878135 8.7978189458392553 107 103 104 0.41952407189389707 15 47 25 12 27 333 28 10 30 356
4683 -0.716362288920524 -2.7576836023453644 9.139096881052442 112 127 130 0.29828734537791518 19 28 25 42 26 35
4684 -1.1094550492787891 -1.470891306976748 10.052601012237643 113 120 136 0.42900237173012562 23 133 24 96 25 61 27 70
4685 -0.3755350855362688 -1.0731609992612632 9.7291041669523004 88 93 96 0.68367554452983248 24 583 25 77 26 77
4686 2.2385428042502094 -0.65173551551581632 8.4225905086155635 44 77 86 0.29409702086197964 24 163 25 110 23 221 26 123
4687 2.2678342677867245 -0.31261500499720352 8.5539217949687956 112 132 133 0.14297434385293009 23 261 25 125 26 151
4688 1.4240879218608962 0.060572402668634756 8.5720020250612645 80 61 61 0.67779352578063634 24 200 25 131 28 519 23 774
4689 1.1015057186648733 0.12868434842460746 9.0418176776815944 155 145 149 0.17009049184985051 23 284 25 132 24 659
4690 -0.56025655160763554 0.82468044211654301 6.9280918298591168 118 128 138 0.30076538301814271 24 236 25 154 26 201 27 152 28 180 29 131
4691 0.90789887865511798 0.66738103208366684 7.3055291917657197 149 155 167 0.7453053546101025 23 305 24 233 25 156 27 159 31 304 36 217 35 654
4692 0.33360497924234089 0.85839259015422165 6.8442333680165408 58 68 74 0.5029282156450785 23 787 25 162 24 679 26 546
4693 1.5105331014533587 0.84930810586362693 7.0873948000881768 110 84 94 0.012319954116422546 24 246 25 167
4694 0.68383986278578235 1.0107289503701271 6.5046546590268335 29 39 51 1.7262202123711226 24 253 25 173 26 793 27 174 28 195 28 196 26 226 29 136 31 311
4695 2.1361382165725269 0.90277700375298608 7.0134285946062915 70 79 88 0.28253516415951857 24 254 25 181 26 234 27 188 28 554 30 503 31 630 32 412 33 477 34 579 35 920 36 945
4696 2.433721356629106 0.90519011478836375 7.0107136151545077 101 76 84 0.64285732442537469 23 323 24 260 25 185 26 244
4697 2.0716514849496095 0.98621791898893607 6.8238635326742187 85 79 86 0.46487076533503918 23 329 24 264 25 188 26 254 27 198 28 248 30 284 31 635 32 416 34 390 35 699 36 712
4698 1.3848300626087968 1.0747729666758357 6.5963416406137663 169 145 143 0.058197891372312939 24 269 25 191 26 252
4699 2.2938997851640011 0.9640914247947302 6.8797668476434763 85 87 94 0.35076042610579128 24 265 25 192 28 256 30 518
4700 1.9175423710278925 1.0248503250027055 6.5990209203976971 134 126 137 0.45259084013100048 24 276 25 196 23 334 26 258
4701 2.1611106645303129 1.0048507459536657 6.7703832568818729 168 148 159 0.50793452724137667 23 333 25 197 27 506 28 775 30 732 29 282 31 1061 32 791 33 876 34 744 35 1129 36 1145
4702 1.8969682863680983 1.0306939671066286 6.5081323729546421 148 140 151 0.79691990839863081 23 336 25 200 26 260 27 204 28 561 32 176 30 506 34 383 36 288
4703 1.2999806774664551 1.1357365643862907 6.4938508335308143 106 73 65 0.35161910805340441 23 342 24 282 25 201 26 577
4704 1.2948336444570474 1.1409048664083214 6.5285961266446515 106 73 65 0.15253903868866245 23 343 25 202 26 578
4705 2.0383443291984409 1.1122084725599879 6.5333722504491654 159 138 135 0.2257323937347058 23 356 24 288 25 211 26 588 27 524 30 737 31 889
4707 1.7609585919449833 1.1500154745469668 6.4442762824544895 137 132 139 0.27625917943896861 24 290 25 213 27 212 28 573 30 513 31 637 32 415 33 480 34 580 35 921 36 703
4708 1.9125507727480855 1.1399560351498765 6.4717935238793629 112 106 118 0.27971038046774338 24 291 25 215 26 278
4709 2.4092133153062623 1.1036839092656043 6.5911956152950646 95 79 86 0.48768983716742215 23 361 25 218 27 233
4710 1.8134625576867403 1.2341273279266964 6.2572826024696715 67 71 82 0.93303196040939773 24 302 25 229 26 296 27 232 28 281 29 71 31 892 32 639
4711 2.2030514433016841 1.2209178633487823 6.3153888233326976 140 121 117 0.4846739157783414 23 385 24 310 25 235 27 537 28 602
4712 1.9493183679934134 1.2604179236732329 6.2050943832183121 121 133 145 0.18332771249449664 23 391 24 312 25 238 26 303 27 246 30 318 31 398 32 228 33 243 34 406 35 323 36 343
4713 1.9498398209042827 1.26049743116043 6.2048413826181612 121 133 145 0.21692882998707383 24 313 25 239 27 247 30 319
4715 -1.3579803881921828 2.1908766771643817 6.6989132868652899 66 79 85 0.35151014621021526 24 335 25 244 26 311
4716 -1.3433399883282715 2.4998940926446593 6.486487507969084 58 41 31 0.68470853812334465 23 443 24 356 25 253
4717 -1.4450521471484932 2.7934229299477003 7.5312384666314767 116 109 93 0.98363500707977214 24 355 26 626
4718 -0.88959662709651866 2.4698411936562863 6.4782978818135879 69 47 32 0.33511079554148382 23 448 24 764 25 259
4719 -1.0190744557649025 2.7322745931240067 6.1070372984136077 151 132 125 0.55052243219456942 23 478 24 389 25 280
4720 -0.76069114478991173 2.9002907718286588 5.6313276520208646 67 45 21 0.35562379649629361 24 799 25 306 23 500
4721 -0.80130489011907624 -3.4877513706375165 8.7410843907187719 182 179 170 0.17446776296548905 24 28 25 348 26 414 27 331
4723 1.469080724156913 -2.5402808529306493 7.668761232316804 80 69 70 0.33640708293200555 23 648 24 539 25 365 26 690
4725 -0.52403806977414369 -1.2687043415804711 9.6253159895417486 128 129 149 0.34771164953669792 23 144 25 388 26 60 27 75 30 92 32 39 33 45 35 40 36 65
4726 -0.53184936610834699 -1.1924308655496572 9.6349635854561502 190 193 208 0.33213592721977336 24 573 25 393 26 460 27 395 35 796
4727 -2.227606696676693 -0.81807729847283595 9.027694005822223 102 118 152 0.58508704306569492 22 128 24 588 25 398 26 467 28 92
4728 1.2936557441362333 -1.1137401639608542 8.9678805864746494 116 133 133 0.63097146518104119 23 694 24 113 25 399 26 469 27 414
4729 1.0954057367024057 -1.0268720984131847 9.0041032524655336 117 133 133 0.16000159743058023 20 694 25 404
4730 -1.682569965678673 -0.70297291358626068 8.6613955377684242 46 62 87 0.17835535222833956 23 705 25 406 26 478
4731 -0.22565277249416454 -0.90882637499482877 9.1875172833967742 170 169 169 0.13600128572216996 24 126 25 409
4732 2.2556857460866366 -0.8110539514867311 8.2138327834003615 53 86 85 0.28627082049893982 23 723 24 143 25 422
4733 -1.0129987818170454 -1.2226974868313913 10.028550478214777 0 0 0 0.89892027529352836 1 638 4 842
4734 2.1481069093205902 -0.56826548418215461 8.371865984435237 61 74 75 0.43095904634241994 23 228 24 169 25 430 26 750
4735 1.1265403440438919 -0.40259256933712612 9.1664235648500156 102 84 82 0.49648736052059106 23 243 24 176 25 437 27 132
4736 -1.0313442459678115 0.27976022208812068 7.867693610951334 97 114 140 0.30708043578963168 24 655 25 448 26 160
4737 -0.033102899748457371 0.76364895537290045 7.0537576663814736 30 34 43 0.27250270926097847 24 675 25 464 26 204
4738 0.96890668922473877 0.65704392167830072 7.3223297104649516 133 138 149 0.28153377149566339 24 235 25 465 27 160 29 135
4739 1.5407569983525935 0.85449251389129144 7.0811410992343822 116 83 94 0.55481480033726904 24 951 25 468 23 1056 26 788 27 480 29 60 28 529
4740 1.5464514219394774 0.85291239261120366 7.0353721901581734 116 83 94 0.42433146887126733 24 952 25 469 26 789
4742 2.3400043340951444 0.93496320488040097 7.031917220571807 108 82 92 0.072295473894817996 24 690 25 485
4743 2.2838216309166155 0.98780030717386313 6.8144038896341046 163 158 165 0.786832435362956 23 806 25 490 27 507 36 735 34 591 33 717
4744 2.3118963296746378 1.0009226059803431 6.8112297904246466 117 87 94 0.42833892232481213 23 809 24 274 25 495
4745 1.911387388053853 1.0559802956139177 6.5312993616274779 188 178 190 0.74276446040655275 23 811 24 699 25 496 26 579 27 740 28 771
4746 2.0367702886847248 1.0551658031585744 6.6653574525210182 113 92 103 0.33008432771081314 23 340 24 278 25 497 26 580 27 512 28 259 30 296 31 373 32 199 33 215 34 147 36 310
4747 2.098876538633494 1.0551873575382165 6.6738681157633577 96 65 74 0.3738085310669309 23 814 24 977 25 501 26 584 27 515 28 577 30 520 31 646 32 422 35 709 36 721
4748 2.3755986595256586 1.0271610445600361 6.7096693115592823 88 66 69 0.32154118457722847 23 1086 25 502 24 975
4749 1.4379137969133557 1.1712574659238628 6.4103004166882274 146 129 130 0.39806787313005343 23 820 24 289 25 507 27 510 28 766
4750 1.9015934291766632 1.1212428111515269 6.5013910388749458 78 67 81 0.57612674172967726 23 818 24 706 25 508 26 276 27 519 28 266
4751 2.0799314795655883 1.0949295146832685 6.5966390491277034 93 68 71 1.0766082642004604 23 816 24 704 25 509 26 587 27 523 28 580 30 524 29 158 32 209 31 381
4752 2.3989535898297905 1.0682913050193372 6.6551248904814999 115 95 99 0.36447266818206508 24 705 25 510 26 589 23 354 27 225 28 797 31 902
4753 1.8762846066304273 1.1531074689200089 6.4471130786278561 85 81 95 0.27355561179966226 23 825 24 707 25 512 26 593 27 525 28 785 30 734 29 156 31 1062 32 632 31 885
4754 2.0335965338660054 1.1339319404909847 6.4880586088072327 94 71 62 0.19590952916718782 23 359 24 292 25 513 26 594 27 219 28 584 30 529 31 891
4755 2.0786460664294881 1.1424290404003234 6.4895895997189648 108 84 74 0.2029663870160511 23 364 24 709 25 516 26 281
4756 1.9303596608683735 1.1846460470561175 6.3793294836042511 157 147 154 0.30311450374069865 23 372 24 298 25 519 27 229 28 280
4757 1.9298209192013287 1.1840451184579011 6.3600728287190504 157 147 154 0.094298684523338769 23 373 24 299 25 520
4758 2.1961839576142363 1.175010315462508 6.4615476994859806 164 137 126 0.30118106457915172 24 713 25 521
4759 2.1631010005541755 1.1855625240868899 6.3916069260331216 95 70 63 0.2659778623732767 23 830 24 715 25 524 26 606
4760 1.9060301894297145 1.2295971926340168 6.2970091821277627 122 126 138 0.63693110490717098 24 1002 25 527 27 532 28 593 30 534 29 163 31 655 32 436 33 233 34 401 35 310 36 326
4761 2.244232671664756 1.2156606211084782 6.3531495693570923 109 94 90 0.2099019557845595 23 384 24 309 25 530
4762 2.3047810899399437 1.2544865698724212 6.3373852329953868 50 54 60 0.78335831517059296 23 394 25 532 26 615
4763 2.3344025186984503 1.2632429458913474 6.3676706609640847 53 54 59 0.082658720597111102 24 1005 25 533
4764 -1.0282384888672864 2.4545782867389856 6.5554033924062898 59 49 47 0.6971206014569431 23 1130 25 543 24 756 26 844
4765 -0.79840280825220944 2.8668297264465958 5.7795536515616464 53 30 13 0.24478860434944175 23 883 24 795 25 554
4766 -0.65873665109707913 -2.975006467548774 9.1079120838064007 134 140 159 0.10582413999649908 23 962 24 868 25 594
4767 -1.1242077179828729 -0.92583631851938974 9.2289400483210269 80 87 93 0.271337095915267 24 904 25 616 23 698
4768 1.8461841668049064 -0.84226738418953317 8.2997595199257823 121 130 132 0.76524464953967641 23 1450 24 1331 25 625
4769 2.2501162926862399 -0.77751309233663257 8.2974876934606758 87 132 135 0.12963981687078183 23 1014 25 630 24 916
4770 2.2904738011677135 -0.72588606720521509 8.4281447056208059 64 103 106 0.85294517283367899 23 727 24 614 25 633
4771 2.2904738011677135 -0.72588606720521509 8.4281447056208059 64 103 106 0.85294517283367899 23 728 24 615 25 634
4772 2.31894978361274 -0.68385926751321435 8.5674966246982365 112 138 137 0.53057064736696591 23 219 24 919 25 635
4773 2.0170629986989761 -0.61243814714988587 8.3466017523046148 90 89 87 0.23966017375107296 23 733 24 921 25 638 26 507
4774 2.2701822404588428 -0.56562956047511792 8.5177948014402869 118 139 140 0.29120797519678737 23 739 24 620 25 644 26 753
4775 1.4625314568244816 -0.46036833269306909 8.9224367597993428 76 80 79 0.011155389986275249 23 1024 25 649
4776 2.1593484070496651 -0.40745546687871548 8.3318866477089113 138 147 152 0.77146312395651062 24 635 25 651 26 520 31 1018 35 868 34 539
4777 2.1748083825132625 -0.31083824785629821 8.3679883370850678 186 193 197 0.82618417274936007 23 1035 25 655 34 831
4778 2.262803730012628 -0.2435406015715133 8.4882974122968182 144 159 160 0.5396950072541884 23 762 24 643 25 658 26 768 34 703
4779 2.2270330684217758 -0.05185213677638939 8.6503178475650895 57 72 75 0.10644468598245005 23 773 24 654 25 667 26 778
4780 2.1906588554503585 0.019271998252027189 8.5329620326839795 181 191 192 0.82428851743863918 23 776 24 657 25 668 26 779 31 1036 32 749 33 838 34 842
4781 1.9643745300575359 0.85416024484418729 6.8760769791904508 146 146 154 0.60631956741087656 23 797 24 685 25 674
4782 1.2696791554146705 1.0265800811441332 6.7112807304569593 192 149 156 0.31999999612486552 24 963 25 682 23 1069 26 802 27 715 28 755 29 261
4783 2.3955993358941252 0.91041274712001019 7.024555419695548 116 79 91 0.65308526276196854 23 803 24 962 25 686 27 728 30 891 29 150 31 1063 32 794 33 879 35 1133 36 1153
4785 1.5345158372652574 1.1451897569663996 6.4718697849095701 87 73 72 0.18930540000441429 23 1092 24 985 25 703 26 820 27 739 28 767 30 718
4786 1.8967507510934296 1.1784162444514457 6.412930756471507 162 158 170 0.33064924050396094 23 1102 24 992 25 708 27 750 28 787 30 742 29 287 28 951 31 887 32 635 33 493 34 587 35 931 36 717
4787 1.8962395243731489 1.1808561922968757 6.4177813921457192 162 158 170 0.24450458007380849 23 1103 24 993 25 709 26 826 27 751 28 788 29 288 28 952
4788 2.1737084208510105 1.1586931259253728 6.4688720351580038 112 85 75 0.23687797436439673 23 828 25 710 24 712 26 827
4789 1.8904888410070133 1.207217728446301 6.3123537837372741 65 65 77 0.20765489613663343 23 1105 24 997 25 712 26 829 27 755
4790 1.9346362806851389 1.2063168675723595 6.3141244251044677 69 64 71 0.44451136241726785 23 831 24 716 25 715 26 832 27 756 28 795 30 909 29 292 31 1069 32 798 33 880
4791 1.8571310328653525 1.2270104448708108 6.3034608853970777 132 136 147 0.87453324224226481 24 719 25 717 23 834 26 608 27 530 27 911 28 591 30 532 29 290 31 382 32 210 33 226 34 160 35 299 36 319
4792 -0.85286155649323803 2.6552111004602978 6.1983453147451959 64 43 24 0.33183767997048175 23 1143 24 1032 25 741 26 635 27 285
4793 -0.65904809927969232 2.8742433720025757 5.7760309851012925 49 34 15 0.43135166827579013 23 1155 24 1042 25 750 26 877
4794 -0.60847677076467299 2.978654550982367 5.5120357726308224 137 122 104 0.24232449845396131 23 1161 24 804 25 755
4795 1.6342547142594976 -3.1549036145041112 7.3278453584376688 107 116 115 0.80726823069712006 23 1209 24 1292 25 785 26 911
4796 1.5233451657001127 -2.7494143479142625 7.4531549112903699 127 117 107 0.48341206651618024 23 1228 24 1089 25 797 26 925 27 817
4797 -1.5677288164895109 -3.2711503517241503 9.0752995454141292 91 79 73 0.32335279255946731 23 1417 24 1087 25 799
4799 0.88085287472871665 -1.3913091444796812 8.770731192457653 146 163 166 1.4781155203477503 23 1432 25 830 26 1150 27 843
4800 -1.9449597090105231 -0.95914377373196624 8.8520804259603381 73 79 75 0.96345525812291499 24 1321 25 834 23 1439 26 957
4801 1.0469326197504412 -1.022943954866899 9.090634296594132 122 139 139 0.3248131997856501 23 1445 25 843 26 968
4802 2.2347623929072569 -0.7027412196514552 8.4559171156569413 86 140 148 0.35436810551375664 23 1017 25 855 24 917 26 978
4803 -2.6095781491313557 -0.17759930809974478 8.7596077330404061 81 86 92 0.75017594578802049 23 1582 24 1469 25 856 26 980 27 436 28 124
4804 1.2733986327143718 -0.52022297617835767 9.1155424673515633 113 117 120 0.98233130986360728 23 1455 25 858 24 1338 26 1170
4805 1.4477483381617033 -0.38247217925797505 8.8239254305486057 79 76 65 0.26442988989738503 24 1153 25 866 26 993 27 1020
4806 2.2589584852275628 -0.11479204508593355 8.6573479908803268 51 71 75 0.23945258391468233 23 1041 24 938 25 878 26 1003
4807 2.2359685905002942 0.015749556463956357 8.6821845156756599 74 88 89 0.19600438730179037 23 1048 24 943 25 880 26 1004
4808 1.6007559671982334 0.86306902331821311 6.8726632740395592 76 44 55 1.7312143316910247 24 248 25 884 26 1014 27 484
4809 1.313432997499874 0.92652677800891892 6.9453908728338494 56 52 63 0.19104863249401288 23 1295 24 1181 25 886 26 1013
4810 1.8525840623156582 0.86596361845694192 6.9164180438379823 168 169 174 1.0340639387890338 24 953 25 888 23 798 26 1015
4811 1.8508443237112822 0.9060854014766252 6.8334778087268182 114 111 118 0.12805499004765089 23 1059 24 955 25 894
4812 1.851880799927426 0.90832336155774407 6.8649237515564616 114 111 118 0.19368919255182185 23 1060 24 956 25 895 26 1022
4813 2.1691317779274399 0.98150803268632814 6.8742955504311567 55 55 63 0.40594724057083109 23 1307 24 1361 25 902 26 1033 27 896 28 1052
4814 2.1691226050619399 0.98131032072536339 6.8843435423302823 55 55 63 0.3749723386233712 23 1308 24 1362 25 903 26 1034 27 897
4816 1.7920361553654596 1.1140454801722974 6.4955205048226965 156 153 164 0.7095016817319636 23 1090 25 907 26 1038 27 899 28 947 30 889 29 385 31 877 32 628 33 479 34 387 36 702
4817 2.3367569389439367 1.0710189027909403 6.6034792949042087 134 109 117 0.57005900113768793 23 1312 24 1201 25 909 26 1044 27 907 28 957 30 913 29 293 31 901 32 645 33 727 34 602 35 956 36 967
4818 1.8522124860215903 1.1297725769919706 6.4789951602326257 188 183 194 0.71444016891342388 23 1094 24 987 25 910 26 1043 28 781 30 890
4820 1.9423854560260869 1.1567173132164883 6.4131021084593653 79 66 72 0.3980957556060522 23 1315 24 1203 25 912 26 1050 27 904 28 953 30 903
4822 1.8480534188484432 1.2055506473265427 6.3474608123213594 65 65 75 0.59971743285523416 23 1319 24 1206 25 915 26 1052 27 908 28 1060 30 1000 29 391 31 1187 32 926 33 1004 34 865 35 1354 36 1352
4823 2.0356108712839505 1.2007904067146167 6.3440116602686398 166 146 139 0.21645462765718121 23 1107 24 1209 25 917 24 999 26 1054
4824 2.0912421021906451 1.195488937391938 6.3631950271867828 63 49 43 0.18000143453883369 23 1321 25 918 26 1055 27 913 28 963 30 916 29 398
4825 2.4022676043261457 1.159081132325626 6.4212123451909644 158 143 143 0.43972125088520825 23 1109 25 919 26 1056 27 916 28 966 30 922 29 303 31 1081
4826 1.996609817980405 1.2350090879784794 6.3021687054377136 51 52 55 0.30905146625009089 24 1211 25 920 27 915 29 399
4827 -2.094944880046548 2.9082899047009092 7.5126926867843453 38 13 7 0.91587088204340006 24 1370 23 1489 26 1067
4828 -1.2199951235328887 2.6031807935096101 6.2220791241711089 37 15 6 0.55111418317881178 23 1497 25 936 24 1378 26 1200
4829 -1.2360660027555379 2.6364989039075208 6.1727163787969648 75 55 46 0.54338992245255557 23 1338 24 1235 25 938 26 1073
4830 1.6337139956450994 1.8410205683288554 4.9370110518811927 186 189 194 0.52246421148069988 23 1335 24 1232 25 945 26 1080 27 929
4831 1.6337720292355704 1.8405215751629163 4.9365942738413882 186 189 194 0.59477502589774733 23 1336 25 946 26 1081 27 930
4832 -0.78289383460951634 2.7553392647364698 6.028391292526762 55 29 6 0.7694787438334374 23 1352 25 952 26 1085
4835 -0.86608080902920093 2.9121881286936935 5.6086912564100828 77 57 48 0.61285108964131407 23 1518 24 1405 25 964 26 1092
4836 1.580554053428644 -2.6872886430206018 7.4559552329043628 39 37 40 0.7662456956548741 20 1344 25 1003 26 1133
4837 -1.0955304551539098 -3.0061346096444397 8.9285586627808531 166 177 173 0.41533162618617414 19 1135 25 1007 26 935 28 850
4838 1.5186523080496239 -2.5833707734471436 7.5720094183010449 132 110 98 0.3819369783762393 23 1422 24 1304 25 1011 26 1137
4839 -1.0563912500337791 -1.5574558879793829 10.370739841972513 82 82 90 0.31474821112903661 23 1562 25 1020 26 1149 27 996
4840 -0.42917949891335483 -1.5674209639028249 10.172025584268713 110 124 130 0.96538586324663489 23 1431 24 1312 25 1021 27 1084 28 1108 30 1034 31 1295 32 954
4841 -0.82618953534620787 -0.6820813219275188 7.8645815364674379 33 44 60 0.67644571652619534 23 1444 24 1325 25 1034 27 1005 28 1015
4842 -0.88290688584070698 -0.64666562499414193 7.7742972572661087 141 154 171 0.345585478084737 23 1446 24 1329 25 1037 26 1163
4843 -0.58339275332868779 -0.85245370698644629 9.5189642415741211 34 35 41 1.3797606588132123 23 1448 24 1330 25 1038 26 1165 27 1007
4844 2.101769081469016 -0.48327972699767596 8.293706509205288 49 54 57 0.1960110287534628 23 1273 24 1148 25 1047
4845 -2.2640995966772461 0.055550690159825722 8.6492462822361613 151 155 164 1.1190037305546647 21 1477 25 1048 26 1173 27 1015 28 902 30 647 29 241
4847 -0.8581003959885436 0.98218834743930761 6.5529660502798102 94 127 168 0.19496165006226843 23 1469 24 1353 25 1054 26 1180
4849 2.0700778483382378 0.90276500414016048 7.0505846628206692 160 169 179 0.88756763017298523 23 1478 24 1356 25 1060 26 1184 27 1033 28 1047 30 992 29 467 31 1182 32 920 33 999 34 859 35 1254 36 1134
4850 2.1821694991209877 0.91409604820421664 7.0313629919115064 154 163 172 0.25006630956823228 23 1301 24 1190 25 1061 26 1185 28 1049
4851 2.287266326206252 0.91164474202445389 7.0050761779672559 161 171 181 1.0574921248141542 24 1359 25 1062 23 1481 26 1186 27 1115 28 1130 30 1069 29 469 31 1270 32 1003 33 1082 34 963 35 1351 36 1351
4853 -1.2715044813681309 2.5198789696045347 6.3889041999347853 39 12 1 0.40038879855335696 23 1492 24 1373 25 1070 26 1197
4854 -1.2715044813681309 2.5198789696045347 6.3889041999347853 39 12 1 0.40038879855335696 23 1493 24 1374 25 1071 26 1198
4855 -1.0702611837252904 2.6929974903936231 6.1338670218268678 32 11 5 0.21890079255995926 23 1502 25 1077 24 1386 26 1202
4856 -1.0488351732950443 2.7627273600770632 5.9815227004412783 35 15 8 0.21496523046279281 24 1513 25 1080 23 1625 26 1206
4857 -0.65641261948600216 3.0042929679697354 5.3963394831868827 42 14 0 0.42956408460534756 23 1527 25 1091 26 1210 27 1062
4859 -0.876731683277989 -3.7715982224266624 8.1318542278769659 41 82 104 0.31227758610766626 24 1426 25 1101 26 1217 27 1067 28 980 29 309
4860 1.5034641223202367 -2.9868095956430079 7.4691556024390158 58 59 61 0.2501023853080645 23 1551 24 1434 25 1110
4862 -1.3281974023564358 -2.6130660455955579 9.2129408314312435 133 124 117 1.0556301579128573 19 1370 25 1122 27 1079 28 1103 30 948
4863 -1.0206159456147954 -2.5576364843386346 9.0147086019030667 160 156 145 0.75397594635286325 23 1559 24 1449 25 1123 26 1231 27 993 30 949 31 1113 32 952 33 920 34 900
4864 -0.59282088413187983 -1.2828840583984835 9.6374404896412234 45 48 75 0.34618649882221375 23 1564 25 1128 26 1235 27 1086 28 1109 30 1035 29 432 32 955
4865 2.1028131555827891 -0.76817211563287136 8.1699318012047293 85 105 106 0.42266449424550734 23 1452 24 1333 25 1134 26 1246
4866 2.1056082410006991 -0.63369129476929231 8.3475075835809882 112 121 121 0.34580693589958011 23 1579 24 1468 25 1137 26 1249
4867 1.1793474958084986 -0.57899413542656664 9.2193480012827873 63 67 66 0.68566637938033015 23 1580 25 1138 26 1250 27 1101
4868 -0.969556042623264 0.15300667941004903 7.7360756948559732 185 185 193 1.1742095455364423 23 1586 24 1474 25 1144 26 1330 27 1182 28 1122 30 970 29 452
4869 2.1897721364188634 -0.12380213384075861 8.4738139807619923 184 194 196 1.209955252360793 24 1344 25 1147 26 1177 33 1122 31 1347 32 1079 34 949
4870 2.3759950151591589 0.046977662951295081 9.1270182220282603 86 110 109 0.39016299985505576 24 1347 25 1149 23 1463
4871 2.0107101536702081 0.84976805915181397 7.0747547053519417 49 56 66 1.5498695580577742 23 1594 24 1481 25 1156 26 1264 27 1190 28 1193 30 1159 29 517 31 1349 32 1081 33 1165 34 1045 35 1454 36 1438
4872 1.390178243074959 0.99311881397274915 6.7821831237585162 194 155 165 0.22795890619300585 23 1596 24 1483 25 1158 26 1267 27 1111
4873 2.0726177610642353 1.0202241116316466 6.7674676279806674 179 153 163 0.44015845845459695 23 1483 24 1364 25 1162 26 1271 27 1117 28 1198 30 1123 29 524 31 1327 32 1050 33 1131 34 1012 35 1423 36 1413
4874 2.1822883707306904 1.0920810456310046 6.6395855985639578 96 65 67 0.21991153077608114 23 1603 24 1490 25 1163 26 1272 27 1119
4875 -1.9783178052697457 2.8788821173352552 7.4737739521693101 187 154 106 0.84648046602274485 24 1495 23 1610 26 1278
4876 -1.1970028142081217 2.5120015140321441 6.3978221284101906 171 136 84 0.3570699374221798 23 1613 24 1498 25 1173 26 1280 27 1046
4877 -1.1911834041020151 2.5077600931427875 6.3855754645196336 171 136 84 0.4686984704780382 23 1614 24 1499 25 1174 26 1281 27 1047 28 1068 29 397
4878 -1.0515612621339492 2.5015556713694478 6.4124535419596738 170 145 105 0.23719987529522737 23 1615 25 1176 27 1049 28 1070
4879 -0.78523204423691217 2.6186982539412313 6.2054321740203182 185 156 116 0.46028036785552284 23 1619 24 1504 25 1179 26 1285 27 1135 28 1139 29 477
4880 -0.68195552214382249 2.968281784122818 5.4741060448106884 179 137 78 0.43004387885616263 23 1639 24 1528 25 1191 27 1153 26 1297
4881 0.82090825680132118 -1.1357427736215815 8.5820722370361189 117 145 145 0.54393004815881263 23 1665 25 1211 26 1311
4882 1.9256354692521072 0.94209568477268535 6.8498904753750347 147 142 149 1.5100220437349314 24 1486 25 1228 26 1335 29 520 27 1114
4883 2.2495880950855955 1.0440565454538859 6.7081160805711209 185 148 156 0.31090009938141316 23 1687 24 1573 25 1232 26 1338
4886 -1.1310234339539802 2.603942914189906 6.3221518202880889 36 16 8 0.42885844645050675 24 1583 25 1239 27 1199 28 1205
4888 1.4969033445101858 -3.5511758121980006 7.2430573673464789 157 165 168 0.40947801699372754 23 1649 24 1598 25 1249
4889 1.512387404020521 -3.2690573379523649 7.4294081117354276 167 174 181 0.57371385965138688 23 1713 25 1251 24 1601 26 1352
4891 1.3602246586750355 -1.0527238316419374 8.9982311079674648 64 83 89 0.24229795852326866 23 1724 24 1608 25 1261 26 1360 27 1224 29 575
4892 -1.788422752893525 -0.614593047235791 8.5294165249679814 156 168 183 0.86329638889799898 23 1726 24 1611 25 1264 26 1362 27 1222
4893 -0.94846079029059549 1.0349202256484038 6.5052081996128024 55 66 78 0.63715374647155254 23 1738 24 1644 25 1281 26 1377 27 1239 28 1231 30 1113 29 558 31 1314 32 1041 34 942 33 1065 35 1328 36 1333
4894 -0.94846079029059549 1.0349202256484038 6.5052081996128024 55 66 78 0.63715374647155254 23 1739 24 1645 25 1282 26 1378 27 1240 28 1232 30 1114 29 559 31 1315 32 1042 34 943 33 1066 35 1329 36 1334
4895 -1.1534353235940324 2.4086877149724484 6.48324347437896 19 27 25 0.36078145880825946 23 1745 25 1291 26 1385
4896 -0.94408960705905998 2.5884779710088184 6.322811132315806 45 22 13 0.67227377358606599 23 1746 24 1623 25 1292 26 1386 27 1200 28 1207
4897 -0.70144384244840186 2.6973687569566094 6.301953319236306 28 24 24 0.58398635035739854 23 1747 25 1293 26 1387
4898 1.3615868778156761 -3.2450541515134117 6.8921588237612657 74 60 47 1.4043294656596863 23 1711 25 1294 24 1599
4899 -0.68695373694073369 -3.628243208793251 8.1976932263794851 167 142 111 0.17420581219624723 21 1899 25 1296 26 1389
4901 1.3833284485415414 -0.60159592222069969 9.0490523518293475 164 169 173 0.42466650603507999 23 1757 24 1638 25 1308 26 1404 27 1257
4902 1.1941755333365744 -0.15997553716155 8.723469235123579 50 38 45 0.1865100886183377 23 1758 24 1640 25 1309
4903 1.810894300974458 0.077007841433990781 8.7377136875169708 116 116 114 0.70890128490400317 23 1759 24 1641 25 1311 26 1407
4904 -0.95118676442749295 -1.3056530428459805 9.8463888100074186 48 58 83 1.6328830465359461 23 1778 24 1663 25 1328 26 1429 27 1271 28 1273 30 1196 29 604 31 1384 32 1115 33 1195 34 1090 36 1469
4905 -0.52684610950586319 3.0359054318645562 5.4076735327007084 18 17 12 0.79267520224598009 24 1668 25 1334 26 1435
4906 -1.2844895957364317 0.52417534723211556 7.9650235267613061 186 188 193 2.1555875527774928 23 1807 25 1340 26 1441 27 1285 24 1688
4907 1.774079408317879 1.0567612289185142 6.5287482165993822 177 171 184 0.15099187089291716 23 1797 24 1679 25 1342 26 1443
4908 1.7703159289860957 1.0415623698714136 6.5469597033871008 177 171 184 1.3901004100795089 23 1798 24 1680 25 1343 26 1444 27 1287 28 1284 30 1212 29 626 31 1400 32 1131 33 1218 34 1102 35 1504 36 1490
4909 -0.22174380946525224 -2.9150644795729979 8.5133758043262677 68 72 83 0.76272681496566641 23 1802 24 1685 25 1346 26 1449
4910 1.6376554203751805 -2.0365612551274097 7.4812180660626586 128 158 158 1.8383488138114772 23 1805 25 1347
4911 1.7973494831568382 -2.4229712666565453 7.5102532342733346 204 205 197 1.5084945557941973 23 1661 25 1257 24 1628 25 1300 26 1397
4912 -0.73029550303390867 -3.2571119483384026 8.8969021394939318 184 183 182 1.6898990583381717 11 745 4 23 25 21 16 72 15 74 10 35 17 70 9 35 21 60 22 47 2 33 1 373 25 22 27 28 30 44
4913 -1.7131190497451971 -0.15032556128754621 7.8191145478789492 147 146 154 0.70056085934034107 24 924 25 640 26 746
4914 -0.86657493138170749 -3.357691620181511 8.7125419915601832 148 144 137 0.31036733877974715 23 47 24 35 26 12 27 22 32 11
4915 1.3850923776464334 -2.7754956516931353 7.7024099611228616 159 165 165 0.27404183758372119 25 26 26 18 27 34
4916 1.6230913641706364 -2.0389739997315792 6.6628601365141469 91 110 108 0.80796791369467869 25 47 27 55
4917 -0.75299393977235074 -2.6130187535141141 9.2475891994881962 97 108 112 0.55541999569961653 23 114 26 50 31 111 34 19
4918 -0.92823506878981787 -1.6592691856535984 10.55491317145694 81 81 83 1.6659771730316162 25 386 26 56 27 384 28 84
4919 -0.83858564902833266 -1.1630808552420198 9.2574929371888004 75 83 98 0.38404878955514421 25 389 26 61 27 391 28 446
4920 -0.90441957837581255 -1.1780291294868945 9.5936952655620527 45 53 71 0.32879857790736866 25 67 26 65 27 393
4921 -1.6909001297104926 -0.96234788717981024 8.9977563288612128 138 142 151 0.47738635257778628 21 133 26 69 28 88 30 85 31 132
4922 2.019941527289308 -0.9867296014421808 8.1567009678944729 90 85 93 0.28764709664574745 23 701 24 590 26 90
4923 -2.3868134328925215 -0.47250615572844279 8.5911717095692186 122 129 137 0.32035341525719724 8 209 26 105
4924 2.1290162314966747 -0.71312403290479065 8.4062153615877282 63 79 82 0.29771573335853602 23 212 24 156 26 117
4925 -0.89806931015694502 -0.25418195856063802 7.7801215820493823 81 87 103 0.10815049460084958 25 111 26 124
4926 1.004408157073891 -0.44776617440304922 9.1680656920085646 137 131 134 0.42628176398899392 25 113 26 135 27 129
4927 1.0403891832800873 -0.43073136028536596 9.1526902430215547 137 125 126 0.1776564400612036 23 241 26 138 28 160
4928 1.9898145240706451 -0.30725312433073193 8.3525906231774787 172 177 181 0.29840818770394689 20 208 26 145 31 274
4929 1.6016355981389774 -0.23930579479528591 8.8146890149892112 141 85 51 1.1702178789464794 23 264 24 183 26 152
4930 -0.83087821205393286 0.71533278582183235 7.2227908823118492 58 70 86 0.28151871344500051 25 143 26 179 27 145
4931 -0.83087821205393286 0.71533278582183235 7.2227908823118492 58 70 86 0.28151871344500051 25 144 26 180 27 146
4932 -0.74320598063298937 0.71367081416429745 7.1384104918139197 54 65 77 0.34525694706261056 25 456 26 186 27 148 28 174
4934 1.3960334400880967 0.92830248399033022 6.9306541060499391 64 68 79 0.24450096884189571 25 172 26 225 30 238 31 323 33 174 32 156 34 116
4935 1.926730986411751 0.87067076937712207 6.8904303708489723 123 120 129 0.39367118644003118 25 176 26 229 27 493 29 267
4936 1.6576221913475226 1.0435466683913011 6.5247855674340878 154 147 156 0.63652768708477969 24 270 26 255 28 229
4937 2.0289770318009817 1.0171830245353433 6.794815806675933 119 105 115 0.1393361775741839 25 195 26 257 27 203
4939 1.4761165769328697 1.1945748050894656 6.5184920061823943 156 149 152 0.0056713249933645488 25 210 26 275
4940 2.0489530809997727 1.1559955818784742 6.4797033905978312 163 140 129 0.30997613626772247 24 294 26 285 28 589
4941 2.0387466657701516 1.1678518181422426 6.4044541009969711 130 104 91 0.17960623314850485 25 222 26 289 27 231
4942 2.4828208550501616 1.1329482286573644 6.481377468574637 155 150 152 0.57320779299735347 25 523 26 297 27 535 28 606 30 547 29 171 31 672 32 449 33 517 34 413 35 735 36 751
4943 1.9356260716188824 1.2414542964601556 6.2461196885090029 58 60 70 0.19541894926838718 24 308 26 300 28 293
4944 -1.0647785447766369 2.4582368010518345 6.4747417163891789 127 114 105 0.29103267530675336 25 256 26 326 27 270
4945 -2.2136260408511719 3.2617481005690885 9.1176989079839412 21 25 22 2.038475647318696 23 438 26 328 24 350
4946 -0.81475569591797092 2.6889270887782066 6.0784001425143499 69 47 26 0.43278459317220114 23 477 26 357 24 388
4947 -1.179825944491371 2.7835631496676712 5.9516033519764679 34 16 6 0.35001743996061496 25 285 26 363
4948 -1.6550073123724189 -4.0893717530439808 8.3794119384852817 156 152 149 1.9182285967024362 12 2293 26 401 13 2165
4949 1.430423699742108 -3.1363136585044735 7.4701358302914969 117 127 135 0.39254811162779368 23 932 24 508 26 411 27 327
4950 -1.5899238004582794 -3.2816448089427732 9.1321581262436222 98 87 81 0.36338070775987963 22 1049 26 425 27 352 24 857
4951 1.3377325762643042 -2.6946865099010062 7.7648330895659905 71 76 79 0.47052513412929658 25 361 26 427 27 358
4952 1.2886204554434717 -2.640421310860996 7.80754155748608 66 72 72 0.39610540425501828 25 362 26 429 27 38
4953 1.2474243079831067 -1.2990995499275422 8.573164901828866 143 162 166 0.51310926078852792 23 137 24 895 26 454
4954 -0.33826129380901959 -1.10297880952719 9.6420411435830609 96 105 108 1.1679962560975405 23 162 24 111 26 466 27 406 25 75
4955 1.8759024895249099 -1.0532112748528144 8.3902619444291169 128 159 162 0.63694374960821676 24 582 26 471 23 170
4956 0.34142333798898805 -0.81175182702803028 8.8821875375264199 51 59 70 0.25842045790648971 25 418 26 485 27 425 28 728
4957 1.0770873763408924 -0.4932493639200386 9.1625250040713855 109 88 83 0.79452885750268776 23 231 25 643 26 510 24 625 27 448 28 508 30 180 29 247 31 555 32 333 33 388 34 518 35 574 36 597
4958 -0.96912062554327805 -0.025664596992865399 7.8009281398216608 116 116 126 0.91319166384849293 23 1033 24 1158 26 519
4959 2.2633961950678501 -0.043354308708409672 8.7022490949502522 138 156 158 0.10502237315371039 23 281 25 453 26 532
4960 2.2410095327665491 0.07848780552145615 8.6059715391572968 160 174 174 0.48960717954257787 23 778 24 661 26 533 31 843 32 591
4962 -0.85248699903334646 0.95111883954014342 6.5932729895201598 50 70 94 0.63463060794858328 23 785 24 948 26 543
4963 1.4246769493706819 0.93892293298272889 6.9423647609064139 173 168 175 0.031230039401140764 25 477 26 557 27 488
4964 2.1129934005569129 0.98571263482638793 6.8161692489864336 58 53 65 0.54814282207971987 23 805 24 693 26 572 28 565 27 199 30 511 31 368 32 418 33 488 34 392 35 704 36 714
4965 -1.5464101796940097 1.5857835136297784 6.4282312415838341 29 38 43 0.97659880194619575 23 822 24 994 26 575
4966 1.6747829953577034 1.071764989812876 6.5357712958868897 164 157 166 1.5608270388577479 23 810 25 203 26 576 27 503
4967 2.0331311937489951 1.1338278321887176 6.4873968202849586 88 69 62 0.097750890351160871 23 360 26 595 27 220 28 585
4968 2.1435140020864787 1.0963081480562571 6.2804709178489908 167 137 133 0.1370818556086949 25 515 26 597
4969 1.9199566430899524 1.1603049864872736 6.4278855041490877 76 70 80 0.19718470848310024 23 363 26 599 27 222
4970 2.3149814905545201 1.1390428180535213 6.5252324560324331 167 157 158 0.22733592969689476 25 711 26 602
4971 1.8090313374638542 1.2107387175703028 6.3293327669634039 55 55 66 0.48046992315414117 23 829 26 603 27 527 28 583 30 525 31 1065 33 874 35 1128 36 1142
4972 2.1529330773751965 1.2110167624853978 6.3652343420824815 150 121 117 0.19357601795376983 25 529 26 610
4973 -1.1516611026827253 2.4457404937145042 6.4521398101322003 68 58 52 0.3949244000793013 23 860 24 1021 26 622
4974 -0.85249474864063679 -3.2480480293794658 8.7791853553501884 186 186 178 0.22555444418872606 10 830 24 528 26 679
4975 1.5693778942168102 -2.7591476722481798 7.5241539151117038 41 39 42 0.91217777043862425 23 637 24 858 26 681
4976 -1.5524897693234632 -0.57026898681682048 8.3250825655942418 155 169 182 0.41168852542448664 23 716 26 734 27 676
4977 -1.5998565503557085 -0.11255198916107154 7.983232826066966 141 141 148 0.86845200425652758 24 927 26 752 27 443
4978 -1.5096593144338195 -0.088451022451887379 7.9977741556447386 128 132 143 0.5821593448688468 25 647 26 754 27 690 28 137
4979 2.1604798876321505 -0.51833990689350573 8.3347153494076274 156 170 171 0.21386975897924032 23 742 24 623 26 757
4980 2.1902856367592287 -0.2172871413686806 8.491649541823028 177 191 191 0.075048590023850351 23 763 24 646 26 769
4981 2.1987522627117007 -0.080632038700152592 8.5660535857950535 176 187 189 0.59745616044785277 24 652 25 664 26 774 23 280
4982 1.6441222966234279 0.8520142381767013 7.0025026246263833 158 158 165 0.23986567024794178 24 681 26 790 23 1057
4983 1.4467787080648788 1.0845698909305015 6.5857601857713641 176 162 162 0.012837702002562925 25 693 26 808
4984 1.3823468914798926 0.93227495460972298 6.913184051140739 0 0 0 0.14376532003028594 24 686 25 475 23 794
4985 2.2862993272609615 0.99065760812985182 6.8389820388920093 167 165 172 0.056738271875872298 25 491 26 811
4987 2.0031867536107297 1.0943913044726719 6.5858312609860183 103 90 99 0.37985145819590937 25 505 26 821 28 578 30 298 33 492
4989 2.3933949224427766 1.1902303662890579 6.3619440161810727 64 54 52 0.31380017473117522 25 719 26 835 27 917 28 968 30 924 29 304 31 1083 32 812 33 893 34 758 35 1145 36 1162
4990 2.3959851789498177 1.1885179595385016 6.3227878843344802 64 54 52 0.32351341441962567 25 720 26 836
4991 -1.374075893426276 1.924351821556769 6.513448685521837 69 82 90 0.39644749354072845 25 921 26 837 27 743
4992 1.5514410296567558 1.7732042716312244 5.0952716102528335 179 182 187 0.27407563853979489 25 547 26 851 27 772 30 763 31 910 32 453
4993 1.6214353905297414 1.7693333822798882 5.1025669482085982 169 172 177 0.36366454218327848 25 738 26 854 30 766 29 184 28 815 31 913 27 573 32 654
4994 -0.6734876749840536 2.7022613801849173 6.103075550682604 148 137 126 0.1274138966560138 25 743 26 865 29 306
4995 -0.6443653589981001 2.8532510180852557 5.8104719626128754 138 128 119 0.33077596792535535 23 884 26 875 24 796 27 581
4996 -0.80807555849516666 2.944737461716691 5.5678966487836421 72 50 41 0.19449061729992745 25 752 26 881 27 586
4997 1.3938171725166124 -3.1730324924829181 7.4665100279362679 98 87 91 0.97065133673541082 25 786 26 912 27 608
4998 1.4008685036578172 -3.0914932978585536 7.4865075195180228 93 88 92 0.55597055658531003 25 790 26 916 27 611
4999 -0.80892582720734219 -3.5279801801895676 8.666595269520613 176 179 176 0.51390283404096726 15 1092 26 918 31 688
5000 -1.5975352782975061 -0.26408879731827056 7.9329373248027339 84 82 85 0.37472792525516185 24 1335 26 977
5002 1.0027665428507921 -0.40137444318949056 9.1125025568954552 43 48 50 0.40341098121201679 25 864 26 990 27 872 28 1032 30 849 29 370
5003 2.2535418993571135 -0.3479529114483696 8.4518540688394523 147 165 167 0.99676095423380684 25 872 26 999 34 832 33 967
5004 1.3089780942689595 0.93048904700628443 6.9759887639704932 54 51 63 0.096072581945049862 25 885 26 1012 27 886
5005 0.62123908481539003 1.0593685021390515 6.4899002577872995 107 115 126 0.36007291594712304 25 893 26 1020 28 922 30 864 29 378 31 1039 32 755 33 980 34 708 35 1233 36 1113
5006 1.3602920556192437 1.0817016001262996 6.5645426508520091 176 148 146 0.15007040376289854 25 904 26 1031
5007 2.1257696022219403 1.0784147780196198 6.6051154504718115 187 152 154 0.1686676718405434 25 908 26 1040
5008 2.3016837100492129 1.1213447356121486 6.3542200254358487 166 154 154 0.14486520215485435 25 914 26 1053
5010 2.4891189431576786 1.2833949495047783 6.1921437186354558 191 195 198 0.78966087771139248 25 923 26 1062 27 1043 28 1081 30 1016 31 1195
5011 -1.0338304057623509 2.8607412199757736 5.7566215854482321 71 52 45 0.3803406943720925 25 958 26 1088
5012 -1.0338304057623509 2.8607412199757736 5.7566215854482321 71 52 45 0.3803406943720925 25 959 26 1089
5013 -0.68839622323759619 2.8983279933031523 5.7194304438390162 40 15 1 0.41756451231617214 23 1369 26 1091 27 934
5014 1.3972217159861477 -3.3203810538315621 7.3998421896917463 93 88 78 1.0853391182323959 25 782 26 1123 27 802
5015 1.3919085657466495 -3.2558306996681821 7.4226108032029385 90 85 81 0.95223346006703036 25 993 26 1126 27 955
5016 -1.5825189449057979 -3.501913504859743 9.0249540584760801 94 87 78 0.32935697948919607 25 999 26 1129 27 810 28 659 30 358 29 82
5017 1.4287658960824428 -2.6808987363029462 7.7026905491476754 36 38 37 0.60303309458769905 25 1005 26 1135 27 973
5018 -1.5129387789237287 -3.034433103224198 9.1155554786900126 104 85 78 0.49450035663109171 25 1010 26 1138 27 825 28 852 30 586 29 209 31 709 32 483 33 550 34 449
5019 1.341512879450951 -0.99786454144627112 8.9157960793581488 30 44 51 0.060334300012746277 25 845 26 1164 27 1008
5020 1.1171368825656121 -0.4720821435612883 9.2386541315094028 170 156 155 0.25883617191296243 25 1046 26 1171 27 1017
5021 2.3443718257346293 1.2060715326144407 6.2949712854605249 156 144 141 0.60548825077242197 25 1169 26 1192 27 1122 28 1137 30 1130
5022 -0.76020366024082242 2.6773499402542291 6.1750129842029464 38 16 1 0.33572054561374226 25 1078 26 1203 27 1056
5023 -0.76020366024082242 2.6773499402542291 6.1750129842029464 38 16 1 0.33572054561374226 25 1079 26 1204 27 1057
5024 -0.75548860012778118 2.9572712917301147 5.597750202802886 61 31 15 0.44040533835491164 25 1086 26 1209 27 1061
5025 1.3234962054854047 -3.3813639863839562 7.4441444683643239 188 178 159 0.85012558065749688 25 992 26 1220 27 949
5026 1.4507365891527235 -2.7497190697612623 7.5620561639168402 54 52 45 0.32341314322024134 25 1115 26 1229 27 968
5027 1.1839425368379555 -0.58325939144569572 9.1805047848644357 64 67 66 1.1807531602003665 25 1139 26 1251 27 1102 29 362
5028 1.3291702734028332 1.0454814842523148 6.7152043188005397 100 63 70 0.77488673057182844 25 1160 26 1268 27 1112 28 1126 30 1065 29 466
5029 1.3230131195167179 1.0419718643783544 6.7393315153888391 100 63 70 0.053626806031734198 25 1161 26 1269 27 1113
5030 2.1090896166461035 0.96576002744267198 6.8256156989528405 72 76 87 0.55618049095044242 23 1599 26 1270 27 1038 28 1129
5031 2.4984808894577628 1.1045602366484748 6.5351929840638379 60 56 56 0.40687190148069935 25 1168 26 1276 28 1135 27 1041 30 1128 29 529 31 1331 32 1058 33 1139
5032 -1.3466568148343359 2.5152927756470174 6.3807704465559123 180 150 96 0.46110839571007833 23 1612 24 1497 25 1172 26 1279
5033 -1.077055465219745 2.5738924931967926 6.2151882425949321 35 16 9 0.44498671771749582 25 1178 26 1284
